cutoff_year,horizon_start,horizon_end,system_id,reaction_id,label,first_edge_year,system_first_year,system_age,system_paper_count,system_recency,system_reaction_degree,reaction_system_count,element_count,text_document,score_popularity,percentile_popularity,score_logistic_topology,percentile_logistic_topology,score_random_forest_topology,percentile_random_forest_topology,score_random_forest_chemistry,percentile_random_forest_chemistry,score_random_forest_hybrid,percentile_random_forest_hybrid,score_logistic_text,percentile_logistic_text,score_logistic_text_hybrid,percentile_logistic_text_hybrid,score_lsa_text_embedding,percentile_lsa_text_embedding,score_pu_logistic_hybrid,percentile_pu_logistic_hybrid,ensemble_score,chemical_element_count,chem_atomic_number_mean,chem_atomic_number_std,chem_atomic_number_range,chem_atomic_mass_mean,chem_atomic_mass_std,chem_atomic_mass_range,chem_electronegativity_mean,chem_electronegativity_std,chem_electronegativity_range,chem_atomic_radius_mean,chem_atomic_radius_std,chem_atomic_radius_range,chem_row_mean,chem_row_std,chem_row_range,chem_group_mean,chem_group_std,chem_group_range,chem_atomic_size_mismatch,chem_vec_mean,chem_vec_std,chem_configurational_entropy_j_mol_k,chem_noble_fraction,chem_platinum_group_fraction,chem_late_transition_fraction,chem_first_row_transition_fraction,chem_oxophilic_fraction,chem_her_family_fraction,chem_oer_family_fraction,chem_orr_family_fraction,chem_co2rr_family_fraction,screen_platinum_group_fraction,screen_critical_transition_fraction,screen_refractory_fraction,screen_abundant_3d_fraction,rxn_active_family_fraction,rxn_noble_fraction,rxn_oxophilic_fraction,rxn_first_row_fraction,empirical_solid_solution_proxy,supply_burden_proxy,abundance_proxy,chemistry_screen_score,chemistry_screen_rank
2025,2026,2028,Co-Cu-Fe-Mn-Ni,HER,0,,2023,2,5,0,1,63,5,"Electrochemical Performance of Synthesized CoCuFeMnNi High Entropy Alloy Nanoparticles in reaction Applications Flower-sphere CoNiCuMnFe/C high-entropy alloy catalysts for enhanced reaction kinetics One dimensional FeCoNiCuMn high entropy alloy nanowires for enhanced reaction Selective dissolution-driven surface reconstruction in nanoporous NiCuFeCoMn high entropy alloy enable efficient reaction Multiple growths of high-entropy alloy nanostructures for energy conversion structures enlarge the surface area and expose more active sites on the surface to boost the electrocatalytic performance. This work investigated reaction ( reaction ) of a remarkable electrocatalyst, made of multiple growths of CoCuFeMnNi high-entropy alloys on the carbon-fiber-paper substrate, served as a working electrode that can achieve 10 mAcm-2 with 277 mV of overpotential in 1 M KOH electrolyte for reaction and remained stable functioning after over 15 hours. The formatio",0.8898385436030111,1.0,0.8988848251253766,1.0,0.1522807057560843,0.9821428571428572,0.3023461695539586,0.7928571428571428,0.1816688699647698,0.9357142857142856,0.6710271496963754,0.9285714285714286,0.8045920613395757,1.0,0.5696953500011456,0.8392857142857143,1.0,0.9714285714285714,0.9388888888888888,5.0,27.0,1.4142135623730951,4.0,58.391128,3.012124178321006,8.607954999999997,1.8139999999999996,0.13484806264830054,0.3599999999999999,1.3699999999999999,0.024494897427831695,0.04999999999999982,4.0,0.0,0.0,9.0,1.4142135623730951,4.0,1.787948717359978,9.0,1.4142135623730951,13.381611358925285,0.0,0.0,0.8,1.0,0.8,0.2,0.8,0.8,0.2,0.0,0.6,0.0,1.0,0.2,0.0,0.8,1.0,0.7893896895177911,0.18,1.0,0.8913169068553373,1
2025,2026,2028,Co-Cu-Fe-Ni-Zn,HER,0,,2021,4,4,0,1,63,5,"Regulating electrolytic Fe0.5CoNiCuZn high entropy alloy electrodes for reaction reactions in alkaline solution Enhancing reaction functionality through anodization and nitridation of compositionally complex alloy Aerosol Assisted Synthesis of Iron Oxide@High Entropy Alloy Core-Shell Nanospheres as Superior Electrocatalyst for the reaction Solid state laser synthesis of high entropy nanomaterials as elecrocatalysts for water electrolysis and biosensing d great interest in electrocatalytic applications. To date, very few materials were systematically developed and tested due to the highly difficult preparation of high-surface-area CCMs. In this work, a surface of a compositionally complex FeCoNiCuZn alloy (CCA) was nitridated with subsequent anodization leading to morphological and compositional modifications. Notably, the electrochemical surface area and surface roughness as well as the electrocatalytic activity of the anodized mater ores the synthesis of high-entropy alloy (HEA) nanoparticles with core-shell structures using hydrogen reduction-assisted ultrasonic spray pyrolysis (USP). The focus is on synthesizing nanoparticles with transition metal based CoCuFeNi and CoCuFeNiZn HEA shells over iron oxide cores. The USP method enabled precise control over particle composition and morphology, resulting in spherical nanoparticles with complex core-shell configurations. The first synthesized particles with a CoCuFeNi scalable seawater electrolysis. Second, the dissertation addresses the limitations of conventional enzymatic glucose sensors, which suffer from enzyme instability, short lifetimes, and dependence on expensive noble metals. It introduces a FeNiCoCuZn high-entropy alloy nanomaterial, also synthesized in situ by CO₂ laser on carbon paper, as a non-enzymatic glucose sensing electrode. The multimetallic surface forms active oxyhydroxide species in alkaline media, enabling direct electrocat",0.861484622477535,0.9964285714285714,0.848292281262402,0.9964285714285714,0.0811817614786612,0.8928571428571429,0.3315888792195278,0.8535714285714285,0.1194356585750736,0.8214285714285714,0.6860380804423566,0.95,0.5848777148681764,0.9571428571428572,0.5949911217300731,0.8714285714285714,0.9655213561878698,0.9285714285714286,0.9186507936507938,5.0,28.0,1.4142135623730951,4.0,60.485319000000004,3.486058685943772,9.564000000000007,1.834,0.09604165762834375,0.26,1.3599999999999999,0.019999999999999928,0.04999999999999982,4.0,0.0,0.0,10.0,1.4142135623730951,4.0,1.4705882352941124,10.0,1.4142135623730951,13.381611358925285,0.0,0.0,0.8,1.0,0.6,0.2,0.6,0.8,0.2,0.0,0.4,0.0,0.8,0.2,0.0,0.6,1.0,0.8371826043660421,0.12,0.8,0.8725476384526698,2
2025,2026,2028,Co-Cu-Fe-Mn-Ni,ORR,0,,2023,2,5,0,1,29,5,"Electrochemical Performance of Synthesized CoCuFeMnNi High Entropy Alloy Nanoparticles in reaction Applications Flower-sphere CoNiCuMnFe/C high-entropy alloy catalysts for enhanced reaction kinetics One dimensional FeCoNiCuMn high entropy alloy nanowires for enhanced reaction Selective dissolution-driven surface reconstruction in nanoporous NiCuFeCoMn high entropy alloy enable efficient reaction Multiple growths of high-entropy alloy nanostructures for energy conversion structures enlarge the surface area and expose more active sites on the surface to boost the electrocatalytic performance. This work investigated reaction ( reaction ) of a remarkable electrocatalyst, made of multiple growths of CoCuFeMnNi high-entropy alloys on the carbon-fiber-paper substrate, served as a working electrode that can achieve 10 mAcm-2 with 277 mV of overpotential in 1 M KOH electrolyte for reaction and remained stable functioning after over 15 hours. The formatio",0.7318105194571123,0.9267857142857144,0.7480067663084016,0.975,0.1537205092177552,0.9857142857142858,0.2526523728753352,0.7142857142857143,0.1856467445097753,0.9392857142857144,0.3411118068890814,0.5964285714285714,0.6349753834325085,0.9785714285714284,0.5696953883795731,0.8428571428571429,1.0,0.9714285714285714,0.8811507936507936,5.0,27.0,1.4142135623730951,4.0,58.391128,3.012124178321006,8.607954999999997,1.8139999999999996,0.13484806264830054,0.3599999999999999,1.3699999999999999,0.024494897427831695,0.04999999999999982,4.0,0.0,0.0,9.0,1.4142135623730951,4.0,1.787948717359978,9.0,1.4142135623730951,13.381611358925285,0.0,0.0,0.8,1.0,0.8,0.2,0.8,0.8,0.2,0.0,0.6,0.0,1.0,0.8,0.0,0.8,1.0,0.7893896895177911,0.18,1.0,0.8653347639981945,3
2025,2026,2028,Co-Cr-Fe-Ni,ORR,0,,2021,4,6,0,2,29,4,"CoCrFeNi High-Entropy Alloy as an Enhanced reaction Catalyst in an Acidic Solution The Effect of Surface Oxygen Coverage on the reaction over a CoFeNiCr High-Entropy Alloy Stable High-Entropy Alloy AlCoCrFeNi2.1 with Anti-Dealloying Effect for Enhanced reaction Performance High Entropy Alloy CoCrFeNiMo Reinforced Electrocatalytic Performance for High‐Efficient Electrocatalytic Water Splitting Enhanced electrocatalytic reaction with CoNiFe(Cr/V) based high entropy alloy electrodes Laser-constructed 3D self-supported CoCu metal-organic framework electrocatalysts for efficient reaction CoCrFeNi High-Entropy Alloy as an Enhanced reaction Catalyst in an Acidic Solution . The Effect of Surface Oxygen Coverage on the reaction over a CoFeNiCr High-Entropy Alloy Developing cost-effective and highly active electrocatalysts for the reaction ( reaction ) is crucial for advancing sustainable energy applications. High-entropy alloys (HEAs) made from earth-abundant transitio Stable High-Entropy Alloy AlCoCrFeNi2.1 with Anti-Dealloying Effect for Enhanced reaction Performance The catalytic performance of reaction ( reaction ) catalysts is influenced by their elemental composition. Aluminum (Al) offers abundant active sites due to High Entropy Alloy CoCrFeNiMo Reinforced Electrocatalytic Performance for High‐Efficient Electrocatalytic Water Splitting Abstract The development of efficient, durable, and affordable electrocatalysts is critical for the advancement of a hydrogen economy, particular nced electrocatalytic reaction with CoNiFe(Cr/V) based high entropy alloy electrodes In this study, the electrocatalytic properties of single-phase face-centered cubic high entropy alloy electrodes with equiatomic compositions of CoNiFeCr, CoNiFeV, and CoNiFe(Cr/V) are explored for the reaction ( reaction ) in 1M KOH and 0.5M H2SO4. Among these, the CoNiFe(Cr/V) High Entropy Alloy (HEA) electrodes exhibited superior performance, achieving overpotentials of 277 a ed outstanding challenges due to their poor conductivity and electrochemical stability. Here, we report a novel and promising self-supported oxygen electrocatalyst featuring bimetallic MOF nanosheets loaded on femtosecond-laser-constructed CoCrFeNi high-entropy alloy substrate (CCM/FHEA). This integrated design leverages synergistic advantages—including expansive specific surface area, rapid electrolyte exchange, and strong electronic interaction—to achieve exceptional oxygen evoluti",0.7728279749719699,0.9642857142857144,0.4854053240275249,0.6857142857142857,0.1873172585569936,0.9964285714285714,0.3908140008956943,0.9357142857142856,0.3018287008229481,1.0,0.4476393976440497,0.6357142857142857,0.275914904861136,0.7571428571428571,0.5973733667748652,0.8821428571428571,0.648622495732222,0.8035714285714286,0.8511904761904763,4.0,26.25,1.479019945774904,4.0,56.36692375,2.800658160360201,6.937094999999999,1.82,0.09669539802906858,0.25,1.375,0.02499999999999991,0.04999999999999982,4.0,0.0,0.0,8.25,1.479019945774904,4.0,1.8181818181818117,8.25,1.479019945774904,11.526292643075523,0.0,0.0,0.75,1.0,1.0,0.25,0.75,0.75,0.0,0.0,0.75,0.25,1.0,0.75,0.0,1.0,1.0,0.8141314031978342,0.22499999999999998,1.0,0.8547751352450645,4
2025,2026,2028,Co-Cu-Fe-Ni-Zn,ORR,0,,2021,4,4,0,1,29,5,"Regulating electrolytic Fe0.5CoNiCuZn high entropy alloy electrodes for reaction reactions in alkaline solution Enhancing reaction functionality through anodization and nitridation of compositionally complex alloy Aerosol Assisted Synthesis of Iron Oxide@High Entropy Alloy Core-Shell Nanospheres as Superior Electrocatalyst for the reaction Solid state laser synthesis of high entropy nanomaterials as elecrocatalysts for water electrolysis and biosensing d great interest in electrocatalytic applications. To date, very few materials were systematically developed and tested due to the highly difficult preparation of high-surface-area CCMs. In this work, a surface of a compositionally complex FeCoNiCuZn alloy (CCA) was nitridated with subsequent anodization leading to morphological and compositional modifications. Notably, the electrochemical surface area and surface roughness as well as the electrocatalytic activity of the anodized mater ores the synthesis of high-entropy alloy (HEA) nanoparticles with core-shell structures using hydrogen reduction-assisted ultrasonic spray pyrolysis (USP). The focus is on synthesizing nanoparticles with transition metal based CoCuFeNi and CoCuFeNiZn HEA shells over iron oxide cores. The USP method enabled precise control over particle composition and morphology, resulting in spherical nanoparticles with complex core-shell configurations. The first synthesized particles with a CoCuFeNi scalable seawater electrolysis. Second, the dissertation addresses the limitations of conventional enzymatic glucose sensors, which suffer from enzyme instability, short lifetimes, and dependence on expensive noble metals. It introduces a FeNiCoCuZn high-entropy alloy nanomaterial, also synthesized in situ by CO₂ laser on carbon paper, as a non-enzymatic glucose sensing electrode. The multimetallic surface forms active oxyhydroxide species in alkaline media, enabling direct electrocat",0.6777065661465951,0.9214285714285714,0.6512150923158909,0.9357142857142856,0.1388690634822352,0.975,0.2315035479182924,0.6857142857142857,0.1676169468586999,0.9178571428571428,0.3567458006940823,0.6035714285714285,0.3731340608110344,0.8392857142857143,0.5949911440229172,0.875,0.6277167181994571,0.7964285714285714,0.838888888888889,5.0,28.0,1.4142135623730951,4.0,60.485319000000004,3.486058685943772,9.564000000000007,1.834,0.09604165762834375,0.26,1.3599999999999999,0.019999999999999928,0.04999999999999982,4.0,0.0,0.0,10.0,1.4142135623730951,4.0,1.4705882352941124,10.0,1.4142135623730951,13.381611358925285,0.0,0.0,0.8,1.0,0.6,0.2,0.6,0.8,0.2,0.0,0.4,0.0,0.8,0.8,0.0,0.6,1.0,0.8371826043660421,0.12,0.8,0.8366547813098126,5
2025,2026,2028,Co-Cr-Cu-Fe-Ni,HER,0,,2022,3,3,0,2,63,5,"Ultrafast synthesis of tetragonal-distorted FeCoNiCuCr high-entropy alloy nanoparticles for enhanced reaction performance Hetero-structured noble metal-free high-entropy alloy CrFeCoNiCu/Mn-based oxide for highly efficient reaction / reaction bifunctional catalysis In Situ Synthesis and Microfabrication of High Entropy Alloy and Oxide Compounds by Femtosecond Laser Direct Writing under Ambient Conditions icable to a large family of oxides and alloys. The process is conducted at room temperature and in an open atmosphere. To demonstrate, a large family of 57 MMOs and alloys are synthesized from a group of 13 elements. As a proof of concept, Ni0.24Co0.23Cu0.24Fe0.15Cr0.14 high entropy alloy synthesized on stainless‐steel foil by FsLDW is used for the reaction , which achieves a current density of 10 mA cm−2 at a significantly low overpotential of 213 mV. Further, FsLDW can also achieve micro",0.8187546221687015,0.9785714285714284,0.3796190395431261,0.6410714285714286,0.0412278911268019,0.7625,0.3900893967837123,0.9285714285714286,0.202974953786166,0.9678571428571427,0.7584936965938672,0.9678571428571427,0.1375667042683214,0.5428571428571428,0.4952640870645018,0.625,0.2762266446649195,0.5714285714285714,0.7761904761904761,5.0,26.8,1.7204650534085253,5.0,57.802738999999995,3.8106706277877125,11.549900000000001,1.8359999999999999,0.09221713506718801,0.25,1.3699999999999999,0.024494897427831695,0.04999999999999982,4.0,0.0,0.0,8.8,1.7204650534085253,5.0,1.787948717359978,8.8,1.7204650534085253,13.381611358925285,0.0,0.0,0.8,1.0,0.8,0.2,0.6,0.8,0.2,0.0,0.6,0.2,1.0,0.2,0.0,0.8,1.0,0.8192313388245698,0.18,1.0,0.8270551159330852,6
2025,2026,2028,Co-Fe-Mn-Ni,HER,0,,2019,6,2,0,2,63,4,"Novel and promising electrocatalyst for reaction based on MnFeCoNi high entropy alloy Surface Nanostructures of Pt-Compositionally Complex Alloy Single-Crystal Model Catalyst Surfaces for Improved reaction : Machine-Learning-Assisted Exploration e space of possible synthesis conditions to minimize the experimental workload. The reaction activity and durability of the Pt/CCA/Pt(111) model catalyst surfaces (synthesized through vacuum deposition on a Pt(111) substrate of nonequiatomic Cr-Mn-Fe-Co-Ni or Mn-Fe-Co-Ni alloy (111) lattice stacking layers, followed by a surface Pt(111) layer) depend upon the alloy composition and synthesis temperature: the model catalyst surfaces synthesized with specific combinations of these two parameter",0.7495347567472388,0.9464285714285714,0.2935400126976658,0.5,0.1110001059890943,0.925,0.4274831132595643,0.9571428571428572,0.2046648238582054,0.9714285714285714,0.7950800950505402,0.9964285714285714,0.1348235138974025,0.5392857142857143,0.561550328319279,0.825,0.2632742898550436,0.5535714285714286,0.8015873015873016,4.0,26.5,1.118033988749895,3.0,57.10241,1.7427405614182776,3.9951499999999953,1.7925,0.14289419162443232,0.3599999999999999,1.375,0.02499999999999991,0.04999999999999982,4.0,0.0,0.0,8.5,1.118033988749895,3.0,1.8181818181818117,8.5,1.118033988749895,11.526292643075523,0.0,0.0,0.75,1.0,1.0,0.25,1.0,0.75,0.0,0.0,0.75,0.0,1.0,0.25,0.0,1.0,1.0,0.7817922476810796,0.22499999999999998,1.0,0.8227519600186097,7
2025,2026,2028,Co-Fe-Mn-Ni-V,OER,0,,2024,1,3,0,2,63,5,"Noble metal-free FeCoNiMnV high entropy alloy anchored on N-doped carbon nanotubes with prominent activity and durability for reaction and zinc–air batteries Nanoscale Raspberry-like Ni–Fe–Co–Mn–V high-entropy alloy electrocatalysts: A pathway to ultrlow overpotential reaction High-entropy intermetallic/N-doped carbon nanocages with abundant fine carbon nanotubes for greatly enhancing reaction in zinc-air battery gh-efficiency and stable reaction ( reaction ) electrocatalysts is critical for practical applications in zinc-air batteries, yet it is still challenging to achieve optimal catalytic activity through structural engineering. Here, CoFeVMnNi high-entropy intermetallic alloy/N-doped carbon nanocages (CoFeVMnNi HEI/CNCs) with abundant carbon nanotubes were fabricated by a one-step pyrolysis method. The structural and electronic properties of the material were characterized by mu",0.8187546221687015,0.9785714285714284,0.3772181758165284,0.6321428571428571,0.1228622772160137,0.9464285714285714,0.6397646316100355,1.0,0.2691909760518497,0.9857142857142858,0.7903166002204255,0.9785714285714284,0.2143087727839374,0.6714285714285714,0.6244345126486976,0.9035714285714286,0.4108100557739683,0.6571428571428571,0.8615079365079366,5.0,25.8,1.7204650534085253,5.0,55.870228,2.915957073762575,7.991695,1.7600000000000002,0.14338758663147935,0.3599999999999999,1.3699999999999999,0.024494897427831695,0.04999999999999982,4.0,0.0,0.0,7.8,1.7204650534085253,5.0,1.787948717359978,7.8,1.7204650534085253,13.381611358925285,0.0,0.0,0.6,1.0,1.0,0.2,0.8,0.6,0.0,0.0,0.8,0.2,0.8,0.8,0.0,1.0,1.0,0.7834120227295659,0.24,0.8,0.8187021782474413,8
2025,2026,2028,Co-Cr-Fe-Mo-Ni,ORR,0,,2020,5,9,0,2,29,5,"Microwave sintered porous CoCrFeNiMo high entropy alloy as an efficient electrocatalyst for alkaline reaction Surface Modified CoCrFeNiMo High Entropy Alloys for reaction in Alkaline Seawater Fast joule heating synthesis of NiCoFeCrMo high-entropy alloy embedded in graphene for reaction Construction of high-entropy oxy/hydroxides with dense nanosheet array structures on FeCoNiCrMo electrode for efficient reaction Preparation and Electrocatalytic reaction Performance of FeCoNiCrMo High-Entropy Alloy Porous Electrode with Different Pore-Forming Agent Content Magnetron-sputtered FeCoNiCrMo high-entropy alloy thin films for efficient reaction in alkaline electrolytes High Entropy Alloy CoCrFeNiMo Reinforced Electrocatalytic Performance for High‐Efficient Electrocatalytic Water Splitting Mechanical alloyed FeCoNiMoM (M=Cr, Cu) high-entropy alloy powders as electrocatalysts for reaction Development of High-Performance High Entropy Alloy Electrocatalysts for Alkaline Water Electrolysis Using Cold and Warm Spray Processes Surface Modified CoCrFeNiMo High Entropy Alloys for reaction in Alkaline Seawater Electrolysis of seawater is a promising technique to desalinate seawater and produce high-purity hydrogen production for freshwater and renewable energy, respectively. Construction of high-entropy oxy/hydroxides with dense nanosheet array structures on FeCoNiCrMo electrode for efficient reaction The high-entropy alloy (HEA) films prepared by magnetron sputtering on 3D substrates have excellent ability to release bubbles, good electrical conductivity, and abundant active sites, whic High Entropy Alloy CoCrFeNiMo Reinforced Electrocatalytic Performance for High‐Efficient Electrocatalytic Water Splitting Abstract The development of efficient, durable, and affordable electrocatalysts is critical for the advancement of a hydrogen economy, particularly Mechanical alloyed FeCoNiMoM (M=Cr, Cu) high-entropy alloy powders as electrocatalysts for reaction Here, micron-sized high-entropy alloy (HEA) electrocatalysts (FeCoNiMoCr, Cr-HEA; FeCoNiMoCu, Cu-HEA) with dual-phase heterostructures were fabricated by mechanical alloying and subsequently loaded onto nickel foam (NF) to form the working electrode, exhibiting excellent reaction ( reaction ) performan ed as promising candidates for electrode materials. Their unique elemental compositions could deliver synergistic effects and improving electrocatalytic performance, chemical stability, and structural resilience. In this study, FeCoNiCrMn, FeCoNiCrMo, and FeCoNiCrTi HEA electrocatalysts were fabricated using cold spray and warm spray solid-state deposition techniques. These scalable, industry-relevant methods enable the one-step production of high-performance electrodes while preservin",0.8500729346209318,0.9928571428571428,0.7923140406511509,0.9928571428571428,0.2615603771775986,1.0,0.2082302975277589,0.6071428571428571,0.1795690156130086,0.9285714285714286,0.4739567150359454,0.6678571428571428,0.5079782158355503,0.9321428571428572,0.7133225578810446,0.9821428571428572,0.9271478829084828,0.9214285714285714,0.8916666666666665,5.0,29.4,6.437390775772433,18.0,64.281539,16.02621250099611,43.9439,1.888,0.1611707169432463,0.5000000000000002,1.3900000000000001,0.037416573867739354,0.09999999999999987,4.2,0.39999999999999997,1.0,7.8,1.6,4.0,2.6918398465999536,7.8,1.6,13.381611358925285,0.0,0.0,0.6,0.8,1.0,0.4,0.6,0.6,0.0,0.0,0.6,0.4,0.8,0.6,0.0,1.0,0.8,0.7122109081107306,0.18,0.8,0.8169132724332191,9
2025,2026,2028,Co-Fe-Ga-Ni-Zn,HER,0,,2020,5,2,4,1,63,5,"Low Cost, Easy Scalable High Entropy Alloy (HEA) FeCoNiZnGa for High-Efficiency reaction ( reaction ) Low-cost high entropy alloy (HEA) for high-efficiency reaction ( reaction ) Low Cost, Easy Scalable High Entropy Alloy (HEA) FeCoNiZnGa for High-Efficiency reaction ( reaction ) reaction ( reaction ) is the key step involved both in water splitting devices as well as in rechargeable metal-air batteries and there is an urgent requirement for a highly sta evolution reaction ( reaction ) is the key step involved both in water splitting devices and rechargeable metal-air batteries, and hence, there is an urgent need for a stable and low-cost material for efficient reaction . In the present investigation, Co−Fe−Ga−Ni−Zn (CFGNZ) high entropy alloy (HEA) has been utilized as a low-cost electrocatalyst for reaction . Herein, after cyclic voltammetry activation, CFGNZ-nanoparticles (NPs) are covered with oxidized surface and form high entropy (oxy) hydroxides (HEOs",0.7495347567472388,0.9464285714285714,0.7573195298370159,0.9785714285714284,0.1046891293256016,0.9178571428571428,0.3369031390842645,0.8571428571428571,0.1103254290306489,0.8,0.6639167636328559,0.9035714285714286,0.6160948034599885,0.9714285714285714,0.498312401160401,0.6428571428571429,1.0,0.9714285714285714,0.8876984126984128,5.0,28.4,1.8547236990991407,5.0,61.720718999999995,5.081317586674151,13.878,1.816,0.09024411338142783,0.26,1.35,0.03162277660168375,0.09999999999999987,4.0,0.0,0.0,10.4,1.8547236990991407,5.0,2.3424278964210186,8.4,3.006659275674582,13.381611358925285,0.0,0.0,0.6,0.8,0.6,0.2,0.6,0.6,0.0,0.0,0.4,0.0,0.6,0.2,0.0,0.6,0.8,0.7845713073656343,0.12,0.6,0.812835677923976,10
2025,2026,2028,Co-Fe-Ni-V,OER,0,,2025,0,1,0,1,63,4,"Enhanced electrocatalytic reaction with CoNiFe(Cr/V) based high entropy alloy electrodes rocatalytic reaction with CoNiFe(Cr/V) based high entropy alloy electrodes In this study, the electrocatalytic properties of single-phase face-centered cubic high entropy alloy electrodes with equiatomic compositions of CoNiFeCr, CoNiFeV, and CoNiFe(Cr/V) are explored for the reaction ( reaction ) in 1M KOH and 0.5M H2SO4. Among these, the CoNiFe(Cr/V) High Entropy Alloy (HEA) electrodes exhibited superior performance, achieving overpotentials of 277 and 45 mV",0.6264053635068966,0.7875,0.5752644060743946,0.8089285714285714,0.02938434692698,0.6517857142857143,0.5448480563826009,0.9892857142857144,0.1473741963561043,0.9035714285714286,0.6472071721805805,0.85,0.6049232190916658,0.9678571428571427,0.4776630802044966,0.5642857142857143,1.0,0.9714285714285714,0.8327380952380952,4.0,26.0,1.8708286933869707,5.0,56.10327374999999,3.2182224071787187,7.991695,1.8125,0.10917302780449026,0.28,1.3624999999999998,0.02165063509461089,0.04999999999999982,4.0,0.0,0.0,8.0,1.8708286933869707,5.0,1.5890374381365793,8.0,1.8708286933869707,11.526292643075523,0.0,0.0,0.75,1.0,1.0,0.25,0.75,0.75,0.0,0.0,0.75,0.25,0.75,0.75,0.0,1.0,1.0,0.8202914470579792,0.22499999999999998,0.75,0.8108195769745367,11
2025,2026,2028,Co-Cu-Fe-Mn-Ni-Zn,OER,0,,2025,0,1,0,1,63,6,Unveiling the impact of Al and Cr alloying on structure and reaction performance of CoCuZnMnNiFe high-entropy alloy nanoparticles,0.6264053635068966,0.7875,0.5426545168160604,0.7375,0.0622588874041123,0.8589285714285714,0.4761907726619611,0.975,0.1379233071136677,0.8678571428571429,0.6403586591343248,0.8321428571428572,0.2465035085332953,0.7321428571428571,0.487253357015269,0.5928571428571429,0.5224637197117689,0.7392857142857143,0.7914682539682539,6.0,27.5,1.707825127659933,5.0,59.56077333333334,3.794877391558771,10.470955000000004,1.7866666666666664,0.13743685418725532,0.3599999999999999,1.3666666666666665,0.0235702260395515,0.04999999999999982,4.0,0.0,0.0,9.5,1.707825127659933,5.0,1.7246506858208417,9.5,1.707825127659933,14.897517127344186,0.0,0.0,0.6666666666666666,1.0,0.6666666666666666,0.16666666666666666,0.6666666666666666,0.6666666666666666,0.16666666666666666,0.0,0.5,0.0,0.8333333333333334,0.6666666666666666,0.0,0.6666666666666666,1.0,0.7916919074905666,0.15,0.8333333333333334,0.8036682865328842,12
2025,2026,2028,Cr-Cu-Fe-Mn-Ni,HER,0,,2023,2,1,2,1,63,5,Facile synthesis of a NiMnFeCrCu high entropy alloy for electrocatalytic reaction reactions,0.6264053635068966,0.7875,0.6070612593272128,0.8714285714285714,0.0355531986306805,0.6892857142857143,0.340006739405891,0.8678571428571429,0.0790531528686158,0.5964285714285714,0.624679100172395,0.75,0.2967640643452489,0.7821428571428571,0.4675257300459955,0.525,0.5990244593625326,0.7857142857142857,0.739484126984127,5.0,26.4,1.8547236990991407,5.0,57.003709,3.907488948381556,11.549900000000001,1.77,0.14184498581197713,0.3599999999999999,1.3800000000000001,0.024494897427831695,0.04999999999999982,4.0,0.0,0.0,8.4,1.8547236990991407,5.0,1.7749925672341806,8.4,1.8547236990991407,13.381611358925285,0.0,0.0,0.6,1.0,0.8,0.2,0.6,0.6,0.2,0.0,0.6,0.2,1.0,0.2,0.0,0.8,1.0,0.7853339930613943,0.18,1.0,0.8003680550612755,13
2025,2026,2028,Co-Cr-Fe-Mn-Ni-V,HER,0,,2022,3,1,3,1,63,6,"Carbothermal Shock Synthesis of High Entropy Oxide Catalysts: Dynamic Structural and Chemical Reconstruction Boosting the Catalytic Activity and Stability toward reaction oparticles upon use in aqueous electrolytes. Herein, an in situ synthesis of non‐noble metal high entropy oxide (HEO) catalysts on carbon fibers by rapid Joule heating and quenching is reported. Different compositions of ternary to senary (FeNiCoCrMnV) HEO nanoparticles show higher activity towards catalyzing the reaction ( reaction ) compared to a noble metal IrO2 catalyst. The synthesized HEO also show two orders of magnitude higher stability than IrO2, due to stronger carbide",0.6264053635068966,0.7875,0.6160865413328848,0.8964285714285715,0.0539876223816889,0.825,0.2150641885378728,0.6428571428571429,0.0595352874523134,0.4607142857142857,0.6689147279631299,0.9214285714285714,0.4910886346850294,0.9214285714285714,0.5452959067023875,0.7892857142857143,0.8422392243839509,0.8857142857142857,0.7922619047619048,6.0,25.5,1.707825127659933,5.0,55.22454,3.0282398099790027,7.991695,1.7433333333333334,0.13609637108395733,0.3599999999999999,1.375,0.024999999999999908,0.04999999999999982,4.0,0.0,0.0,7.5,1.707825127659933,5.0,1.8181818181818115,7.5,1.707825127659933,14.897517127344186,0.0,0.0,0.5,1.0,1.0,0.16666666666666666,0.6666666666666666,0.5,0.0,0.0,0.8333333333333334,0.3333333333333333,0.8333333333333334,0.16666666666666666,0.0,1.0,1.0,0.7865507220594121,0.25,0.8333333333333334,0.7924830737606807,14
2025,2026,2028,Co-Cu-Fe-Ni,ORR,0,,2024,1,2,0,2,29,4,"Descriptor-Guided Design of Mo-Doped FeCoNiCu High-Entropy Alloy Electrocatalysts Surpassing Pt for Alkaline reaction Aerosol Assisted Synthesis of Iron Oxide@High Entropy Alloy Core-Shell Nanospheres as Superior Electrocatalyst for the reaction Descriptor-Guided Design of Mo-Doped FeCoNiCu High-Entropy Alloy Electrocatalysts Surpassing Pt for Alkaline reaction High Resolution Image Download MS PowerPoint Slide High-entropy alloys (HEAs) offer an immense compositional playground for electrocatalyst discovery. Yet, t is study explores the synthesis of high-entropy alloy (HEA) nanoparticles with core-shell structures using hydrogen reduction-assisted ultrasonic spray pyrolysis (USP). The focus is on synthesizing nanoparticles with transition metal based CoCuFeNi and CoCuFeNiZn HEA shells over iron oxide cores. The USP method enabled precise control over particle composition and morphology, resulting in spherical nanoparticles with complex core-shell configurations. The first synthesized particles",0.5037648985160553,0.6196428571428572,0.1163965672956005,0.4142857142857143,0.0976324080825584,0.9071428571428573,0.3388762700810244,0.8642857142857143,0.2717735850926693,0.9892857142857144,0.4083353891624354,0.6071428571428571,0.0460629842312468,0.35,0.5113533451760627,0.6928571428571428,0.1009927140418328,0.3821428571428571,0.647420634920635,4.0,27.5,1.118033988749895,3.0,59.25439875,2.7595168314407306,7.7010000000000005,1.88,0.03082207001484482,0.07999999999999985,1.3624999999999998,0.02165063509461089,0.04999999999999982,4.0,0.0,0.0,9.5,1.118033988749895,3.0,1.5890374381365793,9.5,1.118033988749895,11.526292643075523,0.0,0.0,1.0,1.0,0.75,0.25,0.75,1.0,0.25,0.0,0.5,0.0,1.0,1.0,0.0,0.75,1.0,0.875137117510731,0.15,1.0,0.788880420967505,15
2025,2026,2028,Co-Cu-Ni-Pt-Ru,OER,0,,2022,3,2,1,1,63,5,"Rational Design and Synthesis of Adjustable Pt and Pt-Based 3D-Nanoframeworks Ultrasmall high-entropy alloy nanoparticles on hierarchical N-doped carbon nanocages for tremendous electrocatalytic reaction n reaction. Moreover, the addition of the Pt element could decrease the reduction temperature of other metals (Ni, Fe, Co, Cu, Ru, etc.) via the autocatalytic behavior, and thus the Pt-based multimetallic (such as PtNi, PtCo, and PtFe) and PtCoNiCuRu HEA 3D-nanoframeworks are first designed and successfully prepared with a single-phase solid solution under low thermal decomposition temperatures (300 °C) in a H 2 atmosphere. HEAs) are promising candidates for the electrocatalyst of reaction ( reaction ) due to their unique properties such as cocktail electronic effect and lattice distortion effect. Herein, the ultrasmall (sub-2 nm) nanoparticles of PtRuCoNiCu HEA with uniform element distribution are highly dispersed on hierarchical N-doped carbon nanocages (hNCNC) via low-temperature thermal reduction, denoted as us-HEA/hNCNC. The optimal us-HEA/hNCNC exhibits excellent reaction performance in 0.5",0.7495347567472388,0.9464285714285714,0.6998275241513718,0.9678571428571427,0.10126273163331,0.9142857142857144,0.2132216133109509,0.6285714285714286,0.0881058065286833,0.6607142857142857,0.6666430720145595,0.9142857142857144,0.619776551744228,0.975,0.5572528831826682,0.8071428571428572,1.0,0.9714285714285714,0.8650793650793651,5.0,41.2,19.425756098540926,51.0,95.465319,52.270272793642896,136.3906,2.034,0.17036431551237485,0.3999999999999999,1.34,0.020000000000000018,0.050000000000000044,4.6,0.8,2.0,9.6,1.0198039027185568,3.0,1.492537313432837,9.6,1.0198039027185568,13.381611358925285,0.4,0.4,1.0,0.6,0.4,0.6,0.6,0.8,0.2,0.4,0.4,0.0,0.6,0.6,0.4,0.4,0.6,0.7837300537682033,0.39999999999999997,0.6,0.7744047304161753,16
2025,2026,2028,Co-Cr-Fe-Mn,HER,0,,2021,4,1,4,1,63,4,Corrosion engineering boosting bulk Fe50Mn30Co10Cr10 high-entropy alloy as high-efficient alkaline reaction electrocatalyst,0.6264053635068966,0.7875,0.6702814533910275,0.9464285714285714,0.0309133829651631,0.6607142857142857,0.2829606865754196,0.7642857142857142,0.1041958091384206,0.7678571428571429,0.6040614701688771,0.6821428571428572,0.1591491858319062,0.5785714285714286,0.3985084045232899,0.2357142857142857,0.3522352192409358,0.625,0.6720238095238095,4.0,25.5,1.118033988749895,3.0,55.428084999999996,2.473776185872016,6.937094999999999,1.73,0.13209844813622904,0.32999999999999985,1.3875000000000002,0.02165063509461089,0.04999999999999982,4.0,0.0,0.0,7.5,1.118033988749895,3.0,1.5604061329449286,7.5,1.118033988749895,11.526292643075523,0.0,0.0,0.5,1.0,1.0,0.0,0.75,0.5,0.0,0.0,0.75,0.25,1.0,0.0,0.0,1.0,1.0,0.8061046876632192,0.22499999999999998,1.0,0.7717421205846801,17
2025,2026,2028,Co-Fe-Mn-Ni-Pt,HER,0,,2023,2,2,1,2,63,5,"The Elements Selection of High Entropy Alloy Guided by Thermodynamics and the Enhanced Electrocatalytic Mechanism for reaction MOF-mediated synthesis of novel PtFeCoNiMn high-entropy nano-alloy as bifunctional oxygen electrocatalysts for zinc-air battery ract Owing to their exceptional properties, high‐entropy alloys (HEAs) have received considerable attention in the field of electrocatalysis. However, few studies focus on the origin of their outstanding performance. Here, carbon‐supported PtFeCoNiMn (with an atomic ratio of 21:20:20:20:19) HEA nanoparticles via shock‐heating and shock‐cooling strategy are rationally designed and successfully prepared. The above five metal elements are rationally selected from the perspective of thermo MOF-mediated synthesis of novel PtFeCoNiMn high-entropy nano-alloy as bifunctional oxygen electrocatalysts for zinc-air battery High-entropy alloy (HEA)-based materials are expected to be promising oxygen electrocatalysts due to their exceptional properties. The electronic structur",0.7495347567472388,0.9464285714285714,0.2906712699657491,0.4964285714285714,0.066040719739269,0.8642857142857143,0.3546901074762157,0.8785714285714286,0.1717550267732062,0.9214285714285714,0.7923070985511609,0.9857142857142858,0.2133302351255107,0.6678571428571428,0.6115691625358408,0.8964285714285715,0.432140557225208,0.6892857142857143,0.8162698412698411,5.0,36.8,20.62425756239482,53.0,84.698728,55.21464284372422,140.14595500000001,1.89,0.2331523107327053,0.7299999999999998,1.3699999999999999,0.024494897427831695,0.04999999999999982,4.4,0.7999999999999999,2.0,8.8,1.1661903789690602,3.0,1.787948717359978,8.8,1.1661903789690602,13.381611358925285,0.2,0.2,0.8,0.8,0.8,0.4,0.8,0.8,0.0,0.2,0.6,0.0,0.8,0.4,0.2,0.8,0.8,0.7205767158587078,0.31999999999999995,0.8,0.7714944433290409,18
2025,2026,2028,Co-Fe-Ni-Pt-Ru,OER,0,,2024,1,2,0,1,63,5,"A catalyst family of high-entropy alloy atomic layers with square atomic arrangements comprising iron- and platinum-group metals Precision Size Control of 1-Nm High-Entropy Alloy Nanoparticles Via Autocatalytic Reduction for reaction Electrocatalysis num-group metals (PGMs). Ten distinct quinary compositions of IGM-PGM-HEA with precisely controlled square atomic arrangements are used to explore their impact on reaction ( reaction ) and hydrogen oxidation reaction (HOR). The PtRuFeCoNi atomic layers perform enhanced catalytic activity and durability toward reaction and HOR when benchmarked against the other IGM-PGM-HEA and commercial Pt/C catalysts. Operando synchrotron x-ray absorption spectroscopy and density functional the t and Ru significantly lower the reduction temperature of Fe(III), Co(II), and Ni(II), enabling the simultaneous reduction of multimetal precursors at a peak temperature of 189 oC. The electronic structures and coordination environments of PtRuFeCoNi HEA nanoparticles were also analyzed using synchrotron X-ray absorption spectroscopy (XAS), confirming the distinct orbital hybridizations of the HEA nanoparticles. These findings underscore the fine-tuned electronic structure and strongly",0.7495347567472388,0.9464285714285714,0.675231779794557,0.9535714285714286,0.0431026552221013,0.7714285714285715,0.4037286847427048,0.9392857142857144,0.1328043443011663,0.8571428571428571,0.6601080551354873,0.8964285714285715,0.7614729913949422,0.9964285714285714,0.531928780385784,0.7678571428571429,1.0,0.9714285714285714,0.8999999999999999,5.0,40.6,19.8353220291479,52.0,93.925119,53.291599266014195,139.239,2.0200000000000005,0.18319388636087175,0.44999999999999973,1.3499999999999999,0.03162277660168375,0.09999999999999987,4.6,0.8,2.0,9.0,0.8944271909999159,2.0,2.342427896421019,9.0,0.8944271909999159,13.381611358925285,0.4,0.4,1.0,0.6,0.6,0.6,0.8,0.8,0.0,0.4,0.4,0.0,0.6,0.8,0.4,0.6,0.6,0.7195064662800236,0.39999999999999997,0.6,0.770851939884007,19
2025,2026,2028,Co-Cu-Ni-Pd-Pt,HER,0,,2021,4,3,0,1,63,5,"Synthesis of monodisperse high entropy alloy nanocatalysts from core@shell nanoparticles Quinary, Senary, and Septenary High Entropy Alloy Nanoparticle Catalysts from Core@Shell Nanoparticles and the Significance of Intraparticle Heterogeneity High-Temperature Synthesis of High-Entropy Alloy PtPd_CoNiCu Nanoparticles as a Catalyst for the reaction ty HEA NPs was demonstrated by preparing PdCu@PtNiCo NPs via seed-mediated co-reduction, wherein Pt, Ni, and Co were co-deposited on PdCu seeds in solution. These multimetallic NPs were then converted to single-crystalline and single-phase PdCuPtNiCo NPs through annealing. On account of their small particle size, highly dispersed Pt/Pd content, and low elemental diffusivity, these HEA NPs were found to be a highly efficient and durable catalyst for the reaction . They w mistic simulations. The quinary HEA NPs were found to be durable catalysts for the reaction , with all but the PdCuPtNiIr NPs presenting better activities than commercial Pt. Density functional theory (DFT) calculations for PdCuPtNiCo and PdCuPtNiIr surfaces (the two extremes in performance) found agreement with experiment by weighting the adsorption energy contributions by the probabilities of each active site based on their DFT energies. This finding highlights how in High-Temperature Synthesis of High-Entropy Alloy PtPd_CoNiCu Nanoparticles as a Catalyst for the reaction The aim of this work was high-temperature synthesis of PtPdCoNiCu/C nanoparticles with high-entropy alloy (HEA) structure as catalysts for reaction . The materials were synthesized using a highly dispersed PtPd/C support, which was impregnated with Cu, Ni, and Co precursors followed by th",0.8187546221687015,0.9785714285714284,0.7750234557106934,0.9857142857142858,0.0565881613827374,0.8357142857142857,0.3593129755064713,0.8857142857142857,0.0956324448759105,0.7,0.6793623087531246,0.9464285714285714,0.4759729473591925,0.9107142857142856,0.4664888893105969,0.5142857142857142,0.8255235996183361,0.8678571428571429,0.8472222222222222,5.0,41.6,19.499743588057765,51.0,96.535319,52.42857079171475,136.3906,2.034,0.17036431551237485,0.3999999999999999,1.36,0.019999999999999928,0.04999999999999982,4.6,0.8,2.0,10.0,0.6324555320336759,2.0,1.4705882352941122,10.0,0.6324555320336759,13.381611358925285,0.4,0.4,1.0,0.6,0.4,0.6,0.4,1.0,0.4,0.4,0.4,0.0,0.6,0.6,0.4,0.4,0.6,0.7851567438472203,0.39999999999999997,0.6,0.7667970231541661,20
2025,2026,2028,Co-Cu-Fe-Ni-Pd,OER,0,,2023,2,1,2,1,63,5,"Synthesis of high-entropy alloy nanoparticles using microwave-assisted reduction and investigation of their enhanced electrochemical reaction activity en mixing. Herein, HEA nanoparticles (NPs) containing Fe, Co, Ni, Cu, and Pd were successfully synthesized on reduced graphene oxide (rGO) by microwave-assisted reduction. Compared with the corresponding monometallic catalysts, the quinary FeCoNiCuPd/rGO demonstrated greater electrocatalytic activity toward the acidic reaction . Density functional theory calculations revealed that modification of the d-band center and the hydrogen affinity induced by multielemental mi",0.6264053635068966,0.7875,0.6095726194348902,0.8857142857142857,0.0216764163964244,0.575,0.2773680464934023,0.7571428571428571,0.0797047161443887,0.6035714285714285,0.6294458829397247,0.7821428571428571,0.3647289375076785,0.8285714285714286,0.506628164182007,0.6821428571428572,0.6402828796501756,0.8,0.7446428571428572,5.0,31.2,7.467261881037788,20.0,68.687519,19.027006520160864,50.575,1.9439999999999997,0.13093509842666334,0.3700000000000001,1.3699999999999999,0.024494897427831695,0.04999999999999982,4.2,0.39999999999999997,1.0,9.6,1.0198039027185568,3.0,1.787948717359978,9.6,1.0198039027185568,13.381611358925285,0.2,0.2,1.0,0.8,0.6,0.4,0.6,1.0,0.4,0.2,0.4,0.0,0.8,0.6,0.2,0.6,0.8,0.7921287644729371,0.26,0.8,0.7667279150561668,21
2025,2026,2028,Co-Cu-Fe-Mo-Ni,ORR,0,,2024,1,5,0,2,29,5,"High-entropy alloy catalysts of FeCoNiCuMo/C with high stability for efficient reaction Designing Nanoporous Non-noble High Entropy Alloys as Efficient Catalysts for the reaction Mechanical alloyed FeCoNiMoM (M=Cr, Cu) high-entropy alloy powders as electrocatalysts for reaction Interface Engineering Effected Charge Redistribution within High Entropy Alloy‐Metal Heterostructured Catalyst Enables High Performance Anion Exchange Membrane Water Electrolysis Preparation of FeCoNiMoCu High-Entropy Alloy Thin Film Electrode and Its Water Splitting Performance ean energy; however, the application of hydrogen energy is limited by the prohibitively expensive commercial Pt/C catalyst for the reaction ( reaction ). In this work, we designed non-noble high entropy alloy (HEA) catalysts of FeCoNiCuMo with diversified active centers, which have an excellent catalytic performance for reaction . Density functional theory calculations indicate that Fe, Co, and Ni sites with strong adsorption of H* could facilitate water splitting, while Cu and M Mechanical alloyed FeCoNiMoM (M=Cr, Cu) high-entropy alloy powders as electrocatalysts for reaction Here, micron-sized high-entropy alloy (HEA) electrocatalysts (FeCoNiMoCr, Cr-HEA; FeCoNiMoCu, Cu-HEA) with dual-phase heterostructures were fabricated by mechanical alloying and subsequently loaded onto nickel foam (NF) to form the working electrode, exhibiting excellent reaction ( reaction ) performance. Specifically, t e of the versatile active sites and multiple synergies between constituent elements of HEA and interfacial electronic interactions between HEA and metal, are promising bifunctional catalysts for high‐performance water electrolysis. Here, a FeCoNiCuMo HEA‐Mo heterostructured catalyst is synthesized, through supersaturation‐induced phase separation, for both anode and cathode of an AEMWE. The catalyst exhibits outstanding reaction ( reaction ) (η 10 /η 500 of 24/140 mV) and o Preparation of FeCoNiMoCu High-Entropy Alloy Thin Film Electrode and Its Water Splitting Performance High-entropy alloy (HEA) thin films have attracted considerable attention owing to their multi-element synergistic effects, high stability, tunable electronic struc",0.7318105194571123,0.9267857142857144,0.3452345864747037,0.6142857142857143,0.1391591914575332,0.9785714285714284,0.1836647970946558,0.5464285714285714,0.124273732131183,0.8321428571428572,0.4738964816781668,0.6642857142857143,0.1811414947845936,0.625,0.685124258271642,0.975,0.348267215103643,0.6214285714285714,0.7537698412698413,5.0,30.4,5.885575587824865,16.0,66.59151899999999,14.880365612653607,40.095,1.936,0.11534296684236978,0.33000000000000007,1.3800000000000001,0.03999999999999994,0.09999999999999987,4.2,0.39999999999999997,1.0,8.8,1.7204650534085253,5.0,2.8985507246376763,8.8,1.7204650534085253,13.381611358925285,0.0,0.0,0.8,0.8,0.8,0.4,0.6,0.8,0.2,0.0,0.4,0.2,0.8,0.8,0.0,0.8,0.8,0.7308541261088922,0.12,0.8,0.7664526664040962,22
2025,2026,2028,Co-Fe-Mo-Ni,HER,0,,2022,3,1,3,1,63,4,"High-Entropy Alloy with Mo-Coordination as Efficient Electrocatalyst for reaction ate-of-the-art reaction catalysts face a dilemma of high content of noble metals and low reaction activities. Herein, a strategy for achieving efficient and stable high-entropy alloy (HEA) catalysts by Mo-coordination is reported. The earth-abundant FeCoNiMo HEA catalyst provides an overpotential as low as 250 mV at the current density of 10 mA cm –2 in alkaline medium, which is 89 mV lower than that of state-of-the-art IrO 2 . The turnover frequency of 0.051 s –1 at the overpotential of 300 m",0.6264053635068966,0.7875,0.6468677942229993,0.9267857142857144,0.0112157557648928,0.4053571428571428,0.4474669951649402,0.9678571428571427,0.1149171338063989,0.8178571428571428,0.6289424832508115,0.7785714285714286,0.7078059311245148,0.9892857142857144,0.443454865607843,0.3928571428571428,1.0,0.9714285714285714,0.7819444444444446,4.0,30.75,6.53356717268599,16.0,67.35289875,16.54941404821496,40.095,1.945,0.12737739202857004,0.33000000000000007,1.3875000000000002,0.041457809879442434,0.09999999999999987,4.25,0.4330127018922193,1.0,8.25,1.479019945774904,4.0,2.987950261581436,8.25,1.479019945774904,11.526292643075523,0.0,0.0,0.75,0.75,1.0,0.5,0.75,0.75,0.0,0.0,0.5,0.25,0.75,0.5,0.0,1.0,0.75,0.7166190585772076,0.15,0.75,0.7643607175731624,23
2025,2026,2028,Co-Cr-Fe-Mn-Ni,CO2RR,0,,2021,4,16,0,3,1,5,"Novel self-supporting thin film electrodes of FeCoNiCrMn high entropy alloy for excellent reaction An amorphous FeCoNiMnCr high-entropy alloy supported by 2H-MoS 2 on carbon cloth as a highly efficient and robust electrocatalyst for reaction Enhancement of reaction performance of FeCoNiCrMn high entropy alloy thin film electrodes through in-situ reconstruction Fabrication and characterisation of CrMnFeCoNi high entropy alloy electrocatalyst for reaction Ultrafast laser synthesis of sub-10 nm FeCoNiMnCr high-entropy alloy nanoparticles for enhanced reaction catalysis Comparing the Activity of Complex Solid Solution Electrocatalysts Using Inflection Points of Voltammetric Activity Curves as Activity Descriptors Laser-generated high entropy metallic glass nanoparticles as bifunctional electrocatalysts FeCoNiMnCr High-Entropy Alloy Nanoparticle-Grafted NCNTs with Promising Performance in the Ohmic Polarization Region of Fuel Cells High entropy alloying strategy for accomplishing quintuple-nanoparticles grafted carbon towards exceptional high-performance overall seawater splitting Experimental study platform for electrocatalysis of atomic-level controlled high-entropy alloy surfaces Unveiling the potential of (CoFeNiMnCr)3O4 high-entropy oxide synthesized from CoFeNiMnCr high-entropy alloy for efficient oxygen-evolution reaction Enhanced reaction Activity on the Melamine-Modified Pt-High-Entropy Alloy Single-Crystal Lattice Stacking Surface Revealing Dynamic Surface and Subsurface Reconstruction of High-Entropy Alloy Electrocatalysts during the reaction at the Atomic Scale Bifunctional high-entropy alloy electrocatalysts for stable overall water splitting at industrial-level current densities Surface Nanostructures of Pt-Compositionally Complex Alloy Single-Crystal Model Catalyst Surfaces for Improved reaction : Machine-Learning-Assisted Exploration Development of High-Performance High Entropy Alloy Electrocatalysts for Alkaline Water Electrolysis Using Cold and Warm Spray Processes An amorphous FeCoNiMnCr high-entropy alloy supported by 2H-MoS 2 on carbon cloth as a highly efficient and robust electrocatalyst for reaction Novel electrocatalysts with amorphous FeCoNiMnCr HEA supported by 2H-MoS 2 on carbon cloth (FeCoNiMnCr@MoS2-CC) h ine for systematic composition optimization. Further, the effect of phase stability on specific surface site groups as induced by degradation of the CSS phase or oxidation can be monitored. These concepts are experimentally evaluated using Cr–Mn–Fe–Co–Ni as a model system. Nanoparticles are synthesized with systematically varied compositions by means of scalable laser ablation synthesis using a multinary target. The composition is optimized with respect to the electrocatalytic activity for thetic approaches to obtain colloidal HEMG NPs for applications in energy conversion and storage are highly desirable. We utilized pulsed laser ablation of bulk high entropy alloy targets in acetonitrile to generate colloidal carbon-coated CrCoFeNiMn and CrCoFeNiMnMo HEMG NPs. An in-depth analysis of the structure and elemental distribution of the obtained nanoparticles down to single-particle levels using advanced transmission electron microscopy (TEM), energy-dispersive X-ray spectro FeCoNiMnCr High-Entropy Alloy Nanoparticle-Grafted NCNTs with Promising Performance in the Ohmic Polarization Region of Fuel Cells We report a user-friendly methodology for the successful designing of targeted single-phased face-centered cubic (fcc) High entropy alloying strategy for accomplishing quintuple-nanoparticles grafted carbon towards exceptional high-performance overall seawater splitting . Herein, we report a practically viable FeCoNiMnCr HEA nanoparticles system grafted on a conductive carbon matrix for promising seawater electrolysis. The comprehensive kinetics analysis of the reaction ( reaction ), reaction ( reaction ), and chlorine evolution react microstructural fundamentals of electrocatalysis, i.e., the detailed relationship between multi-component alloy surface microstructures and their catalytic properties. Nanometre-thick epitaxially stacking layers of Pt and equi-atomic-ratio Cr-Mn-Fe-Co-Ni, the so-called Cantor alloy, were synthesised on low-index single-crystal Pt substrates (Pt/Cr-Mn-Fe-Co-Ni/Pt(hkl)) as a Pt-based single-crystal alloy surface model for reaction ( reaction ) electrocatalysis. The usefulness of th Unveiling the potential of (CoFeNiMnCr)3O4 high-entropy oxide synthesized from CoFeNiMnCr high-entropy alloy for efficient oxygen-evolution reaction Abstract Electrochemical water-splitting is a promising green technology for the production of hydrogen. One of the bottlenecks, Enhanced reaction Activity on the Melamine-Modified Pt-High-Entropy Alloy Single-Crystal Lattice Stacking Surface We investigated the enhancement behaviors of reaction ( reaction ) properties for Pt/Cr–Mn–Fe–Co–Ni (Cantor alloy)/Pt(111) and (110) lattice stacking surfaces in 0.1 M HClO 4 by varying melamine concentrations from 0.01 to 10 μM using a rotating disk electrode method. The reaction activity and structural stability of the Pt surfaces are surel d their surface composition. Herein, we combine atom probe tomography and transmission electron microscopy with online and offline inductively coupled plasma mass spectrometry to unveil the surface and subsurface reconstructions of a model CrMnFeCoNi Cantor alloy electrocatalyst during the reaction . We reveal that the Cantor alloy suffers from dissolution once in contact with the electrolyte, whereby the surface is deficit in Cr, Mn, and Co before the reaction . At the onset of the reaction cycling, t Bifunctional high-entropy alloy electrocatalysts for stable overall water splitting at industrial-level current densities A scalable plasma-spraying approach affords the FeCoNiCrMn high-entropy alloy catalyst with robust bifunctional reaction / reaction activity and industrial-grade stability, bridging lab innovation and large-scale hydrogen production. arge space of possible synthesis conditions to minimize the experimental workload. The reaction activity and durability of the Pt/CCA/Pt(111) model catalyst surfaces (synthesized through vacuum deposition on a Pt(111) substrate of nonequiatomic Cr-Mn-Fe-Co-Ni or Mn-Fe-Co-Ni alloy (111) lattice stacking layers, followed by a surface Pt(111) layer) depend upon the alloy composition and synthesis temperature: the model catalyst surfaces synthesized with specific combinations of these two parameter ) have emerged as promising candidates for electrode materials. Their unique elemental compositions could deliver synergistic effects and improving electrocatalytic performance, chemical stability, and structural resilience. In this study, FeCoNiCrMn, FeCoNiCrMo, and FeCoNiCrTi HEA electrocatalysts were fabricated using cold spray and warm spray solid-state deposition techniques. These scalable, industry-relevant methods enable the one-step production of high-performance electrodes whi",0.2044208489292578,0.3857142857142857,0.5486134264312003,0.7428571428571429,0.0298182760454557,0.6571428571428571,0.1845570474441381,0.5535714285714286,0.1247065174259329,0.8357142857142857,0.1183099019400073,0.3821428571428571,0.2875268346291731,0.775,0.7675177899311346,0.9964285714285714,0.4825242049552944,0.7107142857142857,0.6710317460317461,5.0,26.0,1.4142135623730951,4.0,56.081148,2.569361792762163,6.937094999999999,1.766,0.1383618444514238,0.3599999999999999,1.3800000000000001,0.024494897427831695,0.04999999999999982,4.0,0.0,0.0,8.0,1.4142135623730951,4.0,1.7749925672341806,8.0,1.4142135623730951,13.381611358925285,0.0,0.0,0.6,1.0,1.0,0.2,0.8,0.6,0.0,0.0,0.8,0.2,1.0,0.0,0.0,1.0,1.0,0.7877721920137817,0.24,1.0,0.7642959433184202,24
2025,2026,2028,Co-Fe-Ni-Pd-Pt,HER,0,,2022,3,3,0,2,63,5,"High-entropy alloy nanoparticles as a promising electrocatalyst to enhance activity and durability for reaction Morphological, structural and compositional evolution of PtPdFeCoNi high-entropy alloy nanoparticles towards bifunctional oxygen electrocatalysis Breaking the symmetry of high-entropy alloy surfaces for compressively strain-tuned reaction large-scale commercialization of fuel cells. Although progress has been made in this aspect, the electrochemical kinetics and stability of platinum-based catalysts are still far from the requirements of the practical applications. Herein, PtPdFeCoNi high-entropy alloy (HEA) nanoparticles were demonstrated via a high-temperature injection method. PtPdFeCoNi HEA nanocatalyst exhibits outstanding catalytic activity and stability towards reaction due to the high entropy, lattice distortion, an Morphological, structural and compositional evolution of PtPdFeCoNi high-entropy alloy nanoparticles towards bifunctional oxygen electrocatalysis benchmark electrocatalysts. The reaction and reaction activity of the HEA nanoparticles do not change significantly after prolonged electrochemical cycling (3000 cycles). ndant terrace-type defects for reaction ( reaction ) electrocatalysis. The asymmetry-triggered release of surface stress enables the modulation of compressive strain for optimizing the electronic structure. On the optimally-tuned PtPdFeCoNi HEA NRs, we achieve mass and specific activities of 0.99 A mg-1platinum group metal (PGM) and 1.32 mA cm-2PGM at 0.95 V versus reversible hydrogen electrode (vs. RHE), demonstrating a competitive performance. Experimental and theoretical i",0.8187546221687015,0.9785714285714284,0.3796190395431261,0.6410714285714286,0.0412278911268019,0.7625,0.6161639730987054,0.9964285714285714,0.2545858144938783,0.9821428571428572,0.7918169787306709,0.9821428571428572,0.2374626353264579,0.7107142857142857,0.6422424407747013,0.9428571428571428,0.4991445593025286,0.7285714285714285,0.8583333333333333,5.0,41.0,19.91983935678197,52.0,94.995119,53.47769813360934,139.239,2.02,0.18319388636087175,0.44999999999999973,1.3699999999999999,0.024494897427831695,0.04999999999999982,4.6,0.8,2.0,9.4,0.7999999999999999,2.0,1.787948717359978,9.4,0.7999999999999999,13.381611358925285,0.4,0.4,1.0,0.6,0.6,0.6,0.6,1.0,0.2,0.4,0.4,0.0,0.6,0.6,0.4,0.6,0.6,0.7555476129189912,0.39999999999999997,0.6,0.7629142838756974,25
2025,2026,2028,Co-Cr-Ni-Pt,HER,0,,2024,1,1,1,1,63,4,"Rational Design of Nitrogen‐Doped Low Pt-Loading Electrocatalysts for Fuel Cells: Binary to High-Entropy Alloys and Intermetallics which met the target under the M2FCT 90K AST protocols for HDV applications. Recently, we extended our strategy to multi-elemental systems; under the DOE L’Innovator project, we applied the N-doping and structural ordering to a quaternary PtCoNiCr system. The resultant Int-PtCoNiCrN/C catalyst showed much improved reaction activity and durability in MEA testing operating at 160ºC compared to those of commercial Pt catalysts, demonstrating that the N-doped intermetallic quaternary catalys",0.6264053635068966,0.7875,0.5979622617382132,0.8517857142857143,0.0176728492209443,0.4946428571428571,0.3689610355887865,0.9107142857142856,0.1043067869338831,0.7714285714285715,0.7034612012673573,0.9642857142857144,0.5528316788029041,0.9392857142857144,0.5064698996614259,0.6714285714285714,0.9936143841028074,0.9357142857142856,0.8140873015873016,4.0,39.25,22.42069356643545,54.0,91.17667374999999,60.05550516651714,143.0879,1.9325,0.22264040513797126,0.6199999999999999,1.3624999999999998,0.02165063509461089,0.04999999999999982,4.5,0.8660254037844386,2.0,8.75,1.6393596310755,4.0,1.5890374381365793,8.75,1.6393596310755,11.526292643075523,0.25,0.25,0.75,0.75,0.75,0.5,0.5,0.75,0.0,0.25,0.75,0.25,0.75,0.5,0.25,0.75,0.75,0.7408642829245425,0.39999999999999997,0.75,0.7610985705916484,26
2025,2026,2028,Co-Cr-Ni-Pt,OER,0,,2024,1,1,1,1,63,4,"Rational Design of Nitrogen‐Doped Low Pt-Loading Electrocatalysts for Fuel Cells: Binary to High-Entropy Alloys and Intermetallics which met the target under the M2FCT 90K AST protocols for HDV applications. Recently, we extended our strategy to multi-elemental systems; under the DOE L’Innovator project, we applied the N-doping and structural ordering to a quaternary PtCoNiCr system. The resultant Int-PtCoNiCrN/C catalyst showed much improved reaction activity and durability in MEA testing operating at 160ºC compared to those of commercial Pt catalysts, demonstrating that the N-doped intermetallic quaternary catalys",0.6264053635068966,0.7875,0.6004935046612725,0.8589285714285714,0.020219554968408,0.5482142857142858,0.3682119549270086,0.9071428571428573,0.0966069178009067,0.7035714285714286,0.6993714633355976,0.9607142857142856,0.5561184454311073,0.9428571428571428,0.5064699192482687,0.675,0.9980085078094388,0.9392857142857144,0.8136904761904762,4.0,39.25,22.42069356643545,54.0,91.17667374999999,60.05550516651714,143.0879,1.9325,0.22264040513797126,0.6199999999999999,1.3624999999999998,0.02165063509461089,0.04999999999999982,4.5,0.8660254037844386,2.0,8.75,1.6393596310755,4.0,1.5890374381365793,8.75,1.6393596310755,11.526292643075523,0.25,0.25,0.75,0.75,0.75,0.5,0.5,0.75,0.0,0.25,0.75,0.25,0.75,0.5,0.25,0.75,0.75,0.7408642829245425,0.39999999999999997,0.75,0.7609199991630771,27
2025,2026,2028,Co-Cr-Fe-Ni-V,HER,0,,2025,0,1,0,1,63,5,"Electronic Structure Modulation Coupled with Vacancy Defect Engineering in FeCoNiCrV High-Entropy Alloy Electrocatalyst for Enhanced reaction Electronic Structure Modulation Coupled with Vacancy Defect Engineering in FeCoNiCrV High-Entropy Alloy Electrocatalyst for Enhanced reaction Strategic engineering of composition and defects in high-entropy alloy (HEA) catalysts represents a critical frontier for advancing catalytic technologies, yet this",0.6264053635068966,0.7875,0.5564232091858533,0.7625,0.0234162024630583,0.6125,0.3731640321872668,0.9178571428571428,0.103638894190908,0.7642857142857142,0.6151223325690087,0.7071428571428572,0.3707956156026235,0.8357142857142857,0.3689206348021349,0.15,0.7950580260646387,0.8535714285714285,0.7101190476190475,5.0,25.6,1.854723699099141,5.0,55.281839000000005,3.3143000111160728,7.991695,1.782,0.11513470371699405,0.28,1.3699999999999999,0.024494897427831695,0.04999999999999982,4.0,0.0,0.0,7.6,1.8547236990991407,5.0,1.787948717359978,7.6,1.8547236990991407,13.381611358925285,0.0,0.0,0.6,1.0,1.0,0.2,0.6,0.6,0.0,0.0,0.8,0.4,0.8,0.2,0.0,1.0,1.0,0.8031890407697055,0.24,0.8,0.756510283659483,28
2025,2026,2028,Co-Cu-Ni-Pd-Pt,OER,0,,2021,4,3,0,1,63,5,"Synthesis of monodisperse high entropy alloy nanocatalysts from core@shell nanoparticles Quinary, Senary, and Septenary High Entropy Alloy Nanoparticle Catalysts from Core@Shell Nanoparticles and the Significance of Intraparticle Heterogeneity High-Temperature Synthesis of High-Entropy Alloy PtPd_CoNiCu Nanoparticles as a Catalyst for the reaction ty HEA NPs was demonstrated by preparing PdCu@PtNiCo NPs via seed-mediated co-reduction, wherein Pt, Ni, and Co were co-deposited on PdCu seeds in solution. These multimetallic NPs were then converted to single-crystalline and single-phase PdCuPtNiCo NPs through annealing. On account of their small particle size, highly dispersed Pt/Pd content, and low elemental diffusivity, these HEA NPs were found to be a highly efficient and durable catalyst for the reaction . They w mistic simulations. The quinary HEA NPs were found to be durable catalysts for the reaction , with all but the PdCuPtNiIr NPs presenting better activities than commercial Pt. Density functional theory (DFT) calculations for PdCuPtNiCo and PdCuPtNiIr surfaces (the two extremes in performance) found agreement with experiment by weighting the adsorption energy contributions by the probabilities of each active site based on their DFT energies. This finding highlights how in High-Temperature Synthesis of High-Entropy Alloy PtPd_CoNiCu Nanoparticles as a Catalyst for the reaction The aim of this work was high-temperature synthesis of PtPdCoNiCu/C nanoparticles with high-entropy alloy (HEA) structure as catalysts for reaction . The materials were synthesized using a highly dispersed PtPd/C support, which was impregnated with Cu, Ni, and Co precursors followed by th",0.8187546221687015,0.9785714285714284,0.7768559237740112,0.9892857142857144,0.1624929664732952,0.9892857142857144,0.1710617500333707,0.5142857142857142,0.0925122241690414,0.6928571428571428,0.6750937163577357,0.9392857142857144,0.4792925409513667,0.9178571428571428,0.4664888997172784,0.5178571428571429,0.8308216603820915,0.8714285714285714,0.8234126984126985,5.0,41.6,19.499743588057765,51.0,96.535319,52.42857079171475,136.3906,2.034,0.17036431551237485,0.3999999999999999,1.36,0.019999999999999928,0.04999999999999982,4.6,0.8,2.0,10.0,0.6324555320336759,2.0,1.4705882352941122,10.0,0.6324555320336759,13.381611358925285,0.4,0.4,1.0,0.6,0.4,0.6,0.4,1.0,0.4,0.4,0.4,0.0,0.6,0.4,0.4,0.4,0.6,0.7851567438472203,0.39999999999999997,0.6,0.7560827374398804,29
2025,2026,2028,Co-Cr-Cu-Fe-Mn-Ni,HER,0,,2025,0,1,0,1,63,6,"Synthesis and characterization of individual high-entropy alloy particles for electrocatalytic reaction atalysts. Despite a rapidly growing number of publications in this area, characterization of HEA electrocatalytic activity and stability remains challenging. In this paper, we report rapid and scalable microwave-shock assisted synthesis of FeCoNiCuMnCr HEA and its characterization at a single particle level. HEA particles synthesized on HOPG without additional reagents or pre-/post-treatments exhibited a significant activity toward reaction in 0.1 M NaOH. Individual micrometer-siz",0.6264053635068966,0.7875,0.5400375119641653,0.7267857142857143,0.0089770331830122,0.3160714285714285,0.2178656948219,0.6464285714285715,0.0541164869995558,0.4178571428571428,0.6216268921629919,0.725,0.2805521511717774,0.7678571428571429,0.4893219420516476,0.6142857142857143,0.6227581810898601,0.7892857142857143,0.6434523809523811,6.0,26.5,1.707825127659933,5.0,57.325289999999995,3.6387905407211423,11.549900000000001,1.7883333333333333,0.13582055154586223,0.3599999999999999,1.375,0.024999999999999908,0.04999999999999982,4.0,0.0,0.0,8.5,1.707825127659933,5.0,1.8181818181818115,8.5,1.707825127659933,14.897517127344186,0.0,0.0,0.6666666666666666,1.0,0.8333333333333334,0.16666666666666666,0.6666666666666666,0.6666666666666666,0.16666666666666666,0.0,0.6666666666666666,0.16666666666666666,1.0,0.16666666666666666,0.0,0.8333333333333334,1.0,0.7867437957360786,0.19999999999999998,1.0,0.7555767101493951,30
2025,2026,2028,Co-Cu-Fe-Ir-Ni,ORR,0,,2022,3,3,2,2,29,5,"Facile Synthesis of FeCoNiCuIr High Entropy Alloy Nanoparticles for Efficient reaction Electrocatalysis Understanding the Structural Evolution of IrFeCoNiCu High-Entropy Alloy Nanoparticles under the Acidic reaction FeCoNiCuIr High-Entropy Alloy Catalysts for reaction Reactions with Improved Desorption Behavior by Tuning Antibonding Orbital Filling Facile Synthesis of FeCoNiCuIr High Entropy Alloy Nanoparticles for Efficient reaction Electrocatalysis The lack of an efficient and stable electrocatalyst for reaction ( reaction ) greatly hinders the development of various electrochemical energy conv Understanding the Structural Evolution of IrFeCoNiCu High-Entropy Alloy Nanoparticles under the Acidic reaction High-entropy alloy (HEA) nanoparticles are promising catalyst candidates for the acidic reaction ( reaction ). Herein, we report the synthesis of IrFeCoN FeCoNiCuIr High-Entropy Alloy Catalysts for reaction Reactions with Improved Desorption Behavior by Tuning Antibonding Orbital Filling Proton-exchange membrane water electrolysis (PEMWE) demands highly efficient and stable electrocatalysts",0.6046236309460021,0.6482142857142857,0.1977399848889779,0.4392857142857143,0.1173021506548279,0.9428571428571428,0.3743540463870325,0.9214285714285714,0.2932776386415595,0.9964285714285714,0.4270697249636958,0.6142857142857143,0.1052271805164742,0.4964285714285714,0.5259692442002512,0.7428571428571429,0.2300140727373934,0.5321428571428571,0.7037698412698413,5.0,37.4,19.825236442474022,51.0,85.846919,53.24228093818901,136.372,1.9439999999999997,0.13093509842666334,0.3700000000000001,1.3599999999999999,0.019999999999999928,0.04999999999999982,4.4,0.7999999999999999,2.0,9.4,1.0198039027185568,3.0,1.4705882352941124,9.4,1.0198039027185568,13.381611358925285,0.2,0.2,1.0,0.8,0.6,0.4,0.8,0.8,0.2,0.2,0.4,0.0,0.8,0.8,0.2,0.6,0.8,0.8127571958072184,0.26,0.8,0.754523587313594,31
2025,2026,2028,Co-Cu-Mn-Ni-Ru,OER,0,,2024,1,1,1,1,63,5,"MOF-Derived High Entropy Alloy Electrocatalyst with Low Amount of Noble Metal for Alkaline reaction sts, which has many advantages for electrocatalysis like high stability, tunability of element composition and ratio, various active sites, etc., while their synthesis methods usually require harsh consition. In this research, we introduce CoNiCuMnRu/C high entropy alloy electrocatalyst for alkaline reaction , synthesized by using metal-organic frame work template as a precursor, followed by ion exchange method and pyrolysis. CoNiCuMnRu/C shows very low reaction overpotent",0.6264053635068966,0.7875,0.5845201721795854,0.8375,0.0199434737456827,0.5339285714285714,0.4352585411481699,0.9642857142857144,0.1020494480704664,0.75,0.6455118489013069,0.8464285714285714,0.3164390709232426,0.7928571428571428,0.5361142498811312,0.7785714285714286,0.5657359848461805,0.775,0.7851190476190477,5.0,30.6,6.829348431585549,19.0,67.436128,17.037063612771593,46.13195499999999,1.8880000000000003,0.20604853797103248,0.6500000000000001,1.3499999999999999,0.03162277660168375,0.09999999999999987,4.2,0.39999999999999997,1.0,9.0,1.4142135623730951,4.0,2.342427896421019,9.0,1.4142135623730951,13.381611358925285,0.2,0.2,0.8,0.8,0.6,0.4,0.8,0.6,0.2,0.2,0.6,0.0,0.8,0.8,0.2,0.6,0.8,0.7035082101529111,0.31999999999999995,0.8,0.7523560344744449,32
2025,2026,2028,Co-Cr-Fe-Mn-Ni-Pt,HER,0,,2025,0,1,0,2,63,6,Data-Driven PtFeCoNiMnCr High-Entropy Alloy Nanoparticles as Bifunctional Oxygen Catalysts for Zinc–Air Batteries Data-Driven PtFeCoNiMnCr High-Entropy Alloy Nanoparticles as Bifunctional Oxygen Catalysts for Zinc–Air Batteries High-entropy alloys (HEAs) with a high degree of order offer the advantages of high catalytic activity and high stability as electrocatalysts for zinc,0.6264053635068966,0.7875,0.1740494514741133,0.4321428571428571,0.0474982371767379,0.8107142857142857,0.2945217786507703,0.7857142857142857,0.1251593647988879,0.8392857142857143,0.8378474294821856,1.0,0.2188580345133088,0.6785714285714286,0.7242157498186346,0.9892857142857144,0.1946479884209254,0.4964285714285714,0.7577380952380953,6.0,34.666666666666664,19.422209509276286,54.0,79.24829,51.85637561823273,143.0879,1.8516666666666666,0.22944982506470168,0.7299999999999998,1.375,0.024999999999999908,0.04999999999999982,4.333333333333333,0.7453559924999298,2.0,8.333333333333334,1.4907119849998596,4.0,1.8181818181818115,8.333333333333334,1.4907119849998596,14.897517127344186,0.16666666666666666,0.16666666666666666,0.6666666666666666,0.8333333333333334,0.8333333333333334,0.3333333333333333,0.6666666666666666,0.6666666666666666,0.0,0.16666666666666666,0.6666666666666666,0.16666666666666666,0.8333333333333334,0.3333333333333333,0.16666666666666666,0.8333333333333334,0.8333333333333334,0.721203304272891,0.31666666666666665,0.8333333333333334,0.7506764674723436,33
2025,2026,2028,Al-Cr-Fe-Ni,HER,0,,2023,2,2,2,1,63,4,"Strain-engineering-regulated Al0.6CrFe2Ni2 high entropy alloy enhances electrocatalytic reaction Enhancing the reaction Performance of Bulk Al1.2CrFe2Ni2 High Entropy Alloy Through Deep Cryogenic Treatment Enhancing the reaction Performance of Bulk Al1.2CrFe2Ni2 High Entropy Alloy Through Deep Cryogenic Treatment Owing to the distinctive physical and chemical characteristics of high entropy alloys (HEAs), their application in electrocatalysis has become a possibility. However, selecting appropriat",0.7495347567472388,0.9464285714285714,0.7282007241409632,0.9714285714285714,0.0863600671859852,0.8964285714285715,0.3169831205663712,0.825,0.1101416393167465,0.7964285714285714,0.6278931695403255,0.7642857142857142,0.4206550384973449,0.8714285714285714,0.4283360441135415,0.3428571428571428,0.8359513178258006,0.8821428571428571,0.8107142857142856,4.0,22.75,5.80409338312195,15.0,48.37900965,12.580369332159107,31.711861399999997,1.7525,0.12214233500306106,0.2999999999999998,1.35,0.061237243569579415,0.1499999999999999,3.75,0.4330127018922193,1.0,9.25,2.5860201081971503,7.0,4.5360921162651415,6.75,2.5860201081971503,11.526292643075523,0.0,0.0,0.5,0.75,0.75,0.25,0.5,0.5,0.0,0.0,0.5,0.25,0.75,0.25,0.0,0.75,0.75,0.6196543779406232,0.15,0.75,0.7482177419536153,34
2025,2026,2028,Co-Cu-Ni-Pt-Ru,ORR,0,,2022,3,2,1,1,29,5,"Rational Design and Synthesis of Adjustable Pt and Pt-Based 3D-Nanoframeworks Ultrasmall high-entropy alloy nanoparticles on hierarchical N-doped carbon nanocages for tremendous electrocatalytic reaction n reaction. Moreover, the addition of the Pt element could decrease the reduction temperature of other metals (Ni, Fe, Co, Cu, Ru, etc.) via the autocatalytic behavior, and thus the Pt-based multimetallic (such as PtNi, PtCo, and PtFe) and PtCoNiCuRu HEA 3D-nanoframeworks are first designed and successfully prepared with a single-phase solid solution under low thermal decomposition temperatures (300 °C) in a H 2 atmosphere. HEAs) are promising candidates for the electrocatalyst of reaction ( reaction ) due to their unique properties such as cocktail electronic effect and lattice distortion effect. Herein, the ultrasmall (sub-2 nm) nanoparticles of PtRuCoNiCu HEA with uniform element distribution are highly dispersed on hierarchical N-doped carbon nanocages (hNCNC) via low-temperature thermal reduction, denoted as us-HEA/hNCNC. The optimal us-HEA/hNCNC exhibits excellent reaction performance in 0.5",0.5037648985160553,0.6196428571428572,0.4351305976069702,0.6785714285714286,0.1115972086491783,0.9285714285714286,0.3902019752250631,0.9321428571428572,0.2462680776203374,0.9785714285714284,0.3410521765588376,0.5928571428571429,0.4046011556122658,0.8642857142857143,0.5572528986298589,0.8107142857142857,0.7746169029575417,0.8392857142857143,0.8049603174603175,5.0,41.2,19.425756098540926,51.0,95.465319,52.270272793642896,136.3906,2.034,0.17036431551237485,0.3999999999999999,1.34,0.020000000000000018,0.050000000000000044,4.6,0.8,2.0,9.6,1.0198039027185568,3.0,1.492537313432837,9.6,1.0198039027185568,13.381611358925285,0.4,0.4,1.0,0.6,0.4,0.6,0.6,0.8,0.2,0.4,0.4,0.0,0.6,0.8,0.4,0.4,0.6,0.7837300537682033,0.39999999999999997,0.6,0.7473511589876038,35
2025,2026,2028,Co-Cr-Fe-Mn-Mo-Ni,HER,0,,2021,4,1,4,2,63,6,"Laser-generated high entropy metallic glass nanoparticles as bifunctional electrocatalysts es to obtain colloidal HEMG NPs for applications in energy conversion and storage are highly desirable. We utilized pulsed laser ablation of bulk high entropy alloy targets in acetonitrile to generate colloidal carbon-coated CrCoFeNiMn and CrCoFeNiMnMo HEMG NPs. An in-depth analysis of the structure and elemental distribution of the obtained nanoparticles down to single-particle levels using advanced transmission electron microscopy (TEM), energy-dispersive X-ray spectroscopy (EDX), X-ra",0.6264053635068966,0.7875,0.2422175684757494,0.4535714285714285,0.1341091065638104,0.9678571428571427,0.4209414178436144,0.95,0.1411553387062422,0.8857142857142857,0.7939641256637012,0.9928571428571428,0.0878256925454607,0.4607142857142857,0.5018443465744815,0.6535714285714286,0.1309777643061758,0.4357142857142857,0.7319444444444445,6.0,28.666666666666668,6.101001739241042,18.0,62.724289999999996,15.038551398962653,43.9439,1.8316666666666668,0.193685024947436,0.6100000000000001,1.3916666666666668,0.03435921354681378,0.09999999999999987,4.166666666666667,0.37267799624996495,1.0,7.666666666666667,1.4907119849998596,4.0,2.468925524321948,7.666666666666667,1.4907119849998596,14.897517127344186,0.0,0.0,0.5,0.8333333333333334,1.0,0.3333333333333333,0.6666666666666666,0.5,0.0,0.0,0.6666666666666666,0.3333333333333333,0.8333333333333334,0.3333333333333333,0.0,1.0,0.8333333333333334,0.7039403234558682,0.19999999999999998,0.8333333333333334,0.7455570970367604,36
2025,2026,2028,Co-Cr-Fe-Ni-Pt,OER,0,,2024,1,1,1,1,63,5,"Vacancy induced microstrain in high-entropy alloy film for sustainable hydrogen production under universal pH conditions Vacancy induced microstrain in high-entropy alloy film for sustainable hydrogen production under universal pH conditions A novel vacancy-induced microstrain engineering strategy is developed in FeCoNiCrPt high-entropy alloy, enabling high activity and long lifetime reaction under universal pH conditions.",0.6264053635068966,0.7875,0.5845201721795854,0.8375,0.0199434737456827,0.5339285714285714,0.4762625220607164,0.9785714285714284,0.1265515100152238,0.8428571428571429,0.6118243816249224,0.6928571428571428,0.5673018044890444,0.9464285714285714,0.354323614432049,0.1071428571428571,1.0,0.9714285714285714,0.7442460317460317,5.0,36.6,20.742227459942676,54.0,84.110339,55.54334620673014,143.0879,1.9120000000000001,0.20331256724560823,0.6199999999999999,1.3699999999999999,0.024494897427831695,0.04999999999999982,4.4,0.7999999999999999,2.0,8.6,1.4966629547095764,4.0,1.787948717359978,8.6,1.4966629547095764,13.381611358925285,0.2,0.2,0.8,0.8,0.8,0.4,0.6,0.8,0.0,0.2,0.6,0.2,0.8,0.6,0.2,0.8,0.8,0.7414645362996757,0.31999999999999995,0.8,0.745350075175617,37
2025,2026,2028,Co-Fe-Ni-Pt-Rh,OER,0,,2021,4,1,4,1,63,5,"Sub-2 nm Ultrasmall High-Entropy Alloy Nanoparticles for Extremely Superior Electrocatalytic reaction ogen production still remains a formidable challenge, especially in acidic media. Here, we report ultrasmall high-entropy alloy (us-HEA) nanoparticles (NPs) with the best-level performance for reaction ( reaction ). The us-HEA (NiCoFePtRh) NPs show an average diameter of 1.68 nm, which is the smallest size in the reported HEAs. The atomic structure, coordinational structure, and electronic structure of the us-HEAs were comprehensively clarified. The us-HEA/C achieves an ultra",0.6264053635068966,0.7875,0.657873890440714,0.9410714285714286,0.0315652703369831,0.6660714285714285,0.3376444503762731,0.8607142857142858,0.0971453318542557,0.7142857142857143,0.6318291231638972,0.7964285714285714,0.6527847005174311,0.9821428571428572,0.4884127312324902,0.6035714285714285,1.0,0.9714285714285714,0.8136904761904762,5.0,40.8,19.873600579663464,52.0,94.292219,53.3458468261555,139.239,2.036,0.20085815890822054,0.44999999999999973,1.3599999999999999,0.019999999999999928,0.04999999999999982,4.6,0.8,2.0,9.2,0.7483314773547882,2.0,1.4705882352941124,9.2,0.7483314773547882,13.381611358925285,0.4,0.4,1.0,0.6,0.6,0.6,0.6,0.8,0.0,0.4,0.4,0.0,0.6,0.6,0.4,0.6,0.6,0.7638110534701283,0.39999999999999997,0.6,0.7453040303267527,38
2025,2026,2028,Co-Fe-Mn-Ni-W,HER,0,,2023,2,1,2,1,63,5,"Highly Stable Single-Phase FeCoNiMnX (X = Cr, Mo, W) High-Entropy Alloy Catalysts with Submicrometer Size for Efficient reaction -entropy alloys (HEAs) are promising reaction catalysts. However, their catalytic properties have not been proven because of the lack of a facile method to synthesize small-sized homogeneous HEA particles. Here, submicrometer-sized single-phase FeCoNiMnW HEA particles were prepared by electrochemical metallization in 900 s (at 900 °C). FeCoNiMnW shows the best reaction activity (η = 355 mV at 500 mA cm –2 ) and durability of the three HEAs because the large total density of states of FeCoNiMnW",0.6264053635068966,0.7875,0.6070612593272128,0.8714285714285714,0.0355531986306805,0.6892857142857143,0.1903177809410329,0.575,0.0539617901167497,0.4107142857142857,0.6494494998498253,0.8642857142857143,0.5721621245339672,0.9535714285714286,0.4679517944097135,0.5357142857142857,1.0,0.9714285714285714,0.7398809523809524,5.0,36.0,19.026297590440446,49.0,82.449928,50.71899437856419,128.901955,1.906,0.2605071975973024,0.8099999999999998,1.3699999999999999,0.024494897427831695,0.04999999999999982,4.4,0.7999999999999999,2.0,8.0,1.4142135623730951,4.0,1.787948717359978,8.0,1.4142135623730951,13.381611358925285,0.0,0.0,0.6,0.8,1.0,0.4,0.8,0.6,0.0,0.0,0.8,0.2,0.8,0.4,0.0,1.0,0.8,0.7014282950534898,0.24,0.8,0.7393749170874755,39
2025,2026,2028,Co-Cr-Fe-Mn-Ni-V,ORR,0,,2022,3,1,3,1,29,6,"Carbothermal Shock Synthesis of High Entropy Oxide Catalysts: Dynamic Structural and Chemical Reconstruction Boosting the Catalytic Activity and Stability toward reaction oparticles upon use in aqueous electrolytes. Herein, an in situ synthesis of non‐noble metal high entropy oxide (HEO) catalysts on carbon fibers by rapid Joule heating and quenching is reported. Different compositions of ternary to senary (FeNiCoCrMnV) HEO nanoparticles show higher activity towards catalyzing the reaction ( reaction ) compared to a noble metal IrO2 catalyst. The synthesized HEO also show two orders of magnitude higher stability than IrO2, due to stronger carbide",0.3635271858410283,0.4928571428571429,0.348891654646654,0.6178571428571429,0.1048129607983785,0.9214285714285714,0.1465382911752366,0.4285714285714285,0.0903401252831653,0.6785714285714286,0.3389678303927675,0.5892857142857143,0.2896110492646733,0.7785714285714286,0.5452959485840432,0.7928571428571428,0.4946289480138563,0.725,0.6694444444444444,6.0,25.5,1.707825127659933,5.0,55.22454,3.0282398099790027,7.991695,1.7433333333333334,0.13609637108395733,0.3599999999999999,1.375,0.024999999999999908,0.04999999999999982,4.0,0.0,0.0,7.5,1.707825127659933,5.0,1.8181818181818115,7.5,1.707825127659933,14.897517127344186,0.0,0.0,0.5,1.0,1.0,0.16666666666666666,0.6666666666666666,0.5,0.0,0.0,0.8333333333333334,0.3333333333333333,0.8333333333333334,0.5,0.0,1.0,1.0,0.7865507220594121,0.25,0.8333333333333334,0.7372152166178236,40
2025,2026,2028,Al-Co-Fe-Mo-Ni,HER,0,,2022,3,3,0,1,63,5,"Self-supported AlFeNiCoMo high-entropy alloy with micropillar array structure for efficient reaction reaction Enhancement of Bulk FeCoNiAlMo High-Entropy Alloy through Electrochemical Dealloying in ChCl-EG Deep Eutectic Solvent Electrochemical dealloying in ChCl-Urea Deep eutectic solvent: A strategy to fabricate porous FeCoNiAlMo high-entropy alloy with enhanced reaction activity Self-supported AlFeNiCoMo high-entropy alloy with micropillar array structure for efficient reaction The development of low-cost and efficient electrocatalysts for reaction ( reaction ) is crucial for the application of hydrogen energy. I reaction Enhancement of Bulk FeCoNiAlMo High-Entropy Alloy through Electrochemical Dealloying in ChCl-EG Deep Eutectic Solvent High-entropy alloys (HEAs), which represent a new type of multielement alloys, have received growing research as potential electrocatalytic oxygen evolu Electrochemical dealloying in ChCl-Urea Deep eutectic solvent: A strategy to fabricate porous FeCoNiAlMo high-entropy alloy with enhanced reaction activity High-entropy alloys (HEAs), as a new type of multi-element alloy, have become widely studied electrocatalytic materials in recent years due to their excellent catalytic pe",0.8187546221687015,0.9785714285714284,0.7732095414504564,0.9821428571428572,0.0480918678855413,0.8178571428571428,0.3451738671751826,0.875,0.1312704846099094,0.85,0.6356648630544427,0.8178571428571428,0.6596888293679951,0.9857142857142858,0.4735377647434466,0.5464285714285714,1.0,0.9714285714285714,0.8694444444444445,5.0,27.2,9.195651146058118,29.0,59.27862672,21.906208241710043,68.9584614,1.8780000000000001,0.17588632692736522,0.55,1.36,0.06633249580710797,0.19999999999999996,4.0,0.6324555320336759,2.0,9.2,2.315167380558045,7.0,4.877389397581468,7.2,2.4819347291981715,13.381611358925285,0.0,0.0,0.6,0.6,0.8,0.4,0.6,0.6,0.0,0.0,0.4,0.2,0.6,0.4,0.0,0.8,0.6,0.5598492603080489,0.12,0.6,0.7372047780924147,41
2025,2026,2028,Co-Cu-Fe-Mn-Ni-Ru,HER,0,,2025,0,1,0,1,63,6,"Tailoring the Electronic Landscape and Metal–Support Interface of High-Entropy Alloys for Efficient Bifunctional Electrocatalysis active sites but still face persistent challenges, such as unstable metal–support interfaces and intricate electronic structure modulation. Here, inspired by cell membrane-embedded synthetase catalytic units in the photosystem, we report a MnFeCoNiCuRu x HEA electrocatalyst anchored on carbon nanofibers (CNFs) via the concurrent growth of HEA nanocrystals and CNF film support, which exhibits stable and strong metal–carbon interface coupling. In this architecture, trace Ru (∼4 wt %) acts",0.6264053635068966,0.7875,0.5400375119641653,0.7267857142857143,0.0089770331830122,0.3160714285714285,0.3642286890877571,0.8964285714285715,0.0804775346405221,0.6142857142857143,0.6507562099267866,0.8714285714285714,0.3170733052055926,0.7964285714285714,0.5298967507190292,0.7571428571428571,0.6261938763782832,0.7928571428571428,0.7287698412698413,6.0,29.833333333333332,6.465721580423608,19.0,65.50427333333333,16.14140409176446,46.13195499999999,1.8783333333333332,0.18933362676033602,0.6500000000000001,1.3583333333333334,0.03435921354681378,0.09999999999999987,4.166666666666667,0.37267799624996495,1.0,8.833333333333334,1.3437096247164249,4.0,2.529512653753162,8.833333333333334,1.3437096247164249,14.897517127344186,0.16666666666666666,0.16666666666666666,0.8333333333333334,0.8333333333333334,0.6666666666666666,0.3333333333333333,0.8333333333333334,0.6666666666666666,0.16666666666666666,0.16666666666666666,0.5,0.0,0.8333333333333334,0.3333333333333333,0.16666666666666666,0.6666666666666666,0.8333333333333334,0.7030481387738092,0.26666666666666666,0.8333333333333334,0.7371942035369048,42
2025,2026,2028,Co-Fe-Ni-V,ORR,0,,2025,0,1,0,1,29,4,"Enhanced electrocatalytic reaction with CoNiFe(Cr/V) based high entropy alloy electrodes rocatalytic reaction with CoNiFe(Cr/V) based high entropy alloy electrodes In this study, the electrocatalytic properties of single-phase face-centered cubic high entropy alloy electrodes with equiatomic compositions of CoNiFeCr, CoNiFeV, and CoNiFe(Cr/V) are explored for the reaction ( reaction ) in 1M KOH and 0.5M H2SO4. Among these, the CoNiFe(Cr/V) High Entropy Alloy (HEA) electrodes exhibited superior performance, achieving overpotentials of 277 and 45 mV",0.3635271858410283,0.4928571428571429,0.309157267279426,0.5517857142857143,0.0329006385455272,0.6803571428571429,0.2266100362358458,0.6678571428571428,0.1027483766071281,0.7535714285714286,0.3219413432224855,0.5607142857142857,0.3896203763216814,0.8535714285714285,0.4776631005598157,0.5678571428571428,0.8353524695287109,0.8785714285714286,0.6674603174603175,4.0,26.0,1.8708286933869707,5.0,56.10327374999999,3.2182224071787187,7.991695,1.8125,0.10917302780449026,0.28,1.3624999999999998,0.02165063509461089,0.04999999999999982,4.0,0.0,0.0,8.0,1.8708286933869707,5.0,1.5890374381365793,8.0,1.8708286933869707,11.526292643075523,0.0,0.0,0.75,1.0,1.0,0.25,0.75,0.75,0.0,0.0,0.75,0.25,0.75,0.75,0.0,1.0,1.0,0.8202914470579792,0.22499999999999998,0.75,0.7364445769745366,43
2025,2026,2028,Co-Fe-Mn-Ni-Rh,HER,0,,2025,0,1,0,1,63,5,"Strong 3d–4d orbital coupling mechanism in high-en-tropy alloys enables industrial-level alkaline seawaterelectrolysis seawater electrolysis for mass production of hydrogen suffersdrawbacks from electrode corrosion and low efficiency due to the presenceof multivalent ions in feed seawater. Herein, a strong 3d–4d orbital couplingmechanism is discovered in a FeNiCoMnRh high-entropy alloy (HEA), whichcan optimize the electron structure near the Fermi energy and reduce theuniversal reaction energy barrier. The HEA catalyst shows excellenthydro-gen/ reaction reactions with overpotentials of 21 and 29",0.6264053635068966,0.7875,0.5564232091858533,0.7625,0.0234162024630583,0.6125,0.2725176161090066,0.7464285714285714,0.07421304918436,0.5821428571428572,0.6516550031800695,0.8785714285714286,0.3096453396684577,0.7892857142857143,0.5128497316372818,0.7,0.5654142266045462,0.7714285714285715,0.7367063492063493,5.0,30.2,7.467261881037788,20.0,66.26302799999999,18.387425167739664,47.967455,1.89,0.2331523107327053,0.7299999999999998,1.3699999999999999,0.024494897427831695,0.04999999999999982,4.2,0.39999999999999997,1.0,8.6,1.019803902718557,3.0,1.787948717359978,8.6,1.019803902718557,13.381611358925285,0.2,0.2,0.8,0.8,0.8,0.4,0.8,0.6,0.0,0.2,0.6,0.0,0.8,0.4,0.2,0.8,0.8,0.7205767158587078,0.31999999999999995,0.8,0.7356908719004696,44
2025,2026,2028,Co-Fe-Ga-Ni-Zn,ORR,0,,2020,5,2,4,1,29,5,"Low Cost, Easy Scalable High Entropy Alloy (HEA) FeCoNiZnGa for High-Efficiency reaction ( reaction ) Low-cost high entropy alloy (HEA) for high-efficiency reaction ( reaction ) Low Cost, Easy Scalable High Entropy Alloy (HEA) FeCoNiZnGa for High-Efficiency reaction ( reaction ) reaction ( reaction ) is the key step involved both in water splitting devices as well as in rechargeable metal-air batteries and there is an urgent requirement for a highly sta evolution reaction ( reaction ) is the key step involved both in water splitting devices and rechargeable metal-air batteries, and hence, there is an urgent need for a stable and low-cost material for efficient reaction . In the present investigation, Co−Fe−Ga−Ni−Zn (CFGNZ) high entropy alloy (HEA) has been utilized as a low-cost electrocatalyst for reaction . Herein, after cyclic voltammetry activation, CFGNZ-nanoparticles (NPs) are covered with oxidized surface and form high entropy (oxy) hydroxides (HEOs",0.5037648985160553,0.6196428571428572,0.5102872260236825,0.6964285714285714,0.0940800148852956,0.9,0.1624638833596984,0.4785714285714286,0.1220533654445959,0.8285714285714286,0.333948545950694,0.5785714285714286,0.4040497026557747,0.8607142857142858,0.4983124269318645,0.6464285714285715,0.7715930382784535,0.8357142857142857,0.7160714285714286,5.0,28.4,1.8547236990991407,5.0,61.720718999999995,5.081317586674151,13.878,1.816,0.09024411338142783,0.26,1.35,0.03162277660168375,0.09999999999999987,4.0,0.0,0.0,10.4,1.8547236990991407,5.0,2.3424278964210186,8.4,3.006659275674582,13.381611358925285,0.0,0.0,0.6,0.8,0.6,0.2,0.6,0.6,0.0,0.0,0.4,0.0,0.6,0.6,0.0,0.6,0.8,0.7845713073656343,0.12,0.6,0.7356035350668331,45
2025,2026,2028,Co-Cu-Ni-Pt-Zn,HER,0,,2024,1,1,1,1,63,5,"Investigation of High Entropy Alloy Nanoparticles Assisted By Resonance Acoustic Mixing for reaction ing a liquid-assisted (LA) solid-state reduction followed by an annealing process. Employing a resonance acoustic mixer (RAM), this process provides a rapid and scalable means for producing dispersed HEA NPs on carbon support. Quinary HEA (PtNiCuCoZn) catalysts were synthesized by initial mixing and reduction using RAM and further annealing under nitrogen at 900 ℃, sequentially. The resulting HEA electrocatalysts have a narrow particle size distribution with minimal particle agglomeratio",0.6264053635068966,0.7875,0.5819581792597157,0.8196428571428571,0.0220179841243522,0.5910714285714286,0.4086169145374079,0.9428571428571428,0.0971453305401206,0.7107142857142857,0.6535359679471499,0.8892857142857142,0.1514954486867931,0.5678571428571428,0.4317447885663422,0.3642857142857142,0.3252242103268772,0.6035714285714285,0.6974206349206349,5.0,38.4,19.825236442474022,51.0,88.333119,53.43881654402017,136.3906,1.924,0.20224737328331358,0.6299999999999999,1.35,0.0,0.0,4.4,0.7999999999999999,2.0,10.4,1.0198039027185568,3.0,0.0,10.4,1.0198039027185568,13.381611358925285,0.2,0.2,0.8,0.8,0.4,0.4,0.4,0.8,0.2,0.2,0.4,0.0,0.6,0.4,0.2,0.4,0.8,0.8584268387016805,0.26,0.6,0.7353673373247898,46
2025,2026,2028,Co-Cr-Fe-Ni-Ti,ORR,0,,2025,0,2,0,2,29,5,"Anodized bulk FeCoCrNiTi0.6 high-entropy alloy electrocatalysts for long-term industrial-scale reaction Development of High-Performance High Entropy Alloy Electrocatalysts for Alkaline Water Electrolysis Using Cold and Warm Spray Processes candidates for electrode materials. Their unique elemental compositions could deliver synergistic effects and improving electrocatalytic performance, chemical stability, and structural resilience. In this study, FeCoNiCrMn, FeCoNiCrMo, and FeCoNiCrTi HEA electrocatalysts were fabricated using cold spray and warm spray solid-state deposition techniques. These scalable, industry-relevant methods enable the one-step production of high-performance electrodes while preserving the desirable",0.5037648985160553,0.6196428571428572,0.108752893961348,0.4053571428571428,0.1145978221797759,0.9375,0.2279356373595969,0.6785714285714286,0.193643087320061,0.9464285714285714,0.4813567694073508,0.6714285714285714,0.0480548682702323,0.3607142857142857,0.6296209480340824,0.9107142857142856,0.1191335910610876,0.4107142857142857,0.6601190476190476,5.0,25.4,2.154065922853802,6.0,54.666939,4.223119878227943,11.066195,1.764,0.1415061836104698,0.3699999999999999,1.3800000000000001,0.024494897427831695,0.04999999999999982,4.0,0.0,0.0,7.4,2.1540659228538015,6.0,1.7749925672341806,7.4,2.1540659228538015,13.381611358925285,0.0,0.0,0.6,1.0,1.0,0.2,0.6,0.6,0.0,0.0,0.6,0.4,0.8,0.6,0.0,1.0,1.0,0.7855711546024494,0.18,0.8,0.7347249178093063,47
2025,2026,2028,Cu-Mn-Ni-Zn,OER,0,,2024,1,1,1,1,63,4,Screening of Cu-Mn-Ni-Zn high-entropy alloy catalysts for reaction by machine-learning-accelerated density functional theory,0.6264053635068966,0.7875,0.6004935046612725,0.8589285714285714,0.020219554968408,0.5482142857142858,0.2925092728376739,0.7785714285714286,0.0685199571357564,0.55,0.6714739343267402,0.9321428571428572,0.1675347201911344,0.6035714285714285,0.4442752971891485,0.4142857142857143,0.2091119392374906,0.5107142857142857,0.6648809523809524,4.0,28.0,1.8708286933869707,5.0,60.64661125000001,4.107601628308141,10.470955000000004,1.7525,0.15658464164789593,0.3599999999999999,1.3624999999999998,0.02165063509461089,0.04999999999999982,4.0,0.0,0.0,10.0,1.8708286933869707,5.0,1.5890374381365793,10.0,1.8708286933869707,11.526292643075523,0.0,0.0,0.5,1.0,0.5,0.25,0.5,0.5,0.25,0.0,0.5,0.0,0.75,0.5,0.0,0.5,1.0,0.7871033173675952,0.15,0.75,0.7328274237817072,48
2025,2026,2028,Co-Fe-Mo-Ni-Zn,HER,0,,2024,1,1,1,1,63,5,"MoZn-based high entropy alloy catalysts enabled dual activation and stabilization in alkaline reaction de-off performances. The adsorbed evolution mechanism (AEM) suffers from sluggish kinetics due to a linear scaling relationship, while the lattice oxygen mechanism (LOM) causes unstable structures due to lattice oxygen escape. We propose a MoZnFeCoNi high-entropy alloy (HEA) incorporating AEM-promoter Mo and LOM-active Zn to achieve dual activation and stabilization for efficient and durable reaction . Density functional theory and chemical probe experiments confirmed dual-mechanism activati",0.6264053635068966,0.7875,0.5819581792597157,0.8196428571428571,0.0220179841243522,0.5910714285714286,0.5100242404471932,0.9821428571428572,0.1112016218391373,0.8071428571428572,0.6239372499087846,0.7392857142857143,0.4268822062251692,0.8857142857142857,0.4377122340081189,0.375,0.8520179053408026,0.8964285714285715,0.7648809523809524,5.0,30.6,5.851495535331118,16.0,66.964119,14.822654386021552,40.095,1.886,0.16402438843050146,0.5100000000000002,1.3800000000000001,0.03999999999999994,0.09999999999999987,4.2,0.39999999999999997,1.0,9.0,2.0,6.0,2.8985507246376763,9.0,2.0,13.381611358925285,0.0,0.0,0.6,0.8,0.8,0.4,0.6,0.6,0.0,0.0,0.4,0.2,0.6,0.4,0.0,0.8,0.8,0.6967771309972,0.12,0.6,0.7312295678705886,49
2025,2026,2028,Co-Cr-Fe-Mn,ORR,0,,2021,4,1,4,1,29,4,Corrosion engineering boosting bulk Fe50Mn30Co10Cr10 high-entropy alloy as high-efficient alkaline reaction electrocatalyst,0.3635271858410283,0.4928571428571429,0.4043369451614046,0.6571428571428571,0.0618618807973423,0.8535714285714285,0.2805619110054478,0.7607142857142857,0.1785494833713677,0.925,0.2791340762472246,0.3964285714285714,0.0740419707807973,0.4285714285714285,0.3985085213403649,0.2392857142857143,0.1494368709604628,0.4571428571428571,0.5789682539682539,4.0,25.5,1.118033988749895,3.0,55.428084999999996,2.473776185872016,6.937094999999999,1.73,0.13209844813622904,0.32999999999999985,1.3875000000000002,0.02165063509461089,0.04999999999999982,4.0,0.0,0.0,7.5,1.118033988749895,3.0,1.5604061329449286,7.5,1.118033988749895,11.526292643075523,0.0,0.0,0.5,1.0,1.0,0.0,0.75,0.5,0.0,0.0,0.75,0.25,1.0,0.5,0.0,1.0,1.0,0.8061046876632192,0.22499999999999998,1.0,0.7298671205846801,50
2025,2026,2028,Co-Cu-Fe-Ir-Mo-Ni-Pd,HER,0,,2024,1,1,1,1,63,7,"IrPdCuFeNiCoMo Based Core‐Shell Icosahedron Nanocrystals and Nanocages for Efficient and Robust Acidic reaction IrPdCuFeNiCoMo Based Core‐Shell Icosahedron Nanocrystals and Nanocages for Efficient and Robust Acidic reaction Abstract Facets engineering of high entropy alloy (HEA) nanocrystals might be achieved via shape‐controlled synthesis, which is promis",0.6264053635068966,0.7875,0.54945971550599,0.7482142857142857,0.0678577371953863,0.8767857142857143,0.4597048964471439,0.9714285714285714,0.1285384680454694,0.8464285714285714,0.6206825402257437,0.7178571428571429,0.5894911285330721,0.9607142857142856,0.3782426883347127,0.1714285714285714,1.0,0.9714285714285714,0.783531746031746,7.0,39.285714285714285,17.05214092728774,51.0,90.22779928571427,45.61403223768823,136.372,2.011428571428571,0.1540341865049604,0.3700000000000001,1.3785714285714286,0.03642156795423411,0.09999999999999987,4.571428571428571,0.7284313590846835,2.0,9.0,1.5118578920369088,5.0,2.64197902258693,9.0,1.5118578920369088,16.17919719230721,0.2857142857142857,0.2857142857142857,0.8571428571428571,0.5714285714285714,0.5714285714285714,0.5714285714285714,0.5714285714285714,0.7142857142857143,0.2857142857142857,0.2857142857142857,0.2857142857142857,0.14285714285714285,0.5714285714285714,0.5714285714285714,0.2857142857142857,0.5714285714285714,0.5714285714285714,0.7204474329783773,0.2857142857142857,0.5714285714285714,0.725866372750656,51
2025,2026,2028,Cr-Cu-Ir-Ni-Pt,HER,0,,2023,2,1,2,1,63,5,"Strain engineering of high-entropy alloy catalysts for electrocatalytic water splitting sts for electrocatalytic water splitting Developing active and cost-effective bifunctional electrocatalysts for overall water splitting is challenging but mandatory for renewable energy technologies. We report a high-entropy alloy (HEA) of PtIrCuNiCr as a bifunctional electrocatalyst for overall water splitting, which shows a low overpotential of ca. 190 mV at the current density of 10 mA cm −2 . Compared with pure metals, HEAs exhibit remarkable surface strain due to severe lattice di",0.6264053635068966,0.7875,0.6070612593272128,0.8714285714285714,0.0355531986306805,0.6892857142857143,0.3266958484319091,0.8464285714285714,0.0882664663513967,0.6642857142857143,0.6657033158875748,0.9107142857142856,0.3430687000968016,0.8107142857142857,0.5030658043604269,0.6607142857142857,0.5892723444258474,0.7785714285714286,0.7799603174603175,5.0,47.2,24.798387044322055,54.0,112.30729999999998,66.52382687927688,143.0879,1.9899999999999998,0.22432119828495925,0.6199999999999999,1.3599999999999999,0.019999999999999928,0.04999999999999982,4.8,0.9797958971132712,2.0,9.2,1.7204650534085253,5.0,1.4705882352941124,9.2,1.7204650534085253,13.381611358925285,0.4,0.4,0.8,0.6,0.4,0.6,0.4,0.6,0.2,0.4,0.4,0.2,0.6,0.6,0.4,0.4,0.6,0.7473869259064112,0.39999999999999997,0.6,0.7251982206290662,52
2025,2026,2028,Cu-Fe-Mn-Ni-Pd,OER,0,,2024,1,1,1,1,63,5,"Synthesizing Pd-based high entropy alloy nanoclusters for enhanced reaction Synthesizing Pd-based high entropy alloy nanoclusters for enhanced reaction rapid Joule heating. The quinary PdMnFeCuNi clusters exhibit 4.95 times higher mass activity than the Commercial Pt/C for the reaction , and outstanding stability with only 2 mV decay in the half-wave potential after 20 000 cycles of testing.",0.6264053635068966,0.7875,0.5845201721795854,0.8375,0.0199434737456827,0.5339285714285714,0.305984599953348,0.8142857142857143,0.0712733795961545,0.5678571428571428,0.6642526425498498,0.9071428571428573,0.2546739224410415,0.7428571428571429,0.4017667674055653,0.25,0.4165157289910061,0.6642857142857143,0.6783730158730159,5.0,30.8,7.730459236035076,21.0,67.888489,19.497917014216775,51.481955,1.8780000000000001,0.2074029893709346,0.6500000000000001,1.3800000000000001,0.024494897427831695,0.04999999999999982,4.2,0.39999999999999997,1.0,9.2,1.4696938456699067,4.0,1.7749925672341806,9.2,1.4696938456699067,13.381611358925285,0.2,0.2,0.8,0.8,0.6,0.4,0.6,0.8,0.4,0.2,0.4,0.0,0.8,0.6,0.2,0.6,0.8,0.7394433905701241,0.26,0.8,0.7211008743138944,53
2025,2026,2028,Cu-Mn-Ni-Zn,HER,0,,2024,1,1,1,1,63,4,Screening of Cu-Mn-Ni-Zn high-entropy alloy catalysts for reaction by machine-learning-accelerated density functional theory,0.6264053635068966,0.7875,0.5979622617382132,0.8517857142857143,0.0176728492209443,0.4946428571428571,0.2447844084808131,0.7071428571428572,0.0564444629965034,0.4321428571428571,0.675767242823978,0.9428571428571428,0.1656873062550759,0.6,0.4442752513783473,0.4107142857142857,0.2062576991530353,0.5071428571428571,0.6371031746031746,4.0,28.0,1.8708286933869707,5.0,60.64661125000001,4.107601628308141,10.470955000000004,1.7525,0.15658464164789593,0.3599999999999999,1.3624999999999998,0.02165063509461089,0.04999999999999982,4.0,0.0,0.0,10.0,1.8708286933869707,5.0,1.5890374381365793,10.0,1.8708286933869707,11.526292643075523,0.0,0.0,0.5,1.0,0.5,0.25,0.5,0.5,0.25,0.0,0.5,0.0,0.75,0.25,0.0,0.5,1.0,0.7871033173675952,0.15,0.75,0.720327423781707,54
2025,2026,2028,Co-Cu-Fe-Ni-Ti,ORR,0,,2024,1,1,1,2,29,5,Self-Supporting FeCoNiCuTiGa High-Entropy Alloy Electrodes for Alkaline Hydrogen and reaction Reactions: Experimental and Theoretical Insights Self-Supporting FeCoNiCuTiGa High-Entropy Alloy Electrodes for Alkaline Hydrogen and reaction Reactions: Experimental and Theoretical Insights The preparation of clean and sustainable renewable energy requires the development of bifunctional electrocatalysts,0.3635271858410283,0.4928571428571429,0.0770047551866877,0.3928571428571428,0.0280856394208807,0.6464285714285715,0.226783366607507,0.6714285714285714,0.1361786160975632,0.8607142857142858,0.4679628378054022,0.6517857142857143,0.0824050599383331,0.4535714285714285,0.6363527825695015,0.9232142857142858,0.1285609014923076,0.425,0.613095238095238,5.0,26.4,2.4166091947189146,7.0,56.976918999999995,5.180695181251644,15.679000000000002,1.8119999999999998,0.13876599006961318,0.3699999999999999,1.3699999999999999,0.024494897427831695,0.04999999999999982,4.0,0.0,0.0,8.4,2.4166091947189146,7.0,1.787948717359978,8.4,2.4166091947189146,13.381611358925285,0.0,0.0,0.8,1.0,0.8,0.2,0.6,0.8,0.2,0.0,0.4,0.2,0.8,0.8,0.0,0.8,1.0,0.7866471403228722,0.12,0.8,0.7198869992397188,55
2025,2026,2028,Co-Fe-Ni-Pt-Rh,ORR,0,,2021,4,1,4,1,29,5,"Sub-2 nm Ultrasmall High-Entropy Alloy Nanoparticles for Extremely Superior Electrocatalytic reaction ogen production still remains a formidable challenge, especially in acidic media. Here, we report ultrasmall high-entropy alloy (us-HEA) nanoparticles (NPs) with the best-level performance for reaction ( reaction ). The us-HEA (NiCoFePtRh) NPs show an average diameter of 1.68 nm, which is the smallest size in the reported HEAs. The atomic structure, coordinational structure, and electronic structure of the us-HEAs were comprehensively clarified. The us-HEA/C achieves an ultra",0.3635271858410283,0.4928571428571429,0.3885072701785009,0.6517857142857143,0.0661787785687083,0.8696428571428572,0.3420177067848389,0.8714285714285714,0.1976375941323474,0.9535714285714286,0.3075543198339189,0.5214285714285715,0.4393926497196994,0.8892857142857142,0.4884127536859697,0.6071428571428571,0.9142082488219972,0.9178571428571428,0.7527777777777778,5.0,40.8,19.873600579663464,52.0,94.292219,53.3458468261555,139.239,2.036,0.20085815890822054,0.44999999999999973,1.3599999999999999,0.019999999999999928,0.04999999999999982,4.6,0.8,2.0,9.2,0.7483314773547882,2.0,1.4705882352941124,9.2,0.7483314773547882,13.381611358925285,0.4,0.4,1.0,0.6,0.6,0.6,0.6,0.8,0.0,0.4,0.4,0.0,0.6,0.8,0.4,0.6,0.6,0.7638110534701283,0.39999999999999997,0.6,0.7178933160410385,56
2025,2026,2028,Cu-Fe-Mn-Ni-Pd,HER,0,,2024,1,1,1,1,63,5,"Synthesizing Pd-based high entropy alloy nanoclusters for enhanced reaction Synthesizing Pd-based high entropy alloy nanoclusters for enhanced reaction rapid Joule heating. The quinary PdMnFeCuNi clusters exhibit 4.95 times higher mass activity than the Commercial Pt/C for the reaction , and outstanding stability with only 2 mV decay in the half-wave potential after 20 000 cycles of testing.",0.6264053635068966,0.7875,0.5819581792597157,0.8196428571428571,0.0220179841243522,0.5910714285714286,0.3052151705705829,0.8107142857142857,0.0579277649873369,0.45,0.6685937450444709,0.9178571428571428,0.2521566765679908,0.7392857142857143,0.4017667465222886,0.2464285714285714,0.4118361341526844,0.6607142857142857,0.6692460317460318,5.0,30.8,7.730459236035076,21.0,67.888489,19.497917014216775,51.481955,1.8780000000000001,0.2074029893709346,0.6500000000000001,1.3800000000000001,0.024494897427831695,0.04999999999999982,4.2,0.39999999999999997,1.0,9.2,1.4696938456699067,4.0,1.7749925672341806,9.2,1.4696938456699067,13.381611358925285,0.2,0.2,0.8,0.8,0.6,0.4,0.6,0.8,0.4,0.2,0.4,0.0,0.8,0.4,0.2,0.6,0.8,0.7394433905701241,0.26,0.8,0.7169937314567515,57
2025,2026,2028,Co-Fe-Ni-Pt-Ru,ORR,0,,2024,1,2,0,1,29,5,"A catalyst family of high-entropy alloy atomic layers with square atomic arrangements comprising iron- and platinum-group metals Precision Size Control of 1-Nm High-Entropy Alloy Nanoparticles Via Autocatalytic Reduction for reaction Electrocatalysis num-group metals (PGMs). Ten distinct quinary compositions of IGM-PGM-HEA with precisely controlled square atomic arrangements are used to explore their impact on reaction ( reaction ) and hydrogen oxidation reaction (HOR). The PtRuFeCoNi atomic layers perform enhanced catalytic activity and durability toward reaction and HOR when benchmarked against the other IGM-PGM-HEA and commercial Pt/C catalysts. Operando synchrotron x-ray absorption spectroscopy and density functional the t and Ru significantly lower the reduction temperature of Fe(III), Co(II), and Ni(II), enabling the simultaneous reduction of multimetal precursors at a peak temperature of 189 oC. The electronic structures and coordination environments of PtRuFeCoNi HEA nanoparticles were also analyzed using synchrotron X-ray absorption spectroscopy (XAS), confirming the distinct orbital hybridizations of the HEA nanoparticles. These findings underscore the fine-tuned electronic structure and strongly",0.5037648985160553,0.6196428571428572,0.4072173388758838,0.6642857142857143,0.0391140749283832,0.7321428571428571,0.2668768593131315,0.7392857142857143,0.1890576678476161,0.9428571428571428,0.33450615639221,0.5821428571428572,0.570978009399367,0.95,0.5319287954172452,0.7714285714285715,1.0,0.9714285714285714,0.7748015873015874,5.0,40.6,19.8353220291479,52.0,93.925119,53.291599266014195,139.239,2.0200000000000005,0.18319388636087175,0.44999999999999973,1.3499999999999999,0.03162277660168375,0.09999999999999987,4.6,0.8,2.0,9.0,0.8944271909999159,2.0,2.342427896421019,9.0,0.8944271909999159,13.381611358925285,0.4,0.4,1.0,0.6,0.6,0.6,0.8,0.8,0.0,0.4,0.4,0.0,0.6,0.8,0.4,0.6,0.6,0.7195064662800236,0.39999999999999997,0.6,0.7145126541697214,58
2025,2026,2028,Co-Cu-Ni-Pt-Zn,OER,0,,2024,1,1,1,1,63,5,"Investigation of High Entropy Alloy Nanoparticles Assisted By Resonance Acoustic Mixing for reaction ing a liquid-assisted (LA) solid-state reduction followed by an annealing process. Employing a resonance acoustic mixer (RAM), this process provides a rapid and scalable means for producing dispersed HEA NPs on carbon support. Quinary HEA (PtNiCuCoZn) catalysts were synthesized by initial mixing and reduction using RAM and further annealing under nitrogen at 900 ℃, sequentially. The resulting HEA electrocatalysts have a narrow particle size distribution with minimal particle agglomeratio",0.6264053635068966,0.7875,0.5845201721795854,0.8375,0.0199434737456827,0.5339285714285714,0.3206173897017251,0.8357142857142857,0.0590523534289964,0.4571428571428571,0.6491011420344611,0.8607142857142858,0.1532136825216058,0.5714285714285714,0.4317448074894195,0.3678571428571429,0.3292583622923869,0.6071428571428571,0.6509920634920634,5.0,38.4,19.825236442474022,51.0,88.333119,53.43881654402017,136.3906,1.924,0.20224737328331358,0.6299999999999999,1.35,0.0,0.0,4.4,0.7999999999999999,2.0,10.4,1.0198039027185568,3.0,0.0,10.4,1.0198039027185568,13.381611358925285,0.2,0.2,0.8,0.8,0.4,0.4,0.4,0.8,0.2,0.2,0.4,0.0,0.6,0.4,0.2,0.4,0.8,0.8584268387016805,0.26,0.6,0.7144744801819326,59
2025,2026,2028,Co-Cr-Cu-Fe-Mn-Ni,ORR,0,,2025,0,1,0,1,29,6,"Synthesis and characterization of individual high-entropy alloy particles for electrocatalytic reaction atalysts. Despite a rapidly growing number of publications in this area, characterization of HEA electrocatalytic activity and stability remains challenging. In this paper, we report rapid and scalable microwave-shock assisted synthesis of FeCoNiCuMnCr HEA and its characterization at a single particle level. HEA particles synthesized on HOPG without additional reagents or pre-/post-treatments exhibited a significant activity toward reaction in 0.1 M NaOH. Individual micrometer-siz",0.3635271858410283,0.4928571428571429,0.2816298699054317,0.4767857142857143,0.0362789329895958,0.7125,0.1517126966592846,0.4357142857142857,0.0638921882756708,0.5035714285714286,0.2942734020016322,0.4357142857142857,0.1414438821440749,0.5535714285714286,0.4893219880329574,0.6178571428571429,0.312026855294492,0.5892857142857143,0.5353174603174603,6.0,26.5,1.707825127659933,5.0,57.325289999999995,3.6387905407211423,11.549900000000001,1.7883333333333333,0.13582055154586223,0.3599999999999999,1.375,0.024999999999999908,0.04999999999999982,4.0,0.0,0.0,8.5,1.707825127659933,5.0,1.8181818181818115,8.5,1.707825127659933,14.897517127344186,0.0,0.0,0.6666666666666666,1.0,0.8333333333333334,0.16666666666666666,0.6666666666666666,0.6666666666666666,0.16666666666666666,0.0,0.6666666666666666,0.16666666666666666,1.0,0.6666666666666666,0.0,0.8333333333333334,1.0,0.7867437957360786,0.19999999999999998,1.0,0.7069159958636808,60
2025,2026,2028,Co-Cr-Fe-Ni-Pt,ORR,0,,2024,1,1,1,1,29,5,"Vacancy induced microstrain in high-entropy alloy film for sustainable hydrogen production under universal pH conditions Vacancy induced microstrain in high-entropy alloy film for sustainable hydrogen production under universal pH conditions A novel vacancy-induced microstrain engineering strategy is developed in FeCoNiCrPt high-entropy alloy, enabling high activity and long lifetime reaction under universal pH conditions.",0.3635271858410283,0.4928571428571429,0.3173303330013932,0.5660714285714286,0.0404458529623454,0.7482142857142857,0.4095823839650627,0.9464285714285714,0.1936881336338494,0.95,0.2897368443891452,0.4107142857142857,0.353411113780611,0.8214285714285714,0.3543236326839458,0.1107142857142857,0.8058809451025168,0.8571428571428571,0.6559523809523808,5.0,36.6,20.742227459942676,54.0,84.110339,55.54334620673014,143.0879,1.9120000000000001,0.20331256724560823,0.6199999999999999,1.3699999999999999,0.024494897427831695,0.04999999999999982,4.4,0.7999999999999999,2.0,8.6,1.4966629547095764,4.0,1.787948717359978,8.6,1.4966629547095764,13.381611358925285,0.2,0.2,0.8,0.8,0.8,0.4,0.6,0.8,0.0,0.2,0.6,0.2,0.8,0.8,0.2,0.8,0.8,0.7414645362996757,0.31999999999999995,0.8,0.7056179323184741,61
2025,2026,2028,Co-Cr-Fe-Ni-W,HER,0,,2025,0,1,0,1,63,5,"High-entropy alloy enables multi-path electron synergism and lattice oxygen activation for enhanced reaction activity c multi-path electron transfer. Specifically, the oxidation of nickel is enhanced by this electron transfer, aided by the integration of weaker Co-O bonds, enabling effective LOM at the Ni-Co dual-site. These insights allow the design of a NiFeCoCrW0.2 HEA that exhibits improved activity, achieving an overpotential of 220 mV at a current density of 10 mA cm−2. It also demonstrates good stability, maintaining the potential with less than 5% variation over 90 days at 100 mA cm−2 current de",0.6264053635068966,0.7875,0.5564232091858533,0.7625,0.0234162024630583,0.6125,0.2339638674660476,0.6928571428571428,0.0400100361284192,0.3178571428571428,0.6296660795883355,0.7857142857142857,0.4217814673356826,0.8785714285714286,0.3540212952763277,0.0928571428571428,0.8701797682810066,0.9,0.6478174603174603,5.0,35.8,19.145756710038913,50.0,81.861539,51.050725517734655,131.84390000000002,1.9280000000000002,0.23267144216684604,0.7,1.3699999999999999,0.024494897427831695,0.04999999999999982,4.4,0.7999999999999999,2.0,7.8,1.6,4.0,1.787948717359978,7.8,1.6,13.381611358925285,0.0,0.0,0.6,0.8,1.0,0.4,0.6,0.6,0.0,0.0,0.8,0.4,0.8,0.4,0.0,1.0,0.8,0.7209133238548092,0.24,0.8,0.7037918542993,62
2025,2026,2028,Co-Cu-Mo-Ni-Pd,HER,0,,2022,3,1,3,1,63,5,A hollow PdCuMoNiCo high-entropy alloy as an efficient bi-functional electrocatalyst for reaction and formic acid oxidation A hollow PdCuMoNiCo high-entropy alloy as an efficient bi-functional electrocatalyst for reaction and formic acid oxidation A hollow PdCuMoNiCo high-entropy alloy on carbon hybrid was developed as a high-performance bi-functional electrocatalyst for t,0.6264053635068966,0.7875,0.6316111404031914,0.9035714285714286,0.0212547822822095,0.5607142857142857,0.3676015801975539,0.9035714285714286,0.0868121961610388,0.6428571428571429,0.6519227062471455,0.8821428571428571,0.448101641405326,0.8964285714285715,0.3473723688101572,0.0714285714285714,0.8114830393105429,0.8607142857142858,0.7232142857142856,5.0,34.4,7.964923100695951,19.0,76.706519,20.32919332871435,47.726600000000005,2.0100000000000002,0.13971399357258396,0.3200000000000003,1.3800000000000001,0.03999999999999994,0.09999999999999987,4.4,0.4898979485566356,1.0,9.2,1.7204650534085253,5.0,2.8985507246376763,9.2,1.7204650534085253,13.381611358925285,0.2,0.2,0.8,0.6,0.6,0.6,0.4,0.8,0.4,0.2,0.4,0.2,0.6,0.6,0.2,0.6,0.6,0.7137944073977422,0.26,0.6,0.7035847507907511,63
2025,2026,2028,Cr-Cu-Fe-Mn-Ni,ORR,0,,2023,2,1,2,1,29,5,Facile synthesis of a NiMnFeCrCu high entropy alloy for electrocatalytic reaction reactions,0.3635271858410283,0.4928571428571429,0.3403109277072668,0.5982142857142857,0.0078494709577187,0.2875,0.1726428586033793,0.5214285714285715,0.0797825477297659,0.6071428571428571,0.2969798542252202,0.4464285714285714,0.1513079019832718,0.5642857142857143,0.4675258738463674,0.5285714285714286,0.2954439341306935,0.5821428571428572,0.5142857142857143,5.0,26.4,1.8547236990991407,5.0,57.003709,3.907488948381556,11.549900000000001,1.77,0.14184498581197713,0.3599999999999999,1.3800000000000001,0.024494897427831695,0.04999999999999982,4.0,0.0,0.0,8.4,1.8547236990991407,5.0,1.7749925672341806,8.4,1.8547236990991407,13.381611358925285,0.0,0.0,0.6,1.0,0.8,0.2,0.6,0.6,0.2,0.0,0.6,0.2,1.0,0.6,0.0,0.8,1.0,0.7853339930613943,0.18,1.0,0.6990287693469897,64
2025,2026,2028,Co-Fe-Mo-Ni,ORR,0,,2022,3,1,3,1,29,4,"High-Entropy Alloy with Mo-Coordination as Efficient Electrocatalyst for reaction ate-of-the-art reaction catalysts face a dilemma of high content of noble metals and low reaction activities. Herein, a strategy for achieving efficient and stable high-entropy alloy (HEA) catalysts by Mo-coordination is reported. The earth-abundant FeCoNiMo HEA catalyst provides an overpotential as low as 250 mV at the current density of 10 mA cm –2 in alkaline medium, which is 89 mV lower than that of state-of-the-art IrO 2 . The turnover frequency of 0.051 s –1 at the overpotential of 300 m",0.3635271858410283,0.4928571428571429,0.3795201396331669,0.6357142857142857,0.0543810706135667,0.8285714285714286,0.1267762968792398,0.3892857142857143,0.0834264280593116,0.6285714285714286,0.3007991656755385,0.4714285714285714,0.5057815318516902,0.9285714285714286,0.4434549077094632,0.3964285714285714,0.9696086398204176,0.9321428571428572,0.6337301587301587,4.0,30.75,6.53356717268599,16.0,67.35289875,16.54941404821496,40.095,1.945,0.12737739202857004,0.33000000000000007,1.3875000000000002,0.041457809879442434,0.09999999999999987,4.25,0.4330127018922193,1.0,8.25,1.479019945774904,4.0,2.987950261581436,8.25,1.479019945774904,11.526292643075523,0.0,0.0,0.75,0.75,1.0,0.5,0.75,0.75,0.0,0.0,0.5,0.25,0.75,0.75,0.0,1.0,0.75,0.7166190585772076,0.15,0.75,0.6976642890017337,65
2025,2026,2028,Co-Cu-Mg-Ni-Zn,OER,0,,2021,4,1,4,1,63,5,CoNiCuMgZn high entropy alloy nanoparticles embedded onto graphene sheets via anchoring and alloying strategy as efficient electrocatalysts for reaction,0.6264053635068966,0.7875,0.657873890440714,0.9410714285714286,0.0315652703369831,0.6660714285714285,0.2577007746417417,0.7214285714285714,0.0891956737546406,0.6714285714285714,0.6322736332084468,0.8071428571428572,0.4789731845890494,0.9142857142857144,0.4958238335198925,0.6321428571428571,0.8432513634179083,0.8892857142857142,0.7811507936507938,5.0,25.2,6.675327707311455,18.0,54.177319,15.161079304120932,41.104000000000006,1.73,0.23091123835794564,0.5999999999999999,1.3800000000000001,0.05999999999999996,0.1499999999999999,3.8,0.39999999999999997,1.0,8.8,3.54400902933387,10.0,4.347826086956519,8.8,3.54400902933387,13.381611358925285,0.0,0.0,0.6,0.8,0.4,0.2,0.4,0.6,0.2,0.0,0.4,0.0,0.6,0.4,0.0,0.4,0.8,0.5557534374972644,0.12,0.6,0.6962438883920364,66
2025,2026,2028,Co-Ir-Mn-Ni-Ru,HER,0,,2025,0,1,0,1,63,5,Constructing CoNiRuIrMn high-entropy alloy network for boosting electrocatalytic activity toward alkaline reaction,0.6264053635068966,0.7875,0.5564232091858533,0.7625,0.0234162024630583,0.6125,0.4213576285187125,0.9535714285714286,0.1052318068643395,0.775,0.6179972401576785,0.7142857142857143,0.5040902945804558,0.925,0.4437912411697648,0.4035714285714286,1.0,0.9714285714285714,0.7672619047619047,5.0,40.2,19.610201426808448,52.0,93.170328,52.3358297072897,137.278955,1.948,0.2414456460572442,0.6500000000000001,1.3499999999999999,0.03162277660168375,0.09999999999999987,4.6,0.7999999999999999,2.0,8.6,1.019803902718557,3.0,2.342427896421019,8.6,1.019803902718557,13.381611358925285,0.4,0.4,0.8,0.6,0.6,0.6,1.0,0.4,0.0,0.4,0.6,0.0,0.6,0.6,0.4,0.6,0.6,0.6787302344925629,0.45999999999999996,0.6,0.692886927490626,67
2025,2026,2028,Co-Fe-Ni-Ru,ORR,0,,2023,2,2,0,2,29,4,"Self‐Reconstructed Spinel Surface Structure Enabling the Long‐Term Stable reaction / reaction Efficiency of FeCoNiRu High‐Entropy Alloyed Electrocatalyst Solid state laser synthesis of high entropy nanomaterials as elecrocatalysts for water electrolysis and biosensing Self‐Reconstructed Spinel Surface Structure Enabling the Long‐Term Stable reaction / reaction Efficiency of FeCoNiRu High‐Entropy Alloyed Electrocatalyst High catalytic efficiency and long-term stability are two main components for the performance assessment of an electrocatalyst. Previous attention has been paid more to efficiency other than stability. es the challenge that most water electrolysis systems need either precious-metal catalysts or corrosive acidic/alkaline electrolytes, which are costly and less practical for large-scale use with seawater. To address this, the work develops FeNiCoRu medium-entropy alloy nanoparticles directly on carbon paper using rapid CO₂ laser induction under ambient conditions. The resulting porous, single-phase nanostructures act as durable, efficient bifunctional electrocatalysts for hydrogen an",0.5037648985160553,0.6196428571428572,0.1174677241684131,0.4178571428571428,0.1124956565303559,0.9321428571428572,0.2207245954073039,0.6535714285714286,0.1431530813264335,0.8892857142857142,0.4606177413387504,0.6392857142857142,0.0886290545720383,0.4642857142857143,0.5468820811913266,0.8,0.1507927624002575,0.4642857142857143,0.6533730158730159,4.0,31.25,7.39509972887452,18.0,68.63539875,18.765485306687506,45.224999999999994,1.955,0.1443086968966182,0.3700000000000001,1.3499999999999999,0.03535533905932733,0.09999999999999987,4.25,0.4330127018922193,1.0,8.75,0.82915619758885,2.0,2.6189140043946173,8.75,0.82915619758885,11.526292643075523,0.25,0.25,1.0,0.75,0.75,0.5,1.0,0.75,0.0,0.25,0.5,0.0,0.75,0.75,0.25,0.75,0.75,0.7287545018867172,0.32499999999999996,0.75,0.6926442077088723,68
2025,2026,2028,Cu-Fe-Ni-Pt-Rh,OER,0,,2024,1,1,1,2,63,5,"Synergistic Effects of PtRhNiFeCu High Entropy Alloy Nanocatalyst for reaction and reaction Reactions Synergistic Effects of PtRhNiFeCu High Entropy Alloy Nanocatalyst for reaction and reaction Reactions Abstract The unique properties of high entropy alloy (HEA) catalysts, particularly their severe lattice distortion and the synergistic effect of multiple",0.6264053635068966,0.7875,0.2015987624465034,0.4446428571428571,0.0460876048205311,0.7982142857142858,0.3194186781204618,0.8321428571428572,0.13866887246287,0.875,0.7739986642190262,0.975,0.075205750868122,0.4321428571428571,0.486299926023191,0.5857142857142857,0.1099373415553802,0.3964285714285714,0.6807539682539683,5.0,41.2,19.610201426808445,52.0,95.21478,52.763075495213506,139.239,2.04,0.19788885769542447,0.44999999999999973,1.3599999999999999,0.019999999999999928,0.04999999999999982,4.6,0.8,2.0,9.6,1.0198039027185568,3.0,1.4705882352941124,9.6,1.0198039027185568,13.381611358925285,0.4,0.4,1.0,0.6,0.4,0.6,0.4,0.8,0.2,0.4,0.2,0.0,0.6,0.4,0.4,0.4,0.6,0.7658895643190856,0.33999999999999997,0.6,0.6921061550100114,69
2025,2026,2028,Co-Ir-Ni-Pt,OER,0,,2025,0,1,0,1,63,4,"Controllable moderate-temperature synthesis of high entropy PtIrCoNixFe1-x for superior reaction Controllable moderate-temperature synthesis of high entropy PtIrCoNixFe1-x for superior reaction Platinum (Pt) is renowned for its remarkable catalytic activity in the reaction ( reaction ); however, its significant cost constrains its widespread use. Integrating Pt with trans",0.6264053635068966,0.7875,0.5752644060743946,0.8089285714285714,0.02938434692698,0.6517857142857143,0.2056488611316397,0.6035714285714285,0.0652091507509029,0.5214285714285715,0.627016640566391,0.7607142857142857,0.4086782121660703,0.8678571428571429,0.3868825971812552,0.2142857142857142,0.7762266353170213,0.8428571428571429,0.6732142857142857,4.0,52.5,25.004999500099974,51.0,126.23189875,67.42627413209746,136.3906,2.0675,0.1751249553890022,0.3999999999999999,1.35,0.0,0.0,5.0,1.0,2.0,9.5,0.5,1.0,0.0,9.5,0.5,11.526292643075523,0.5,0.5,1.0,0.5,0.5,0.75,0.75,0.75,0.0,0.5,0.5,0.0,0.5,0.75,0.5,0.5,0.5,0.8774125312276985,0.5,0.5,0.6911701879397381,70
2025,2026,2028,Cu-Mn-Mo-Ni-Pt,HER,0,,2024,1,1,1,1,63,5,A dual-phase PtNiCuMnMo high-entropy alloy as high-performance electrocatalyst for reaction,0.6264053635068966,0.7875,0.5819581792597157,0.8196428571428571,0.0220179841243522,0.5910714285714286,0.3596032873632652,0.8892857142857142,0.1020397105966931,0.7464285714285714,0.6320675019813357,0.8035714285714286,0.4243722670425312,0.8821428571428571,0.4159907902509949,0.2785714285714286,0.8731387182537955,0.9035714285714286,0.7446428571428572,5.0,40.4,19.68349562450735,53.0,93.640289,52.76538665444312,140.14595500000001,1.9600000000000002,0.2516346558008256,0.7299999999999998,1.3800000000000001,0.03999999999999994,0.09999999999999987,4.6,0.8,2.0,8.8,1.9390719429665317,5.0,2.8985507246376763,8.8,1.9390719429665317,13.381611358925285,0.2,0.2,0.6,0.6,0.6,0.6,0.4,0.6,0.2,0.2,0.4,0.2,0.6,0.6,0.2,0.6,0.6,0.6354499438379732,0.26,0.6,0.6897242688656776,71
2025,2026,2028,Co-Fe-Mn-Mo-Ni,ORR,0,,2021,4,3,3,2,29,5,"A Single-Phase FeCoNiMnMo High-Entropy Alloy reaction Anode Working in Alkaline Solution for over 1000 h A stable reaction splitting electrocatalysts high entropy alloy FeCoNiMnMo in simulated seawater A Free-standing Nanoporous NiCoFeMoMn High Entropy Alloy as An Efficient Electrocatalyst Fast Driving Water Splittling A Single-Phase FeCoNiMnMo High-Entropy Alloy reaction Anode Working in Alkaline Solution for over 1000 h Mo is beneficial to improving reaction performance, but it is very soluble in an alkaline environment. High-entropy alloys (HEAs) can inhibit th A Free-standing Nanoporous NiCoFeMoMn High Entropy Alloy as An Efficient Electrocatalyst Fast Driving Water Splittling Abstract The development of low-cost non-noble metal-based electrocatalysts that can work stably at high current densities for the application of Hydrogen evo",0.6046236309460021,0.6482142857142857,0.214784849391723,0.45,0.1278792201721269,0.9571428571428572,0.2147993660285095,0.6392857142857142,0.1565210683305275,0.9071428571428573,0.4369168266655578,0.6178571428571429,0.1051182557193303,0.4928571428571429,0.43840224519339,0.3857142857142857,0.2212874483125438,0.5178571428571429,0.6240079365079365,5.0,29.6,6.2801273872430325,17.0,64.869928,15.61304131976938,41.001954999999995,1.866,0.19479219696897515,0.6100000000000001,1.3900000000000001,0.037416573867739354,0.09999999999999987,4.2,0.39999999999999997,1.0,8.0,1.4142135623730951,4.0,2.6918398465999536,8.0,1.4142135623730951,13.381611358925285,0.0,0.0,0.6,0.8,1.0,0.4,0.8,0.6,0.0,0.0,0.6,0.2,0.8,0.6,0.0,1.0,0.8,0.6886758720927204,0.18,0.8,0.6894063330563875,72
2025,2026,2028,Co-Cu-Fe-Ni-Pd,ORR,0,,2023,2,1,2,1,29,5,"Synthesis of high-entropy alloy nanoparticles using microwave-assisted reduction and investigation of their enhanced electrochemical reaction activity en mixing. Herein, HEA nanoparticles (NPs) containing Fe, Co, Ni, Cu, and Pd were successfully synthesized on reduced graphene oxide (rGO) by microwave-assisted reduction. Compared with the corresponding monometallic catalysts, the quinary FeCoNiCuPd/rGO demonstrated greater electrocatalytic activity toward the acidic reaction . Density functional theory calculations revealed that modification of the d-band center and the hydrogen affinity induced by multielemental mi",0.3635271858410283,0.4928571428571429,0.3403109277072668,0.5982142857142857,0.0078494709577187,0.2875,0.2308190600925621,0.6821428571428572,0.0891881762916884,0.6678571428571428,0.3053796874670494,0.5035714285714286,0.1931256449711589,0.6357142857142857,0.5066281867279926,0.6857142857142857,0.3206186992848789,0.6,0.5726190476190476,5.0,31.2,7.467261881037788,20.0,68.687519,19.027006520160864,50.575,1.9439999999999997,0.13093509842666334,0.3700000000000001,1.3699999999999999,0.024494897427831695,0.04999999999999982,4.2,0.39999999999999997,1.0,9.6,1.0198039027185568,3.0,1.787948717359978,9.6,1.0198039027185568,13.381611358925285,0.2,0.2,1.0,0.8,0.6,0.4,0.6,1.0,0.4,0.2,0.4,0.0,0.8,1.0,0.2,0.6,0.8,0.7921287644729371,0.26,0.8,0.6893172007704526,73
2025,2026,2028,Co-Cu-Mo-Ni-Pd,OER,0,,2022,3,1,3,1,63,5,A hollow PdCuMoNiCo high-entropy alloy as an efficient bi-functional electrocatalyst for reaction and formic acid oxidation A hollow PdCuMoNiCo high-entropy alloy as an efficient bi-functional electrocatalyst for reaction and formic acid oxidation A hollow PdCuMoNiCo high-entropy alloy on carbon hybrid was developed as a high-performance bi-functional electrocatalyst for t,0.6264053635068966,0.7875,0.6340601791623008,0.9142857142857144,0.0199192097887438,0.5178571428571429,0.2275863352028184,0.675,0.0705025395636969,0.5642857142857143,0.6474783690114365,0.8535714285714285,0.4513942924406765,0.9035714285714286,0.3473723850867141,0.075,0.8168265392163568,0.8642857142857143,0.6839285714285714,5.0,34.4,7.964923100695951,19.0,76.706519,20.32919332871435,47.726600000000005,2.0100000000000002,0.13971399357258396,0.3200000000000003,1.3800000000000001,0.03999999999999994,0.09999999999999987,4.4,0.4898979485566356,1.0,9.2,1.7204650534085253,5.0,2.8985507246376763,9.2,1.7204650534085253,13.381611358925285,0.2,0.2,0.8,0.6,0.6,0.6,0.4,0.8,0.4,0.2,0.4,0.2,0.6,0.4,0.2,0.6,0.6,0.7137944073977422,0.26,0.6,0.6859061793621797,74
2025,2026,2028,Co-Fe-Mn-Ni-W,ORR,0,,2023,2,1,2,1,29,5,"Highly Stable Single-Phase FeCoNiMnX (X = Cr, Mo, W) High-Entropy Alloy Catalysts with Submicrometer Size for Efficient reaction -entropy alloys (HEAs) are promising reaction catalysts. However, their catalytic properties have not been proven because of the lack of a facile method to synthesize small-sized homogeneous HEA particles. Here, submicrometer-sized single-phase FeCoNiMnW HEA particles were prepared by electrochemical metallization in 900 s (at 900 °C). FeCoNiMnW shows the best reaction activity (η = 355 mV at 500 mA cm –2 ) and durability of the three HEAs because the large total density of states of FeCoNiMnW",0.3635271858410283,0.4928571428571429,0.3403109277072668,0.5982142857142857,0.0078494709577187,0.2875,0.2118204735790954,0.625,0.1028126625345307,0.7571428571428571,0.3198290295011199,0.55,0.3610184464898582,0.825,0.4679518338276527,0.5392857142857143,0.7284671819665454,0.8214285714285714,0.6107142857142858,5.0,36.0,19.026297590440446,49.0,82.449928,50.71899437856419,128.901955,1.906,0.2605071975973024,0.8099999999999998,1.3699999999999999,0.024494897427831695,0.04999999999999982,4.4,0.7999999999999999,2.0,8.0,1.4142135623730951,4.0,1.787948717359978,8.0,1.4142135623730951,13.381611358925285,0.0,0.0,0.6,0.8,1.0,0.4,0.8,0.6,0.0,0.0,0.8,0.2,0.8,0.6,0.0,1.0,0.8,0.7014282950534898,0.24,0.8,0.6812499170874755,75
2025,2026,2028,Co-Cu-Fe-Mn-Ni-Zn,ORR,0,,2025,0,1,0,1,29,6,Unveiling the impact of Al and Cr alloying on structure and reaction performance of CoCuZnMnNiFe high-entropy alloy nanoparticles,0.3635271858410283,0.4928571428571429,0.2816298699054317,0.4767857142857143,0.0362789329895958,0.7125,0.1332692896323968,0.4035714285714286,0.0456002621592638,0.3678571428571429,0.3154570776438103,0.5357142857142857,0.1200160935196313,0.525,0.4872534191858148,0.5964285714285714,0.2420689981563083,0.5392857142857143,0.5166666666666667,6.0,27.5,1.707825127659933,5.0,59.56077333333334,3.794877391558771,10.470955000000004,1.7866666666666664,0.13743685418725532,0.3599999999999999,1.3666666666666665,0.0235702260395515,0.04999999999999982,4.0,0.0,0.0,9.5,1.707825127659933,5.0,1.7246506858208417,9.5,1.707825127659933,14.897517127344186,0.0,0.0,0.6666666666666666,1.0,0.6666666666666666,0.16666666666666666,0.6666666666666666,0.6666666666666666,0.16666666666666666,0.0,0.5,0.0,0.8333333333333334,0.6666666666666666,0.0,0.6666666666666666,1.0,0.7916919074905666,0.15,0.8333333333333334,0.68000757224717,76
2025,2026,2028,Cu-Mn-Ni-Zn,ORR,0,,2024,1,1,1,1,29,4,Screening of Cu-Mn-Ni-Zn high-entropy alloy catalysts for reaction by machine-learning-accelerated density functional theory,0.3635271858410283,0.4928571428571429,0.3318336837114615,0.5785714285714286,0.0460821077347919,0.7928571428571428,0.190382940661824,0.5785714285714286,0.0871634942864168,0.6464285714285715,0.3459723272744004,0.6,0.0774056023965458,0.4392857142857143,0.444275351527806,0.4178571428571428,0.0808216344699355,0.3607142857142857,0.5452380952380953,4.0,28.0,1.8708286933869707,5.0,60.64661125000001,4.107601628308141,10.470955000000004,1.7525,0.15658464164789593,0.3599999999999999,1.3624999999999998,0.02165063509461089,0.04999999999999982,4.0,0.0,0.0,10.0,1.8708286933869707,5.0,1.5890374381365793,10.0,1.8708286933869707,11.526292643075523,0.0,0.0,0.5,1.0,0.5,0.25,0.5,0.5,0.25,0.0,0.5,0.0,0.75,0.5,0.0,0.5,1.0,0.7871033173675952,0.15,0.75,0.6789881380674214,77
2025,2026,2028,Al-Cu-Fe-Ni-Ti,OER,0,,2023,2,1,2,1,63,5,"Defect-Engineered High-Entropy Alloy (Al–Cu–Fe–Ni–Ti) Unlocks Enhanced reaction Performance Defect-Engineered High-Entropy Alloy (Al–Cu–Fe–Ni–Ti) Unlocks Enhanced reaction Performance This dataset contains DFT inputs, initial and optimized structural models for H adsorption on AlCuFeNiTi High Entropy Alloy models, including quasi-random structural models and Cu-clusteres mo",0.6264053635068966,0.7875,0.6095726194348902,0.8857142857142857,0.0216764163964244,0.575,0.3286690680724813,0.85,0.0820384517356239,0.6214285714285714,0.6123292412535304,0.6964285714285714,0.349771289190639,0.8142857142857143,0.3496918910569778,0.0821428571428571,0.6634864852950422,0.8107142857142857,0.6803571428571429,5.0,23.6,5.817215828899594,16.0,50.58658772,12.852331874154324,36.5644614,1.7579999999999998,0.15354478174135383,0.3699999999999999,1.35,0.05477225575051658,0.1499999999999999,3.8,0.39999999999999997,1.0,9.2,3.059411708155671,9.0,4.057204129667895,7.2,3.1874754901018454,13.381611358925285,0.0,0.0,0.6,0.8,0.6,0.2,0.4,0.6,0.2,0.0,0.2,0.2,0.6,0.4,0.0,0.6,0.8,0.6288003843526392,0.06,0.6,0.678800829591506,78
2025,2026,2028,Co-Cu-Mo-Ni-Ru,OER,0,,2025,0,1,0,1,63,5,"S1-MatAgent: A planner driven multi-agent system for material discovery ovel composition optimization algorithm based on gradients of machine learning interatomic potential, achieving 27.7 % improvement in material performance. S1-MatAgent designed 13 high-performance catalysts from 20 million candidates, with Ni4Co4Cu1Mo3Ru4 exhibiting an overpotential of 18.6 mV at 10 mA cm-2 and maintaining 97.5 % activity after 500 hours at 500 mA cm-2. The universal MAS framework offers a universal and scalable solution for material discovery, significantly improving desig",0.6264053635068966,0.7875,0.5590231129327117,0.7875,0.0136994228655924,0.4303571428571429,0.3869624970784289,0.925,0.1000595017233366,0.7321428571428571,0.6319067981100804,0.8,0.4210036427003503,0.875,0.3426206992641608,0.05,0.7938094410882749,0.85,0.6930555555555555,5.0,34.0,7.402702209328699,17.0,75.63651899999999,18.82203102898951,42.376599999999996,2.0100000000000002,0.13971399357258396,0.3200000000000003,1.3599999999999999,0.04898979485566353,0.1499999999999999,4.4,0.4898979485566356,1.0,8.8,1.7204650534085253,5.0,3.602190798210554,8.8,1.7204650534085253,13.381611358925285,0.2,0.2,0.8,0.6,0.6,0.6,0.6,0.6,0.2,0.2,0.4,0.2,0.6,0.6,0.2,0.6,0.6,0.6680578026155053,0.26,0.6,0.6762923407846515,79
2025,2026,2028,Al-Co-Cr-Fe-Ni,ORR,0,,2020,5,3,0,2,29,5,"Stable High-Entropy Alloy AlCoCrFeNi2.1 with Anti-Dealloying Effect for Enhanced reaction Performance Self- supported high-entropy alloy electrocatalyst for highly efficient H2 evolution in acid condition Enhanced reaction Performance of Amorphous/Crystalline Ni Nanoparticles-Decorated Maze-like Nanoporous High-Entropy Alloy Stable High-Entropy Alloy AlCoCrFeNi2.1 with Anti-Dealloying Effect for Enhanced reaction Performance The catalytic performance of reaction ( reaction ) catalysts is influenced by their elemental composition. Aluminum (Al) offers abundant active sites due to it recious catalysts as Pt substitutes for electrochemical reaction ( reaction ) with superior stability in acidic electrolyte is of critical importance for large-scale, low-cost hydrogen production from water. Herein, we report a CoCrFeNiAl high-entropy alloy (HEA) electrocatalyst with self-supported structure synthesized by mechanical alloying and spark plasma sintering (SPS) consolidation. The HEA after HF treatment and in situ electrochemical activation for 4000 cycles of are emerging as promising electrocatalysts due to their distinctive properties. Surface engineering is an efficient strategy for the further advancement of reaction ( reaction ) electrocatalysts. Herein, a maze-like nanoporous CoCrFeNiAl HEA (NPCCF) with fine ligament sizes of ∼17 nm was fabricated using a selective phase dealloying strategy. Compared with commercial thick-ligament porous nickel foam (NF) and as-spun CoCrFeNiAl ribbon, NPCCF, with its nanoscale ligament 3D",0.6046236309460021,0.6482142857142857,0.1726011655056521,0.4285714285714285,0.1229769125441557,0.95,0.1409257375123684,0.4142857142857143,0.1452007113992697,0.8964285714285715,0.4461498558397592,0.6285714285714286,0.0403452231523618,0.3392857142857143,0.5269463244514141,0.75,0.0787083870689806,0.3464285714285714,0.6001984126984127,5.0,23.6,5.4626001134990645,15.0,50.489846719999996,12.018114934180327,31.951656399999997,1.778,0.12056533498481224,0.2999999999999998,1.35,0.05477225575051658,0.1499999999999999,3.8,0.39999999999999997,1.0,9.2,2.315167380558045,7.0,4.057204129667895,7.2,2.4819347291981715,13.381611358925285,0.0,0.0,0.6,0.8,0.8,0.2,0.6,0.6,0.0,0.0,0.6,0.2,0.8,0.6,0.0,0.8,0.8,0.6518859970822182,0.18,0.8,0.6676550848389511,80
2025,2026,2028,Al-Cr-Fe-Mo-Ni,HER,0,,2022,3,1,3,1,63,5,"Sputter‐Deposited High Entropy Alloy Thin Film Electrocatalyst for Enhanced reaction Performance talysts are prepared and characterized. The surface electronic structure modification due to the addition of a metal is studied experimentally and theoretically using density functional theory calculation. It is demonstrated that sputtered FeNiMoCrAl HEA thin film exhibits reaction performance superior to all the reported HEA catalysts with robust electrocatalytic activity having a low overpotential of 220 mV at 10 mA cm –2 , and excellent electrochemical stability at different constant cur",0.6264053635068966,0.7875,0.6316111404031914,0.9035714285714286,0.0212547822822095,0.5607142857142857,0.2842435012055196,0.7678571428571429,0.1036364336846749,0.7607142857142857,0.6341706449930073,0.8142857142857143,0.3375250484300546,0.8071428571428572,0.4276943882441144,0.3214285714285714,0.720212727555946,0.8178571428571428,0.7267857142857141,5.0,26.6,9.28654941299512,29.0,57.89120772,22.102945562039245,68.9584614,1.834,0.19622436138257657,0.55,1.3699999999999999,0.06782329983125265,0.19999999999999996,4.0,0.6324555320336759,2.0,8.6,2.6532998322843198,7.0,4.950605827098735,6.6,2.33238075793812,13.381611358925285,0.0,0.0,0.4,0.6,0.8,0.4,0.4,0.4,0.0,0.0,0.4,0.4,0.6,0.4,0.0,0.8,0.6,0.5408535682707787,0.12,0.6,0.6673096419098049,81
2025,2026,2028,Co-Cu-Fe-Ga-Ni-Ti,ORR,0,,2024,1,1,1,2,29,6,Self-Supporting FeCoNiCuTiGa High-Entropy Alloy Electrodes for Alkaline Hydrogen and reaction Reactions: Experimental and Theoretical Insights Self-Supporting FeCoNiCuTiGa High-Entropy Alloy Electrodes for Alkaline Hydrogen and reaction Reactions: Experimental and Theoretical Insights The preparation of clean and sustainable renewable energy requires the development of bifunctional electrocatalysts w,0.3635271858410283,0.4928571428571429,0.07243176058661,0.3875,0.0194443537085532,0.5089285714285714,0.1545086739790547,0.4464285714285714,0.1009539496918913,0.7428571428571429,0.4679628378054022,0.6517857142857143,0.0775584157847967,0.4428571428571428,0.6363527825695015,0.9232142857142858,0.1405342713134059,0.45,0.5607142857142857,6.0,27.166666666666668,2.793842435706702,9.0,59.101265833333336,6.70302788365105,21.856,1.8116666666666668,0.12667763110439906,0.3699999999999999,1.3583333333333334,0.03435921354681378,0.09999999999999987,4.0,0.0,0.0,9.166666666666666,2.793842435706702,9.0,2.529512653753162,7.5,2.9860788111948193,14.897517127344186,0.0,0.0,0.6666666666666666,0.8333333333333334,0.6666666666666666,0.16666666666666666,0.5,0.6666666666666666,0.16666666666666666,0.0,0.3333333333333333,0.16666666666666666,0.6666666666666666,0.6666666666666666,0.0,0.6666666666666666,0.8333333333333334,0.7469073357329652,0.09999999999999999,0.6666666666666666,0.6663936292913181,82
2025,2026,2028,Co-Cu-In-Mo-Ni,HER,0,,2025,0,1,0,1,63,5,"High-Entropy Alloy Electron-Penetrated Nitrogen-Doped Carbon Interface Breaking Activity–Stability Trade-off in Acidic reaction to H2O2 n activity–stability trade-off. Herein, we propose to construct a high-entropy alloy electron-penetrated and stable nitrogen-doped carbon interface for acidic electrosynthesis of H 2 O 2 . As a proof of concept, a typical catalyst with the MoNiCuCoIn high-entropy alloy encapsulated in few-layer nitrogen-doped carbon (MoNiCuCoIn@CN) is developed. The experimental results and theoretical calculations confirm that the MoNiCuCoIn core activates the outer carbon layer via interfacial electr",0.6264053635068966,0.7875,0.5564232091858533,0.7625,0.0234162024630583,0.6125,0.3621211773088886,0.8928571428571429,0.0652055264524702,0.5178571428571429,0.6748615659638714,0.9357142857142856,0.2434339281310437,0.7214285714285714,0.4827618798593343,0.575,0.4009088060534643,0.6428571428571429,0.716468253968254,5.0,35.0,8.87693640846886,22.0,78.386119,22.89921071590556,56.1246,1.9259999999999997,0.12579348154813114,0.3800000000000001,1.4100000000000001,0.07999999999999996,0.19999999999999996,4.4,0.48989794855663565,1.0,9.8,2.315167380558045,7.0,5.673758865248224,7.8,2.925747767665559,13.381611358925285,0.0,0.0,0.6,0.6,0.6,0.4,0.4,0.6,0.4,0.0,0.4,0.2,0.6,0.4,0.0,0.6,0.6,0.5431502366751737,0.12,0.6,0.6633557852882663,83
2025,2026,2028,Co-Cu-Fe-Ni,CO2RR,0,,2024,1,2,0,2,1,4,"Descriptor-Guided Design of Mo-Doped FeCoNiCu High-Entropy Alloy Electrocatalysts Surpassing Pt for Alkaline reaction Aerosol Assisted Synthesis of Iron Oxide@High Entropy Alloy Core-Shell Nanospheres as Superior Electrocatalyst for the reaction Descriptor-Guided Design of Mo-Doped FeCoNiCu High-Entropy Alloy Electrocatalysts Surpassing Pt for Alkaline reaction High Resolution Image Download MS PowerPoint Slide High-entropy alloys (HEAs) offer an immense compositional playground for electrocatalyst discovery. Yet, t is study explores the synthesis of high-entropy alloy (HEA) nanoparticles with core-shell structures using hydrogen reduction-assisted ultrasonic spray pyrolysis (USP). The focus is on synthesizing nanoparticles with transition metal based CoCuFeNi and CoCuFeNiZn HEA shells over iron oxide cores. The USP method enabled precise control over particle composition and morphology, resulting in spherical nanoparticles with complex core-shell configurations. The first synthesized particles",0.0247677549561598,0.2946428571428571,0.0078964846865297,0.0785714285714285,0.0202828581676997,0.5535714285714286,0.1974953699226646,0.5928571428571429,0.0914636526185427,0.6892857142857143,0.0496107522309014,0.2535714285714285,0.0048637515017086,0.0571428571428571,0.511353317086924,0.6892857142857143,0.0071981951427199,0.075,0.3648809523809524,4.0,27.5,1.118033988749895,3.0,59.25439875,2.7595168314407306,7.7010000000000005,1.88,0.03082207001484482,0.07999999999999985,1.3624999999999998,0.02165063509461089,0.04999999999999982,4.0,0.0,0.0,9.5,1.118033988749895,3.0,1.5890374381365793,9.5,1.118033988749895,11.526292643075523,0.0,0.0,1.0,1.0,0.75,0.25,0.75,1.0,0.25,0.0,0.5,0.0,1.0,0.25,0.0,0.75,1.0,0.875137117510731,0.15,1.0,0.6617375638246479,84
2025,2026,2028,Co-Ni-Pd-Pt-Ru,OER,0,,2024,1,1,1,2,63,5,"Size‐Adjustable High‐Entropy Alloy Nanoparticles as an Efficient Platform for Electrocatalysis ses, such as the reaction ( reaction ), reaction ( reaction ), CO 2 electroreduction (CO 2 RR) and NO 3 − electroreduction (NO 3 RR). Under the guidance of theoretical calculations, we synthesize a range of ultrasmall PtRuPdCoNi HEA nanoparticles with adjustable sizes (1.7, 2.3, 3.0, and 3.9 nm) using a one‐step spatially confined approach, without any further treatment. Experimentally, the smaller size of HEAs is more favorable for the reaction and reaction performances, a",0.6264053635068966,0.7875,0.2015987624465034,0.4446428571428571,0.0460876048205311,0.7982142857142858,0.3213183863446591,0.8392857142857143,0.165451026073374,0.9142857142857144,0.7703550851112866,0.9714285714285714,0.1538856453974907,0.575,0.525520672330493,0.7357142857142858,0.3602942118767627,0.6285714285714286,0.7438492063492065,5.0,44.6,18.456435192094922,51.0,104.040119,49.78841878348261,136.3906,2.094,0.16536021286875516,0.3999999999999999,1.3499999999999999,0.03162277660168375,0.09999999999999987,4.8,0.7483314773547882,2.0,9.4,0.8,2.0,2.342427896421019,9.4,0.8,13.381611358925285,0.6,0.6,1.0,0.4,0.4,0.8,0.6,0.8,0.2,0.6,0.4,0.0,0.4,0.6,0.6,0.4,0.4,0.7319900377245052,0.54,0.4,0.6603291541744944,85
2025,2026,2028,Co-Cu-Mo-Ni-Zn,OER,0,,2025,0,1,0,1,63,5,Structural reorganization of high-entropy alloy CoNiCuMoZn for enhanced reaction performance,0.6264053635068966,0.7875,0.5590231129327117,0.7875,0.0136994228655924,0.4303571428571429,0.3033016246070276,0.8,0.0611396117943066,0.4714285714285714,0.6125919480932078,0.7,0.1395963204520005,0.5464285714285714,0.426593570080619,0.3107142857142857,0.3360031803685109,0.6142857142857143,0.6053571428571429,5.0,31.2,5.491812087098393,15.0,68.504319,13.96239997421088,37.2466,1.9,0.16161683080669545,0.5100000000000002,1.3699999999999999,0.03999999999999995,0.09999999999999987,4.2,0.39999999999999997,1.0,9.6,2.0591260281974,6.0,2.919708029197077,9.6,2.0591260281974,13.381611358925285,0.0,0.0,0.6,0.8,0.6,0.4,0.4,0.6,0.2,0.0,0.4,0.2,0.6,0.4,0.0,0.6,0.8,0.6970871965375032,0.12,0.6,0.6595368732469652,86
2025,2026,2028,Cu-Ir-Ni-Pd-Pt,HER,0,,2022,3,1,3,1,63,5,"Quinary, Senary, and Septenary High Entropy Alloy Nanoparticle Catalysts from Core@Shell Nanoparticles and the Significance of Intraparticle Heterogeneity l distributions, was observed for NPs containing Ir and Ru, with the phase stabilities of the HEAs studied by atomistic simulations. The quinary HEA NPs were found to be durable catalysts for the reaction , with all but the PdCuPtNiIr NPs presenting better activities than commercial Pt. Density functional theory (DFT) calculations for PdCuPtNiCo and PdCuPtNiIr surfaces (the two extremes in performance) found agreement with experiment by weighting the adsorption energy c",0.6264053635068966,0.7875,0.6316111404031914,0.9035714285714286,0.0212547822822095,0.5607142857142857,0.3562503267819941,0.8821428571428571,0.0821197226431614,0.625,0.6543901043820828,0.8928571428571429,0.2749633576977703,0.7535714285714286,0.3256907185310439,0.0178571428571428,0.5360752126737682,0.7571428571428571,0.6867063492063493,5.0,51.6,22.096153511414606,50.0,123.19208,59.8864341749081,136.3906,2.098,0.16029971927611106,0.3799999999999999,1.36,0.019999999999999928,0.04999999999999982,5.0,0.8944271909999159,2.0,10.0,0.6324555320336759,2.0,1.4705882352941122,10.0,0.6324555320336759,13.381611358925285,0.6,0.6,1.0,0.4,0.2,0.8,0.4,0.8,0.4,0.6,0.2,0.0,0.4,0.8,0.6,0.2,0.4,0.792201961212605,0.48,0.4,0.6586784455066388,87
2025,2026,2028,Co-Ir-Ni-Pt,ORR,0,,2025,0,1,0,1,29,4,"Controllable moderate-temperature synthesis of high entropy PtIrCoNixFe1-x for superior reaction Controllable moderate-temperature synthesis of high entropy PtIrCoNixFe1-x for superior reaction Platinum (Pt) is renowned for its remarkable catalytic activity in the reaction ( reaction ); however, its significant cost constrains its widespread use. Integrating Pt with trans",0.3635271858410283,0.4928571428571429,0.309157267279426,0.5517857142857143,0.0329006385455272,0.6803571428571429,0.2582339664658702,0.725,0.140396457424332,0.8821428571428571,0.3031778508628549,0.4857142857142857,0.223677645184513,0.6857142857142857,0.386882621975758,0.2178571428571428,0.4286398660187369,0.6785714285714286,0.6000000000000001,4.0,52.5,25.004999500099974,51.0,126.23189875,67.42627413209746,136.3906,2.0675,0.1751249553890022,0.3999999999999999,1.35,0.0,0.0,5.0,1.0,2.0,9.5,0.5,1.0,0.0,9.5,0.5,11.526292643075523,0.5,0.5,1.0,0.5,0.5,0.75,0.75,0.75,0.0,0.5,0.5,0.0,0.5,0.75,0.5,0.5,0.5,0.8774125312276985,0.5,0.5,0.6582237593683096,88
2025,2026,2028,Co-Fe-Ir-Pd-Pt,OER,0,,2020,5,1,5,1,63,5,"Synthesis of high-entropy alloy nanoparticles on supports by the fast moving bed pyrolysis ry (MnCoNiCuRhPdSnIrPtAu) HEA-NPs at 923 K. Fast moving bed pyrolysis strategy ensures the mixed metal precursors rapidly and simultaneously pyrolyzed at high temperatures, resulting in nuclei with a small size. The representative quinary (FeCoPdIrPt) HEA-NPs exhibit high stability (150 h) toward reaction with high mass activity, which is 26 times higher than the commercial Pt/C at an overpotential of 100 mV. Our strategy provides an improved methodology for synthesizi",0.6264053635068966,0.7875,0.6809177728871273,0.9642857142857144,0.0801619063419327,0.8892857142857142,0.1854416537464331,0.5571428571428572,0.0607478183263506,0.4678571428571428,0.6140379145547893,0.7035714285714286,0.4434079942840354,0.8928571428571429,0.3889178494620377,0.225,0.8829463021678988,0.9071428571428573,0.710515873015873,5.0,50.8,22.938177782901587,52.0,121.69983900000003,61.42945544244784,139.239,2.078,0.1850837648201484,0.44999999999999973,1.3699999999999999,0.024494897427831695,0.04999999999999982,5.0,0.8944271909999159,2.0,9.2,0.7483314773547883,2.0,1.787948717359978,9.2,0.7483314773547883,13.381611358925285,0.6,0.6,1.0,0.4,0.4,0.6,0.6,0.8,0.2,0.6,0.2,0.0,0.4,0.6,0.6,0.4,0.4,0.7542246979974976,0.48,0.4,0.6579995522563922,89
2025,2026,2028,Co-Cu-Fe-Mn-Ni-Ru,ORR,0,,2025,0,1,0,1,29,6,"Tailoring the Electronic Landscape and Metal–Support Interface of High-Entropy Alloys for Efficient Bifunctional Electrocatalysis active sites but still face persistent challenges, such as unstable metal–support interfaces and intricate electronic structure modulation. Here, inspired by cell membrane-embedded synthetase catalytic units in the photosystem, we report a MnFeCoNiCuRu x HEA electrocatalyst anchored on carbon nanofibers (CNFs) via the concurrent growth of HEA nanocrystals and CNF film support, which exhibits stable and strong metal–carbon interface coupling. In this architecture, trace Ru (∼4 wt %) acts",0.3635271858410283,0.4928571428571429,0.2816298699054317,0.4767857142857143,0.0362789329895958,0.7125,0.1452694794933877,0.425,0.04467320435529,0.3535714285714286,0.3210799844043366,0.5571428571428572,0.1639839683939932,0.5928571428571429,0.529896798953902,0.7607142857142857,0.3144711371408091,0.5928571428571429,0.5515873015873016,6.0,29.833333333333332,6.465721580423608,19.0,65.50427333333333,16.14140409176446,46.13195499999999,1.8783333333333332,0.18933362676033602,0.6500000000000001,1.3583333333333334,0.03435921354681378,0.09999999999999987,4.166666666666667,0.37267799624996495,1.0,8.833333333333334,1.3437096247164249,4.0,2.529512653753162,8.833333333333334,1.3437096247164249,14.897517127344186,0.16666666666666666,0.16666666666666666,0.8333333333333334,0.8333333333333334,0.6666666666666666,0.3333333333333333,0.8333333333333334,0.6666666666666666,0.16666666666666666,0.16666666666666666,0.5,0.0,0.8333333333333334,0.6666666666666666,0.16666666666666666,0.6666666666666666,0.8333333333333334,0.7030481387738092,0.26666666666666666,0.8333333333333334,0.6574620606797619,90
2025,2026,2028,Al-Co-Cr-Ni-Ti-V,HER,0,,2025,0,1,0,1,63,6,"Heat Treatment-Assisted Optimization of the Water Splitting Performance of CoCrNi0.5Ti0.3V0.2Al0.4 Eutectic High-Entropy Alloy Heat Treatment-Assisted Optimization of the Water Splitting Performance of CoCrNi0.5Ti0.3V0.2Al0.4 Eutectic High-Entropy Alloy In this study, the synergistic tuning mechanism of heat treatment (600, 800, and 1000 °C) and dealloying (40, 60, and 80 °C) on the microstructure and electrocatalytic performance of an FCC + BCC-type CoCrNi0.5T",0.6264053635068966,0.7875,0.5400375119641653,0.7267857142857143,0.0089770331830122,0.3160714285714285,0.3187729088325744,0.8285714285714286,0.1389240018867681,0.8785714285714286,0.6369530383416702,0.8214285714285714,0.2190191547617219,0.6821428571428572,0.428650124330009,0.3535714285714286,0.4277455395973616,0.675,0.674404761904762,6.0,22.833333333333332,4.879093722768149,15.0,49.235455599999995,10.732661205512565,31.951656399999997,1.705,0.1393735986476635,0.3699999999999999,1.3499999999999999,0.04999999999999997,0.1499999999999999,3.8333333333333335,0.3726779962499649,1.0,7.833333333333333,3.131382371342656,9.0,3.7037037037037015,6.166666666666667,2.544056253745625,14.897517127344186,0.0,0.0,0.3333333333333333,0.8333333333333334,0.8333333333333334,0.16666666666666666,0.3333333333333333,0.3333333333333333,0.0,0.0,0.6666666666666666,0.5,0.5,0.16666666666666666,0.0,0.8333333333333334,0.8333333333333334,0.661697740205895,0.19999999999999998,0.5,0.6569914649189112,91
2025,2026,2028,Co-Cr-Fe-Ni,CO2RR,0,,2021,4,6,0,2,1,4,"CoCrFeNi High-Entropy Alloy as an Enhanced reaction Catalyst in an Acidic Solution The Effect of Surface Oxygen Coverage on the reaction over a CoFeNiCr High-Entropy Alloy Stable High-Entropy Alloy AlCoCrFeNi2.1 with Anti-Dealloying Effect for Enhanced reaction Performance High Entropy Alloy CoCrFeNiMo Reinforced Electrocatalytic Performance for High‐Efficient Electrocatalytic Water Splitting Enhanced electrocatalytic reaction with CoNiFe(Cr/V) based high entropy alloy electrodes Laser-constructed 3D self-supported CoCu metal-organic framework electrocatalysts for efficient reaction CoCrFeNi High-Entropy Alloy as an Enhanced reaction Catalyst in an Acidic Solution . The Effect of Surface Oxygen Coverage on the reaction over a CoFeNiCr High-Entropy Alloy Developing cost-effective and highly active electrocatalysts for the reaction ( reaction ) is crucial for advancing sustainable energy applications. High-entropy alloys (HEAs) made from earth-abundant transitio Stable High-Entropy Alloy AlCoCrFeNi2.1 with Anti-Dealloying Effect for Enhanced reaction Performance The catalytic performance of reaction ( reaction ) catalysts is influenced by their elemental composition. Aluminum (Al) offers abundant active sites due to High Entropy Alloy CoCrFeNiMo Reinforced Electrocatalytic Performance for High‐Efficient Electrocatalytic Water Splitting Abstract The development of efficient, durable, and affordable electrocatalysts is critical for the advancement of a hydrogen economy, particular nced electrocatalytic reaction with CoNiFe(Cr/V) based high entropy alloy electrodes In this study, the electrocatalytic properties of single-phase face-centered cubic high entropy alloy electrodes with equiatomic compositions of CoNiFeCr, CoNiFeV, and CoNiFe(Cr/V) are explored for the reaction ( reaction ) in 1M KOH and 0.5M H2SO4. Among these, the CoNiFe(Cr/V) High Entropy Alloy (HEA) electrodes exhibited superior performance, achieving overpotentials of 277 a ed outstanding challenges due to their poor conductivity and electrochemical stability. Here, we report a novel and promising self-supported oxygen electrocatalyst featuring bimetallic MOF nanosheets loaded on femtosecond-laser-constructed CoCrFeNi high-entropy alloy substrate (CCM/FHEA). This integrated design leverages synergistic advantages—including expansive specific surface area, rapid electrolyte exchange, and strong electronic interaction—to achieve exceptional oxygen evoluti",0.0706178978083158,0.3714285714285714,0.0539213221331358,0.3571428571428571,0.00984471703893,0.3285714285714285,0.1225817395194003,0.3821428571428571,0.0557375158828113,0.425,0.0577565954694086,0.2857142857142857,0.0371369750326507,0.3178571428571428,0.5973733483246589,0.8785714285714286,0.0772109616316748,0.3428571428571428,0.4099206349206349,4.0,26.25,1.479019945774904,4.0,56.36692375,2.800658160360201,6.937094999999999,1.82,0.09669539802906858,0.25,1.375,0.02499999999999991,0.04999999999999982,4.0,0.0,0.0,8.25,1.479019945774904,4.0,1.8181818181818117,8.25,1.479019945774904,11.526292643075523,0.0,0.0,0.75,1.0,1.0,0.25,0.75,0.75,0.0,0.0,0.75,0.25,1.0,0.0,0.0,1.0,1.0,0.8141314031978342,0.22499999999999998,1.0,0.656203706673636,92
2025,2026,2028,Mo-Ni-Pd-Pt-Rh,OER,0,,2023,2,2,0,1,63,5,"Surface Reconstruction of PtRhNiMoPd Nanocrystals Facilitates reaction from Acidic Electrolytic Water High-entropy alloy nanocrystal assembled by nanosheets with d–d electron interaction for reaction Surface Reconstruction of PtRhNiMoPd Nanocrystals Facilitates reaction from Acidic Electrolytic Water The development and design of Pt-based alloy catalysts with high activity and stability are important for the reaction , especially in acidic medi High-entropy alloy nanocrystal assembled by nanosheets with d–d electron interaction for reaction Unique PtMoPdRhNi high-entropy alloy nanocrystals (NCs) catalysts assembled by radial nanosheets with multiple active sites with different local chemical environments and the interaction of d–d electron for superior reaction performance.",0.7495347567472388,0.9464285714285714,0.6775024891536399,0.9607142857142856,0.0549460800054536,0.8321428571428572,0.2417833597879907,0.7035714285714286,0.0663888676867274,0.5357142857142857,0.6315582106269128,0.7928571428571428,0.7130971773324133,0.9928571428571428,0.4556253221463838,0.4428571428571428,1.0,0.9714285714285714,0.7976190476190477,5.0,47.8,16.424372134118247,50.0,111.80858,44.980287641872636,136.3906,2.166,0.1361763562443936,0.3699999999999999,1.3799999999999997,0.03999999999999994,0.09999999999999987,5.0,0.6324555320336759,2.0,9.0,1.5491933384829668,4.0,2.898550724637677,9.0,1.5491933384829668,13.381611358925285,0.6,0.6,0.8,0.2,0.4,1.0,0.2,0.6,0.2,0.6,0.2,0.2,0.2,0.2,0.6,0.4,0.2,0.7162707535274755,0.48,0.2,0.6558097974868142,93
2025,2026,2028,Co-Mn-Ni-Ru-Ta,OER,0,,2025,0,1,0,1,63,5,"The synergistic effect in a CoNiTaRuMn high-entropy alloy regulates Ru valence state for efficient reaction The synergistic effect in a CoNiTaRuMn high-entropy alloy regulates Ru valence state for efficient reaction A strategy leveraging CoNiTaRuMn HEA element synergies promotes Ru hydroxylation (Ru 0 to Ru 4+ ), highlighting HEA valence – state regulation, providing active",0.6264053635068966,0.7875,0.5590231129327117,0.7875,0.0136994228655924,0.4303571428571429,0.5121802906073951,0.9857142857142858,0.1434583567914411,0.8928571428571429,0.6243301045570641,0.7464285714285714,0.3674716317480782,0.8321428571428572,0.382855867231868,0.1928571428571428,0.7372814764382256,0.825,0.7200396825396826,5.0,39.4,18.11739495622922,48.0,90.916504,48.0925194671154,126.009835,1.8079999999999998,0.2571692049993545,0.7000000000000002,1.3699999999999999,0.0509901951359278,0.1499999999999999,4.6,0.8,2.0,7.8,1.7204650534085253,5.0,3.7219120537173582,7.8,1.7204650534085253,13.381611358925285,0.2,0.2,0.6,0.6,0.8,0.4,0.8,0.4,0.0,0.2,0.6,0.2,0.6,0.8,0.2,0.8,0.6,0.5780572730088236,0.31999999999999995,0.6,0.6554350390455042,94
2025,2026,2028,Co-Cu-Fe-Ni-P,OER,0,,2024,1,2,0,1,63,5,Self-supported FeCoNiCuP high-entropy alloy nanosheet arrays for efficient glycerol oxidation and reaction in seawater electrolytes Facile synthesis of NiCoCuFeP high-entropy alloy electrocatalysts via electroless deposition for high-efficient reaction Self-supported FeCoNiCuP high-entropy alloy nanosheet arrays for efficient glycerol oxidation and reaction in seawater electrolytes Self-supported FeCoNiCuP high entropy alloy nanosheet arrays electrocatalyst was developed for highly efficient glycerol o,0.7495347567472388,0.9464285714285714,0.675231779794557,0.9535714285714286,0.0431026552221013,0.7714285714285715,0.3661999815938161,0.9,0.1385011920889719,0.8714285714285714,0.6283561194457258,0.7714285714285715,0.4740374797769873,0.9071428571428573,0.4282205816430773,0.3321428571428571,0.94358021886234,0.925,0.8198412698412699,5.0,25.0,5.0990195135927845,14.0,53.5982714,11.578387319142326,32.572238,1.9419999999999997,0.12702755606560331,0.3599999999999999,1.2899999999999998,0.14628738838327796,0.3999999999999999,3.8,0.39999999999999997,1.0,10.6,2.4166091947189146,7.0,11.340107626610695,8.6,2.0591260281974,13.381611358925285,0.0,0.0,0.8,0.8,0.6,0.2,0.6,0.8,0.2,0.0,0.4,0.0,0.8,0.6,0.0,0.6,0.8,0.2610807107540776,0.12,0.8,0.6552527846547948,95
2025,2026,2028,Al-Co-Fe-Mo-Ni,ORR,0,,2022,3,3,0,1,29,5,"Self-supported AlFeNiCoMo high-entropy alloy with micropillar array structure for efficient reaction reaction Enhancement of Bulk FeCoNiAlMo High-Entropy Alloy through Electrochemical Dealloying in ChCl-EG Deep Eutectic Solvent Electrochemical dealloying in ChCl-Urea Deep eutectic solvent: A strategy to fabricate porous FeCoNiAlMo high-entropy alloy with enhanced reaction activity Self-supported AlFeNiCoMo high-entropy alloy with micropillar array structure for efficient reaction The development of low-cost and efficient electrocatalysts for reaction ( reaction ) is crucial for the application of hydrogen energy. I reaction Enhancement of Bulk FeCoNiAlMo High-Entropy Alloy through Electrochemical Dealloying in ChCl-EG Deep Eutectic Solvent High-entropy alloys (HEAs), which represent a new type of multielement alloys, have received growing research as potential electrocatalytic oxygen evolu Electrochemical dealloying in ChCl-Urea Deep eutectic solvent: A strategy to fabricate porous FeCoNiAlMo high-entropy alloy with enhanced reaction activity High-entropy alloys (HEAs), as a new type of multi-element alloy, have become widely studied electrocatalytic materials in recent years due to their excellent catalytic pe",0.6046236309460021,0.6482142857142857,0.5323643544288876,0.7178571428571429,0.1844543917028408,0.9928571428571428,0.1062631459317105,0.3178571428571428,0.0804407320052436,0.6107142857142858,0.3069152578654927,0.5142857142857142,0.4502361147181612,0.9,0.4735377870916227,0.55,0.8899813367072209,0.9142857142857144,0.6851190476190477,5.0,27.2,9.195651146058118,29.0,59.27862672,21.906208241710043,68.9584614,1.8780000000000001,0.17588632692736522,0.55,1.36,0.06633249580710797,0.19999999999999996,4.0,0.6324555320336759,2.0,9.2,2.315167380558045,7.0,4.877389397581468,7.2,2.4819347291981715,13.381611358925285,0.0,0.0,0.6,0.6,0.8,0.4,0.6,0.6,0.0,0.0,0.4,0.2,0.6,0.6,0.0,0.8,0.6,0.5598492603080489,0.12,0.6,0.6542583495209862,96
2025,2026,2028,Co-Cr-Fe-Ni-V,ORR,0,,2025,0,1,0,1,29,5,"Electronic Structure Modulation Coupled with Vacancy Defect Engineering in FeCoNiCrV High-Entropy Alloy Electrocatalyst for Enhanced reaction Electronic Structure Modulation Coupled with Vacancy Defect Engineering in FeCoNiCrV High-Entropy Alloy Electrocatalyst for Enhanced reaction Strategic engineering of composition and defects in high-entropy alloy (HEA) catalysts represents a critical frontier for advancing catalytic technologies, yet this",0.3635271858410283,0.4928571428571429,0.2952071380385401,0.5232142857142857,0.009961666763347,0.3517857142857143,0.1430469054717986,0.4178571428571428,0.0688932250206925,0.5535714285714286,0.2885817095167935,0.4071428571428571,0.1993391636279155,0.6535714285714286,0.3689206767019771,0.1535714285714285,0.4502608762228317,0.7035714285714286,0.473015873015873,5.0,25.6,1.854723699099141,5.0,55.281839000000005,3.3143000111160728,7.991695,1.782,0.11513470371699405,0.28,1.3699999999999999,0.024494897427831695,0.04999999999999982,4.0,0.0,0.0,7.6,1.8547236990991407,5.0,1.787948717359978,7.6,1.8547236990991407,13.381611358925285,0.0,0.0,0.6,1.0,1.0,0.2,0.6,0.6,0.0,0.0,0.8,0.4,0.8,0.6,0.0,1.0,1.0,0.8031890407697055,0.24,0.8,0.6498138550880546,97
2025,2026,2028,Co-Fe-Mn-Ni-Ru,ORR,0,,2024,1,2,0,2,29,5,"Ruthenium-Based High-Entropy Alloys Expediting reaction through Catalytic Hydrolysis of Ammonia Borane Suppressing migration of Ru in a high-entropy alloy for durable acidic reaction to match the multistep catalytic processes in AB hydrolysis is a critical and urgent task but a tough challenge. Herein, we propose a synthesis scheme for a high-entropy alloy (HEA) catalyst for hydrogen liberation from AB hydrolysis. The FeCoNiMnRu HEA with face-centered cubic (fcc) phase was synthesized by the polymer fiber nanoreactor method using low-cost transition metals of Co, Fe, Mn, and Ni as basic elements combined with the precious metal Ru, which facilitates the electron t Suppressing migration of Ru in a high-entropy alloy for durable acidic reaction The high-entropy alloy (HEA) catalyst FeCoNiMnRu significantly enhances the surface migration energy barrier of Ru atoms, thereby effectively suppressing their dissolution during the reaction , exhibiting enhanced durability.",0.5037648985160553,0.6196428571428572,0.1097624467708801,0.4107142857142857,0.048044527308023,0.8142857142857143,0.1699509173332683,0.5107142857142857,0.0873368798306309,0.65,0.4429977706238361,0.625,0.0415488968025991,0.3428571428571428,0.5593520294208246,0.8178571428571428,0.0822309389326728,0.3714285714285714,0.5736111111111111,5.0,30.0,7.0710678118654755,19.0,65.895928,17.655977769492853,46.13195499999999,1.874,0.20713280763799832,0.6500000000000001,1.3599999999999999,0.037416573867739354,0.09999999999999987,4.2,0.39999999999999997,1.0,8.4,1.0198039027185568,3.0,2.751218666745541,8.4,1.0198039027185568,13.381611358925285,0.2,0.2,0.8,0.8,0.8,0.4,1.0,0.6,0.0,0.2,0.6,0.0,0.8,0.6,0.2,0.8,0.8,0.676177821314941,0.31999999999999995,0.8,0.6489783463944823,98
2025,2026,2028,Co-Cu-Fe-Ni-Zn,CO2RR,0,,2021,4,4,0,1,1,5,"Regulating electrolytic Fe0.5CoNiCuZn high entropy alloy electrodes for reaction reactions in alkaline solution Enhancing reaction functionality through anodization and nitridation of compositionally complex alloy Aerosol Assisted Synthesis of Iron Oxide@High Entropy Alloy Core-Shell Nanospheres as Superior Electrocatalyst for the reaction Solid state laser synthesis of high entropy nanomaterials as elecrocatalysts for water electrolysis and biosensing d great interest in electrocatalytic applications. To date, very few materials were systematically developed and tested due to the highly difficult preparation of high-surface-area CCMs. In this work, a surface of a compositionally complex FeCoNiCuZn alloy (CCA) was nitridated with subsequent anodization leading to morphological and compositional modifications. Notably, the electrochemical surface area and surface roughness as well as the electrocatalytic activity of the anodized mater ores the synthesis of high-entropy alloy (HEA) nanoparticles with core-shell structures using hydrogen reduction-assisted ultrasonic spray pyrolysis (USP). The focus is on synthesizing nanoparticles with transition metal based CoCuFeNi and CoCuFeNiZn HEA shells over iron oxide cores. The USP method enabled precise control over particle composition and morphology, resulting in spherical nanoparticles with complex core-shell configurations. The first synthesized particles with a CoCuFeNi scalable seawater electrolysis. Second, the dissertation addresses the limitations of conventional enzymatic glucose sensors, which suffer from enzyme instability, short lifetimes, and dependence on expensive noble metals. It introduces a FeNiCoCuZn high-entropy alloy nanomaterial, also synthesized in situ by CO₂ laser on carbon paper, as a non-enzymatic glucose sensing electrode. The multimetallic surface forms active oxyhydroxide species in alkaline media, enabling direct electrocat",0.0463880730108899,0.3571428571428571,0.1013767689452642,0.4,0.0041418123048716,0.2321428571428571,0.1279495415983364,0.3928571428571428,0.071630236438794,0.5714285714285714,0.0402590156271884,0.2428571428571428,0.0568249407864725,0.3928571428571428,0.5949911203154139,0.8678571428571429,0.0728584573376751,0.3392857142857143,0.4218253968253968,5.0,28.0,1.4142135623730951,4.0,60.485319000000004,3.486058685943772,9.564000000000007,1.834,0.09604165762834375,0.26,1.3599999999999999,0.019999999999999928,0.04999999999999982,4.0,0.0,0.0,10.0,1.4142135623730951,4.0,1.4705882352941124,10.0,1.4142135623730951,13.381611358925285,0.0,0.0,0.8,1.0,0.6,0.2,0.6,0.8,0.2,0.0,0.4,0.0,0.8,0.2,0.0,0.6,1.0,0.8371826043660421,0.12,0.8,0.6489762098812412,99
2025,2026,2028,Au-Co-Cu-Fe-Ni-Pd-Pt,OER,0,,2025,0,1,0,1,63,7,FeCoNiCuAuPtPd High-Entropy Alloy Nanoclusters for Superior reaction Electrocatalysis,0.6264053635068966,0.7875,0.5261933016047239,0.7125,0.0459667518832764,0.7875,0.2111898391438782,0.6214285714285714,0.0534918246883798,0.4035714285714286,0.6331203702549735,0.8107142857142857,0.2089311940218501,0.6642857142857143,0.3358500521537585,0.0428571428571428,0.4288418994062429,0.6821428571428572,0.6125,7.0,44.714285714285715,22.282050980965987,53.0,105.0697377142857,59.732808756588504,141.121569,2.0771428571428574,0.24777376119091765,0.71,1.3642857142857143,0.0225876975726312,0.04999999999999982,4.714285714285714,0.880630571852711,2.0,9.857142857142858,0.989743318610787,3.0,1.6556427540148522,9.857142857142858,0.989743318610787,16.17919719230721,0.42857142857142855,0.2857142857142857,1.0,0.5714285714285714,0.42857142857142855,0.42857142857142855,0.42857142857142855,1.0,0.42857142857142855,0.2857142857142857,0.2857142857142857,0.0,0.5714285714285714,0.42857142857142855,0.42857142857142855,0.42857142857142855,0.5714285714285714,0.7189415881553922,0.2857142857142857,0.5714285714285714,0.6484503335894748,100
2025,2026,2028,Co-Cr-Fe-Ni-W,ORR,0,,2025,0,1,0,1,29,5,"High-entropy alloy enables multi-path electron synergism and lattice oxygen activation for enhanced reaction activity c multi-path electron transfer. Specifically, the oxidation of nickel is enhanced by this electron transfer, aided by the integration of weaker Co-O bonds, enabling effective LOM at the Ni-Co dual-site. These insights allow the design of a NiFeCoCrW0.2 HEA that exhibits improved activity, achieving an overpotential of 220 mV at a current density of 10 mA cm−2. It also demonstrates good stability, maintaining the potential with less than 5% variation over 90 days at 100 mA cm−2 current de",0.3635271858410283,0.4928571428571429,0.2952071380385401,0.5232142857142857,0.009961666763347,0.3517857142857143,0.213607589589812,0.6321428571428571,0.0905934623113481,0.6821428571428572,0.3014519426886721,0.475,0.2355759802260648,0.7071428571428572,0.3540213328426649,0.0964285714285714,0.522486107020199,0.7428571428571429,0.5226190476190476,5.0,35.8,19.145756710038913,50.0,81.861539,51.050725517734655,131.84390000000002,1.9280000000000002,0.23267144216684604,0.7,1.3699999999999999,0.024494897427831695,0.04999999999999982,4.4,0.7999999999999999,2.0,7.8,1.6,4.0,1.787948717359978,7.8,1.6,13.381611358925285,0.0,0.0,0.6,0.8,1.0,0.4,0.6,0.6,0.0,0.0,0.8,0.4,0.8,0.6,0.0,1.0,0.8,0.7209133238548092,0.24,0.8,0.6474525685850143,101
2025,2026,2028,Au-Co-Cu-Fe-Ni-Pd-Pt,HER,0,,2025,0,1,0,1,63,7,FeCoNiCuAuPtPd High-Entropy Alloy Nanoclusters for Superior reaction Electrocatalysis,0.6264053635068966,0.7875,0.5235648024319747,0.7035714285714286,0.0104494996025267,0.3785714285714285,0.3037383629713382,0.8071428571428572,0.070301624864412,0.5607142857142857,0.6376444191429895,0.825,0.2067406649704426,0.6607142857142857,0.3358499987745036,0.0392857142857142,0.4240855088125056,0.6678571428571428,0.6033730158730158,7.0,44.714285714285715,22.282050980965987,53.0,105.0697377142857,59.732808756588504,141.121569,2.0771428571428574,0.24777376119091765,0.71,1.3642857142857143,0.0225876975726312,0.04999999999999982,4.714285714285714,0.880630571852711,2.0,9.857142857142858,0.989743318610787,3.0,1.6556427540148522,9.857142857142858,0.989743318610787,16.17919719230721,0.42857142857142855,0.2857142857142857,1.0,0.5714285714285714,0.42857142857142855,0.42857142857142855,0.42857142857142855,1.0,0.42857142857142855,0.2857142857142857,0.2857142857142857,0.0,0.5714285714285714,0.42857142857142855,0.42857142857142855,0.42857142857142855,0.5714285714285714,0.7189415881553922,0.2857142857142857,0.5714285714285714,0.6443431907323319,102
2025,2026,2028,Co-Cu-Fe-Mn-Ni,CO2RR,0,,2023,2,5,0,1,1,5,"Electrochemical Performance of Synthesized CoCuFeMnNi High Entropy Alloy Nanoparticles in reaction Applications Flower-sphere CoNiCuMnFe/C high-entropy alloy catalysts for enhanced reaction kinetics One dimensional FeCoNiCuMn high entropy alloy nanowires for enhanced reaction Selective dissolution-driven surface reconstruction in nanoporous NiCuFeCoMn high entropy alloy enable efficient reaction Multiple growths of high-entropy alloy nanostructures for energy conversion structures enlarge the surface area and expose more active sites on the surface to boost the electrocatalytic performance. This work investigated reaction ( reaction ) of a remarkable electrocatalyst, made of multiple growths of CoCuFeMnNi high-entropy alloys on the carbon-fiber-paper substrate, served as a working electrode that can achieve 10 mAcm-2 with 277 mV of overpotential in 1 M KOH electrolyte for reaction and remained stable functioning after over 15 hours. The formatio",0.0582495501776238,0.3642857142857142,0.1520780560492045,0.425,0.0069432862441325,0.2642857142857143,0.0551365524809957,0.1214285714285714,0.0182673181722919,0.1607142857142857,0.0376822138873568,0.2321428571428571,0.1497121863438481,0.5571428571428572,0.5696953475657278,0.8357142857142857,0.250425033314102,0.5464285714285714,0.3896825396825397,5.0,27.0,1.4142135623730951,4.0,58.391128,3.012124178321006,8.607954999999997,1.8139999999999996,0.13484806264830054,0.3599999999999999,1.3699999999999999,0.024494897427831695,0.04999999999999982,4.0,0.0,0.0,9.0,1.4142135623730951,4.0,1.787948717359978,9.0,1.4142135623730951,13.381611358925285,0.0,0.0,0.8,1.0,0.8,0.2,0.8,0.8,0.2,0.0,0.6,0.0,1.0,0.2,0.0,0.8,1.0,0.7893896895177911,0.18,1.0,0.6441740497124802,103
2025,2026,2028,Cr-Cu-Ir-Ni-Pt,ORR,0,,2023,2,1,2,1,29,5,"Strain engineering of high-entropy alloy catalysts for electrocatalytic water splitting sts for electrocatalytic water splitting Developing active and cost-effective bifunctional electrocatalysts for overall water splitting is challenging but mandatory for renewable energy technologies. We report a high-entropy alloy (HEA) of PtIrCuNiCr as a bifunctional electrocatalyst for overall water splitting, which shows a low overpotential of ca. 190 mV at the current density of 10 mA cm −2 . Compared with pure metals, HEAs exhibit remarkable surface strain due to severe lattice di",0.3635271858410283,0.4928571428571429,0.3403109277072668,0.5982142857142857,0.0078494709577187,0.2875,0.2733874768282863,0.75,0.1113189385170018,0.8107142857142857,0.3357341759995246,0.5857142857142857,0.180750164427655,0.6214285714285714,0.5030658481403595,0.6642857142857143,0.288779372664052,0.575,0.5984126984126985,5.0,47.2,24.798387044322055,54.0,112.30729999999998,66.52382687927688,143.0879,1.9899999999999998,0.22432119828495925,0.6199999999999999,1.3599999999999999,0.019999999999999928,0.04999999999999982,4.8,0.9797958971132712,2.0,9.2,1.7204650534085253,5.0,1.4705882352941124,9.2,1.7204650534085253,13.381611358925285,0.4,0.4,0.8,0.6,0.4,0.6,0.4,0.6,0.2,0.4,0.4,0.2,0.6,0.6,0.4,0.4,0.6,0.7473869259064112,0.39999999999999997,0.6,0.6435017920576377,104
2025,2026,2028,Co-Cu-Mn-Ni-Ru,ORR,0,,2024,1,1,1,1,29,5,"MOF-Derived High Entropy Alloy Electrocatalyst with Low Amount of Noble Metal for Alkaline reaction sts, which has many advantages for electrocatalysis like high stability, tunability of element composition and ratio, various active sites, etc., while their synthesis methods usually require harsh consition. In this research, we introduce CoNiCuMnRu/C high entropy alloy electrocatalyst for alkaline reaction , synthesized by using metal-organic frame work template as a precursor, followed by ion exchange method and pyrolysis. CoNiCuMnRu/C shows very low reaction overpotent",0.3635271858410283,0.4928571428571429,0.3173303330013932,0.5660714285714286,0.0404458529623454,0.7482142857142857,0.1137340204007319,0.3535714285714286,0.0242225611370302,0.2285714285714285,0.3203244330596768,0.5535714285714286,0.1617703029121669,0.5857142857142857,0.5361142771691674,0.7821428571428571,0.2695157975786608,0.5642857142857143,0.5416666666666666,5.0,30.6,6.829348431585549,19.0,67.436128,17.037063612771593,46.13195499999999,1.8880000000000003,0.20604853797103248,0.6500000000000001,1.3499999999999999,0.03162277660168375,0.09999999999999987,4.2,0.39999999999999997,1.0,9.0,1.4142135623730951,4.0,2.342427896421019,9.0,1.4142135623730951,13.381611358925285,0.2,0.2,0.8,0.8,0.6,0.4,0.8,0.6,0.2,0.2,0.6,0.0,0.8,0.6,0.2,0.6,0.8,0.7035082101529111,0.31999999999999995,0.8,0.6428024630458733,105
2025,2026,2028,Al-Cr-Fe-Ni,ORR,0,,2023,2,2,2,1,29,4,"Strain-engineering-regulated Al0.6CrFe2Ni2 high entropy alloy enhances electrocatalytic reaction Enhancing the reaction Performance of Bulk Al1.2CrFe2Ni2 High Entropy Alloy Through Deep Cryogenic Treatment Enhancing the reaction Performance of Bulk Al1.2CrFe2Ni2 High Entropy Alloy Through Deep Cryogenic Treatment Owing to the distinctive physical and chemical characteristics of high entropy alloys (HEAs), their application in electrocatalysis has become a possibility. However, selecting appropriat",0.5037648985160553,0.6196428571428572,0.4721857391936102,0.6821428571428572,0.0757131794022881,0.8857142857142857,0.1016465772681421,0.3,0.0589723252850506,0.4535714285714285,0.2998549059825033,0.4607142857142857,0.234744951103622,0.7035714285714286,0.4283360851067581,0.3464285714285714,0.488527258626527,0.7178571428571429,0.5744047619047619,4.0,22.75,5.80409338312195,15.0,48.37900965,12.580369332159107,31.711861399999997,1.7525,0.12214233500306106,0.2999999999999998,1.35,0.061237243569579415,0.1499999999999999,3.75,0.4330127018922193,1.0,9.25,2.5860201081971503,7.0,4.5360921162651415,6.75,2.5860201081971503,11.526292643075523,0.0,0.0,0.5,0.75,0.75,0.25,0.5,0.5,0.0,0.0,0.5,0.25,0.75,0.5,0.0,0.75,0.75,0.6196543779406232,0.15,0.75,0.6418784562393298,106
2025,2026,2028,Co-Cu-Fe-Ir-Mo-Ni-Pd,ORR,0,,2024,1,1,1,1,29,7,"IrPdCuFeNiCoMo Based Core‐Shell Icosahedron Nanocrystals and Nanocages for Efficient and Robust Acidic reaction IrPdCuFeNiCoMo Based Core‐Shell Icosahedron Nanocrystals and Nanocages for Efficient and Robust Acidic reaction Abstract Facets engineering of high entropy alloy (HEA) nanocrystals might be achieved via shape‐controlled synthesis, which is promis",0.3635271858410283,0.4928571428571429,0.2893800365992717,0.4910714285714285,0.0140256698379566,0.4767857142857143,0.2667331073381433,0.7357142857142858,0.1148939695986097,0.8142857142857143,0.2934406783723759,0.4285714285714285,0.3775964937397705,0.8428571428571429,0.3782427273615668,0.175,0.8507400026695675,0.8928571428571429,0.5944444444444446,7.0,39.285714285714285,17.05214092728774,51.0,90.22779928571427,45.61403223768823,136.372,2.011428571428571,0.1540341865049604,0.3700000000000001,1.3785714285714286,0.03642156795423411,0.09999999999999987,4.571428571428571,0.7284313590846835,2.0,9.0,1.5118578920369088,5.0,2.64197902258693,9.0,1.5118578920369088,16.17919719230721,0.2857142857142857,0.2857142857142857,0.8571428571428571,0.5714285714285714,0.5714285714285714,0.5714285714285714,0.5714285714285714,0.7142857142857143,0.2857142857142857,0.2857142857142857,0.2857142857142857,0.14285714285714285,0.5714285714285714,0.7142857142857143,0.2857142857142857,0.5714285714285714,0.5714285714285714,0.7204474329783773,0.2857142857142857,0.5714285714285714,0.6407770870363704,107
2025,2026,2028,Cu-Ni-Pd-Pt,HER,0,,2022,3,1,3,1,63,4,"Quinary, Senary, and Septenary High Entropy Alloy Nanoparticle Catalysts from Core@Shell Nanoparticles and the Significance of Intraparticle Heterogeneity and the Significance of Intraparticle Heterogeneity Colloidally prepared core@shell nanoparticles (NPs) were converted to monodisperse high entropy alloy (HEA) NPs by annealing, including quinary, senary, and septenary phases comprised of PdCuPtNi with Co, Ir, Rh, Fe, and/or Ru. Intraparticle heterogeneity, i.e., subdomains within individual NPs with different metal distributions, was observed for NPs containing Ir and Ru, with the phase stabilities of the HEAs studied by atomistic",0.6264053635068966,0.7875,0.6468677942229993,0.9267857142857144,0.0112157557648928,0.4053571428571428,0.2597228675898361,0.7321428571428571,0.0616513498153813,0.4821428571428571,0.6441737933855132,0.8428571428571429,0.196124807971444,0.6428571428571429,0.3219167835641767,0.0071428571428571,0.4269027035131177,0.6714285714285714,0.6109126984126986,4.0,45.25,20.216020874544032,50.0,105.93585,54.71831392383633,136.3906,2.0725,0.169908063375462,0.3799999999999999,1.3624999999999998,0.02165063509461089,0.04999999999999982,4.75,0.82915619758885,2.0,10.25,0.4330127018922193,1.0,1.5890374381365793,10.25,0.4330127018922193,11.526292643075523,0.5,0.5,1.0,0.5,0.25,0.75,0.25,1.0,0.5,0.5,0.25,0.0,0.5,0.75,0.5,0.25,0.5,0.7777769221582991,0.425,0.5,0.640743790933204,108
2025,2026,2028,Co-Fe-Mn-Ni-Rh,ORR,0,,2025,0,1,0,1,29,5,"Strong 3d–4d orbital coupling mechanism in high-en-tropy alloys enables industrial-level alkaline seawaterelectrolysis seawater electrolysis for mass production of hydrogen suffersdrawbacks from electrode corrosion and low efficiency due to the presenceof multivalent ions in feed seawater. Herein, a strong 3d–4d orbital couplingmechanism is discovered in a FeNiCoMnRh high-entropy alloy (HEA), whichcan optimize the electron structure near the Fermi energy and reduce theuniversal reaction energy barrier. The HEA catalyst shows excellenthydro-gen/ reaction reactions with overpotentials of 21 and 29",0.3635271858410283,0.4928571428571429,0.2952071380385401,0.5232142857142857,0.009961666763347,0.3517857142857143,0.1628517812536574,0.4857142857142857,0.0556389199742467,0.4214285714285714,0.3219431839926798,0.5642857142857143,0.1593057834032311,0.5821428571428572,0.5128497784800993,0.7035714285714286,0.2728279108198159,0.5678571428571428,0.5214285714285715,5.0,30.2,7.467261881037788,20.0,66.26302799999999,18.387425167739664,47.967455,1.89,0.2331523107327053,0.7299999999999998,1.3699999999999999,0.024494897427831695,0.04999999999999982,4.2,0.39999999999999997,1.0,8.6,1.019803902718557,3.0,1.787948717359978,8.6,1.019803902718557,13.381611358925285,0.2,0.2,0.8,0.8,0.8,0.4,0.8,0.6,0.0,0.2,0.6,0.0,0.8,0.6,0.2,0.8,0.8,0.7205767158587078,0.31999999999999995,0.8,0.6388158719004695,109
2025,2026,2028,Au-Co-Cu-Ir-Mn-Ni-Pd-Pt-Rh-Sn,OER,0,,2020,5,1,5,1,63,10,"Synthesis of high-entropy alloy nanoparticles on supports by the fast moving bed pyrolysis , and zeolite, which is vital to their practical applications, are largely unexplored. Herein, we present a fast moving bed pyrolysis strategy to immobilize HEA-NPs on granular supports with a narrow size distribution of 2 nm up to denary (MnCoNiCuRhPdSnIrPtAu) HEA-NPs at 923 K. Fast moving bed pyrolysis strategy ensures the mixed metal precursors rapidly and simultaneously pyrolyzed at high temperatures, resulting in nuclei with a small size. The representative quinary (FeCoPdIrPt) HEA-NPs exhibi",0.6264053635068966,0.7875,0.605197653752186,0.8642857142857143,0.1255731820585216,0.9535714285714286,0.1882801945590685,0.5714285714285714,0.0673615172933209,0.5392857142857143,0.6063760799693592,0.6892857142857143,0.4002240677870379,0.8571428571428571,0.3841651448745713,0.2035714285714285,0.8882000644253389,0.9107142857142856,0.708531746031746,10.0,48.4,21.091230405075947,54.0,114.84137090000002,56.4771712799589,142.028524,2.0700000000000003,0.26758176320519306,0.99,1.3699999999999999,0.033166247903553936,0.09999999999999987,4.9,0.8306623862918076,2.0,10.0,1.7320508075688772,7.0,2.420894007558682,9.0,2.0,19.144757680463048,0.5,0.4,0.8,0.4,0.3,0.5,0.4,0.6,0.4,0.4,0.3,0.0,0.4,0.4,0.5,0.3,0.4,0.6553346552650505,0.37,0.4,0.6384396822938008,110
2025,2026,2028,Co-Ir-Mn-Ni-Zn,ORR,0,,2023,2,1,2,2,29,5,"Tailored Electronic Structure of Ir in High Entropy Alloy for Highly Active and Durable Bifunctional Electrocatalyst for Water Splitting under an Acidic Environment Ir site, resulting in the d‐band center being far away from the Fermi level. Downshifting of the d‐band center weakens the adsorption energy with reaction intermediates, which is beneficial for catalytic reactions. Despite low Ir content, ZnNiCoIrMn delivers only 50 mV overpotential for reaction at −50 mA cm −2 and 237 mV overpotential for the reaction at 10 mA cm −2 . Furthermore, ZnNiCoIrMn shows almost constant voltage for the reaction and reaction for 100 h and a high stability number of 3.4 × 10 5 n",0.3635271858410283,0.4928571428571429,0.0847417372259094,0.3964285714285714,0.0431517816354668,0.7785714285714286,0.3250428904069963,0.8428571428571429,0.1803552827167467,0.9321428571428572,0.4187515760932561,0.6107142857142858,0.0276279911634856,0.2821428571428571,0.4527416460739877,0.4357142857142857,0.0518803073643937,0.3107142857142857,0.5646825396825398,5.0,37.4,19.865548066942427,52.0,86.038128,53.196128592536,137.278955,1.8379999999999999,0.2263978798487301,0.6500000000000001,1.3599999999999999,0.019999999999999928,0.04999999999999982,4.4,0.7999999999999999,2.0,9.4,1.624807680927192,5.0,1.4705882352941124,9.4,1.624807680927192,13.381611358925285,0.2,0.2,0.6,0.8,0.6,0.4,0.8,0.4,0.0,0.2,0.6,0.0,0.6,0.4,0.2,0.6,0.8,0.7459332488117716,0.31999999999999995,0.6,0.6358871175006744,111
2025,2026,2028,Co-Cu-In-Mo-Ni,OER,0,,2025,0,1,0,1,63,5,"High-Entropy Alloy Electron-Penetrated Nitrogen-Doped Carbon Interface Breaking Activity–Stability Trade-off in Acidic reaction to H2O2 n activity–stability trade-off. Herein, we propose to construct a high-entropy alloy electron-penetrated and stable nitrogen-doped carbon interface for acidic electrosynthesis of H 2 O 2 . As a proof of concept, a typical catalyst with the MoNiCuCoIn high-entropy alloy encapsulated in few-layer nitrogen-doped carbon (MoNiCuCoIn@CN) is developed. The experimental results and theoretical calculations confirm that the MoNiCuCoIn core activates the outer carbon layer via interfacial electr",0.6264053635068966,0.7875,0.5590231129327117,0.7875,0.0136994228655924,0.4303571428571429,0.2256676515733783,0.6642857142857143,0.0416354270162265,0.3285714285714285,0.6705621113521527,0.925,0.2458927274559477,0.7285714285714285,0.4827618962009761,0.5785714285714286,0.4055168662853294,0.6535714285714286,0.6537698412698413,5.0,35.0,8.87693640846886,22.0,78.386119,22.89921071590556,56.1246,1.9259999999999997,0.12579348154813114,0.3800000000000001,1.4100000000000001,0.07999999999999996,0.19999999999999996,4.4,0.48989794855663565,1.0,9.8,2.315167380558045,7.0,5.673758865248224,7.8,2.925747767665559,13.381611358925285,0.0,0.0,0.6,0.6,0.6,0.4,0.4,0.6,0.4,0.0,0.4,0.2,0.6,0.4,0.0,0.6,0.6,0.5431502366751737,0.12,0.6,0.6351414995739806,112
2025,2026,2028,Co-Fe-Ir-Pd-Pt,ORR,0,,2020,5,1,5,1,29,5,"Synthesis of high-entropy alloy nanoparticles on supports by the fast moving bed pyrolysis ry (MnCoNiCuRhPdSnIrPtAu) HEA-NPs at 923 K. Fast moving bed pyrolysis strategy ensures the mixed metal precursors rapidly and simultaneously pyrolyzed at high temperatures, resulting in nuclei with a small size. The representative quinary (FeCoPdIrPt) HEA-NPs exhibit high stability (150 h) toward reaction with high mass activity, which is 26 times higher than the commercial Pt/C at an overpotential of 100 mV. Our strategy provides an improved methodology for synthesizi",0.3635271858410283,0.4928571428571429,0.4135200911740286,0.675,0.0976445228474931,0.9107142857142856,0.3029795592380467,0.7964285714285714,0.16134192602382,0.9107142857142856,0.2916606432420838,0.425,0.24931447002474,0.7357142857142858,0.3889178678110352,0.2285714285714285,0.5303619268296892,0.75,0.6583333333333333,5.0,50.8,22.938177782901587,52.0,121.69983900000003,61.42945544244784,139.239,2.078,0.1850837648201484,0.44999999999999973,1.3699999999999999,0.024494897427831695,0.04999999999999982,5.0,0.8944271909999159,2.0,9.2,0.7483314773547883,2.0,1.787948717359978,9.2,0.7483314773547883,13.381611358925285,0.6,0.6,1.0,0.4,0.4,0.6,0.6,0.8,0.2,0.6,0.2,0.0,0.4,0.8,0.6,0.4,0.4,0.7542246979974976,0.48,0.4,0.6345174093992494,113
2025,2026,2028,Cu-Ni-Pd-Pt,OER,0,,2022,3,1,3,1,63,4,"Quinary, Senary, and Septenary High Entropy Alloy Nanoparticle Catalysts from Core@Shell Nanoparticles and the Significance of Intraparticle Heterogeneity and the Significance of Intraparticle Heterogeneity Colloidally prepared core@shell nanoparticles (NPs) were converted to monodisperse high entropy alloy (HEA) NPs by annealing, including quinary, senary, and septenary phases comprised of PdCuPtNi with Co, Ir, Rh, Fe, and/or Ru. Intraparticle heterogeneity, i.e., subdomains within individual NPs with different metal distributions, was observed for NPs containing Ir and Ru, with the phase stabilities of the HEAs studied by atomistic",0.6264053635068966,0.7875,0.6492717280605091,0.9321428571428572,0.0257001480122403,0.6357142857142857,0.17590981065266,0.5285714285714286,0.0358704919974129,0.2964285714285714,0.6396851998321177,0.8285714285714286,0.1982309645749191,0.6464285714285715,0.321916797406364,0.0107142857142857,0.4316762489195276,0.6857142857142857,0.5946428571428571,4.0,45.25,20.216020874544032,50.0,105.93585,54.71831392383633,136.3906,2.0725,0.169908063375462,0.3799999999999999,1.3624999999999998,0.02165063509461089,0.04999999999999982,4.75,0.82915619758885,2.0,10.25,0.4330127018922193,1.0,1.5890374381365793,10.25,0.4330127018922193,11.526292643075523,0.5,0.5,1.0,0.5,0.25,0.75,0.25,1.0,0.5,0.5,0.25,0.0,0.5,0.25,0.5,0.25,0.5,0.7777769221582991,0.425,0.5,0.6334223623617753,114
2025,2026,2028,Co-Fe-Ni-Pt-Ru-Zn,ORR,0,,2024,1,1,1,2,29,6,"Stimulating Electron Delocalization of Lanthanide Elements through High-Entropy Confinement to Promote Electrocatalytic Water Splitting the delocalization of 4f electrons can be achieved through the interaction between the multimetal active site and RE, which benefits to regulate the adsorption strength of the HEA surface. Herein, the RE Ce-modified hexagonal-close-packed PtRuFeCoNiZn-Ce/C HEAs are synthesized and showed an excellent electrocatalytic activity for reaction and reaction with ultralow overpotentials of 4, 7 and 156, 132 mV, respectively, to reach 10 mA cm –2 in 0.5 M H 2",0.3635271858410283,0.4928571428571429,0.07243176058661,0.3875,0.0194443537085532,0.5089285714285714,0.3154891822097523,0.8178571428571428,0.1998512503345941,0.9571428571428572,0.4632555325322601,0.6428571428571429,0.0592994570018037,0.4,0.6422498685630411,0.95,0.1188974787280734,0.4071428571428571,0.6182539682539683,6.0,38.833333333333336,18.533003594188994,52.0,89.1724325,49.795604944388565,139.239,1.9583333333333337,0.21674998398051973,0.6299999999999999,1.3499999999999999,0.028867513459481253,0.09999999999999987,4.5,0.7637626158259734,2.0,9.5,1.3844373104863459,4.0,2.138334330331945,9.5,1.3844373104863459,14.897517127344186,0.3333333333333333,0.3333333333333333,0.8333333333333334,0.6666666666666666,0.5,0.5,0.6666666666666666,0.6666666666666666,0.0,0.3333333333333333,0.3333333333333333,0.0,0.5,0.6666666666666666,0.3333333333333333,0.5,0.6666666666666666,0.7092832797420598,0.3333333333333333,0.5,0.6326659363035703,115
2025,2026,2028,Co-Cu-Fe-Mn-Mo-Ni-Pd-Pt,ORR,0,,2024,1,1,1,2,29,8,"Design of Experiment Is All You Need: Utilizing AI for High-Entropy Alloy Water Splitting Catalyst nt is reduced from 32 to 16. Among these combinations, ABCE was found to be optimal synthesis condition (fig.1b). Afterward, we searched the optimal composition of HEAs, starting with grid searching the six-dimensional compositional field. MnFeCoNiCuMoPdPt - octonary alloy was the targeted alloy where the compositions of noble metal were fixed. Binomial distribution design was used to make the distance between neighboring points in 6-dimension compositional space equal (fig. 1c-d). 8C3 = 56",0.3635271858410283,0.4928571428571429,0.0640288658510901,0.3642857142857142,0.0271433874959669,0.6428571428571429,0.2940203184900558,0.7821428571428571,0.2014459160928864,0.9607142857142856,0.4471908066665358,0.6321428571428571,0.0533985163870476,0.375,0.4737017214512308,0.5571428571428572,0.1256117935009512,0.4178571428571428,0.5805555555555555,8.0,37.625,16.933232857313456,53.0,86.17495500000001,45.09915147188727,140.14595500000001,1.96375,0.2228753855857573,0.7299999999999998,1.38125,0.03479852726768757,0.09999999999999987,4.5,0.7071067811865476,2.0,8.875,1.6153559979150107,5.0,2.5193503904208194,8.875,1.6153559979150107,17.289438964613282,0.25,0.25,0.75,0.625,0.625,0.5,0.5,0.75,0.25,0.25,0.375,0.125,0.625,0.75,0.25,0.625,0.625,0.6802294547126166,0.2875,0.625,0.630318836413785,116
2025,2026,2028,Co-Cu-Mn-Mo-Ni,ORR,0,,2025,0,2,0,2,29,5,"High-Entropy alloy NiCoCuMnMo/NF: Synthesis and performance for reaction in full pH range and alkaline seawater Boron-Doped NiCoCuMoMn High-Entropy Alloys for Enhanced Electrocatalytic Water Splitting: An Experimental and Computational Study Boron-Doped NiCoCuMoMn High-Entropy Alloys for Enhanced Electrocatalytic Water Splitting: An Experimental and Computational Study High Resolution Image Download MS PowerPoint Slide High-entropy alloys offer a versatile platform for electrocatalysis, yet their op",0.5037648985160553,0.6196428571428572,0.108752893961348,0.4053571428571428,0.1145978221797759,0.9375,0.1196029281949258,0.3714285714285714,0.0644705912930482,0.5142857142857142,0.4404306793591419,0.6214285714285714,0.0267201554330365,0.275,0.462884449356136,0.5071428571428571,0.034897511464163,0.2571428571428571,0.5009920634920635,5.0,30.2,6.046486583132389,17.0,66.410128,15.015176828849736,41.001954999999995,1.8800000000000001,0.19421637418096346,0.6100000000000001,1.3800000000000001,0.03999999999999994,0.09999999999999987,4.2,0.39999999999999997,1.0,8.6,1.8547236990991407,5.0,2.8985507246376763,8.6,1.8547236990991407,13.381611358925285,0.0,0.0,0.6,0.8,0.8,0.4,0.6,0.6,0.2,0.0,0.6,0.2,0.8,0.6,0.0,0.8,0.8,0.6756427409718766,0.18,0.8,0.6301392508629915,117
2025,2026,2028,Co-Fe-Mn-Ni,CO2RR,0,,2019,6,2,0,2,1,4,"Novel and promising electrocatalyst for reaction based on MnFeCoNi high entropy alloy Surface Nanostructures of Pt-Compositionally Complex Alloy Single-Crystal Model Catalyst Surfaces for Improved reaction : Machine-Learning-Assisted Exploration e space of possible synthesis conditions to minimize the experimental workload. The reaction activity and durability of the Pt/CCA/Pt(111) model catalyst surfaces (synthesized through vacuum deposition on a Pt(111) substrate of nonequiatomic Cr-Mn-Fe-Co-Ni or Mn-Fe-Co-Ni alloy (111) lattice stacking layers, followed by a surface Pt(111) layer) depend upon the alloy composition and synthesis temperature: the model catalyst surfaces synthesized with specific combinations of these two parameter",0.0247677549561598,0.2946428571428571,0.0083133710223869,0.0892857142857142,0.01530839489008,0.4821428571428571,0.159651476624873,0.4714285714285714,0.0876183416088144,0.6571428571428571,0.0693209545266003,0.35,0.0066196368238051,0.0892857142857142,0.5615503265477217,0.8214285714285714,0.0076088110953829,0.0785714285714285,0.3704365079365079,4.0,26.5,1.118033988749895,3.0,57.10241,1.7427405614182776,3.9951499999999953,1.7925,0.14289419162443232,0.3599999999999999,1.375,0.02499999999999991,0.04999999999999982,4.0,0.0,0.0,8.5,1.118033988749895,3.0,1.8181818181818117,8.5,1.118033988749895,11.526292643075523,0.0,0.0,0.75,1.0,1.0,0.25,1.0,0.75,0.0,0.0,0.75,0.0,1.0,0.0,0.0,1.0,1.0,0.7817922476810796,0.22499999999999998,1.0,0.6287341028757525,118
2025,2026,2028,Cu-Mn-Mo-Ni-Pt,ORR,0,,2024,1,1,1,1,29,5,A dual-phase PtNiCuMnMo high-entropy alloy as high-performance electrocatalyst for reaction,0.3635271858410283,0.4928571428571429,0.3173303330013932,0.5660714285714286,0.0404458529623454,0.7482142857142857,0.2488278671397607,0.7107142857142857,0.0974032895995481,0.7178571428571429,0.3036278959425358,0.4892857142857142,0.2374927925651744,0.7142857142857143,0.4159909344366469,0.2821428571428571,0.5255094877298803,0.7464285714285714,0.6075396825396826,5.0,40.4,19.68349562450735,53.0,93.640289,52.76538665444312,140.14595500000001,1.9600000000000002,0.2516346558008256,0.7299999999999998,1.3800000000000001,0.03999999999999994,0.09999999999999987,4.6,0.8,2.0,8.8,1.9390719429665317,5.0,2.8985507246376763,8.8,1.9390719429665317,13.381611358925285,0.2,0.2,0.6,0.6,0.6,0.6,0.4,0.6,0.2,0.2,0.4,0.2,0.6,0.6,0.2,0.6,0.6,0.6354499438379732,0.26,0.6,0.6280278402942491,119
2025,2026,2028,B-Co-Cu-Fe-Ir-Mo-Ni,HER,0,,2024,1,1,1,1,63,7,"Enhancing reaction reactions in nanoporous high-entropy catalysts using boron and phosphorus additives noble metals such as Ir or Ru enhances the reaction activity and durability, showing synergistic interactions between metals and light elements. This study used electrochemical evaluations to determine the best-performing catalyst, identifying CoCuFeMoNiIrB as the best catalyst for OERs in alkaline media. X-ray photoemission spectroscopy (XPS) analysis revealed that B effectively shifted the transition elements to higher valence states and induced excess electrons on the Ir-B surface to promo",0.6264053635068966,0.7875,0.54945971550599,0.7482142857142857,0.0678577371953863,0.8767857142857143,0.2874442756457316,0.775,0.1007316664240806,0.7392857142857143,0.6620807663056405,0.9,0.6010384944991782,0.9642857142857144,0.5773997969058291,0.8607142857142858,1.0,0.9714285714285714,0.8470238095238095,7.0,33.42857142857143,20.444050079998078,72.0,76.56937071428571,52.51319766958727,181.406,1.9885714285714289,0.13505856628341142,0.3700000000000001,1.3000000000000003,0.18708286933869706,0.6,4.142857142857143,1.124858267715973,4.0,9.428571428571429,2.0603150145508513,7.0,14.390989949130539,8.0,2.5071326821120348,16.17919719230721,0.14285714285714285,0.14285714285714285,0.7142857142857143,0.5714285714285714,0.5714285714285714,0.42857142857142855,0.5714285714285714,0.5714285714285714,0.14285714285714285,0.14285714285714285,0.2857142857142857,0.14285714285714285,0.5714285714285714,0.42857142857142855,0.14285714285714285,0.5714285714285714,0.5714285714285714,0.255459003601612,0.1857142857142857,0.5714285714285714,0.6249412725090551,120
2025,2026,2028,Mo-Ni-Pd-Pt-Rh,ORR,0,,2023,2,2,0,1,29,5,"Surface Reconstruction of PtRhNiMoPd Nanocrystals Facilitates reaction from Acidic Electrolytic Water High-entropy alloy nanocrystal assembled by nanosheets with d–d electron interaction for reaction Surface Reconstruction of PtRhNiMoPd Nanocrystals Facilitates reaction from Acidic Electrolytic Water The development and design of Pt-based alloy catalysts with high activity and stability are important for the reaction , especially in acidic medi High-entropy alloy nanocrystal assembled by nanosheets with d–d electron interaction for reaction Unique PtMoPdRhNi high-entropy alloy nanocrystals (NCs) catalysts assembled by radial nanosheets with multiple active sites with different local chemical environments and the interaction of d–d electron for superior reaction performance.",0.5037648985160553,0.6196428571428572,0.4097238164947246,0.6714285714285714,0.0595369831303153,0.8428571428571429,0.2232950080129748,0.6607142857142857,0.1327025339893356,0.8535714285714285,0.307306392967576,0.5178571428571429,0.5088851909165653,0.9357142857142856,0.4556253386753483,0.4464285714285714,1.0,0.9714285714285714,0.7244047619047619,5.0,47.8,16.424372134118247,50.0,111.80858,44.980287641872636,136.3906,2.166,0.1361763562443936,0.3699999999999999,1.3799999999999997,0.03999999999999994,0.09999999999999987,5.0,0.6324555320336759,2.0,9.0,1.5491933384829668,4.0,2.898550724637677,9.0,1.5491933384829668,13.381611358925285,0.6,0.6,0.8,0.2,0.4,1.0,0.2,0.6,0.2,0.6,0.2,0.2,0.2,0.6,0.6,0.4,0.2,0.7162707535274755,0.48,0.2,0.6228633689153855,121
2025,2026,2028,Cu-Ir-Ni-Pd-Pt,OER,0,,2022,3,1,3,1,63,5,"Quinary, Senary, and Septenary High Entropy Alloy Nanoparticle Catalysts from Core@Shell Nanoparticles and the Significance of Intraparticle Heterogeneity l distributions, was observed for NPs containing Ir and Ru, with the phase stabilities of the HEAs studied by atomistic simulations. The quinary HEA NPs were found to be durable catalysts for the reaction , with all but the PdCuPtNiIr NPs presenting better activities than commercial Pt. Density functional theory (DFT) calculations for PdCuPtNiCo and PdCuPtNiIr surfaces (the two extremes in performance) found agreement with experiment by weighting the adsorption energy c",0.6264053635068966,0.7875,0.6340601791623008,0.9142857142857144,0.0199192097887438,0.5178571428571429,0.1546160040353303,0.45,0.0447650184171465,0.3571428571428571,0.6499603557318009,0.8678571428571429,0.2776237588375561,0.7642857142857142,0.3256907320690457,0.0214285714285714,0.5413676641746613,0.7607142857142857,0.604563492063492,5.0,51.6,22.096153511414606,50.0,123.19208,59.8864341749081,136.3906,2.098,0.16029971927611106,0.3799999999999999,1.36,0.019999999999999928,0.04999999999999982,5.0,0.8944271909999159,2.0,10.0,0.6324555320336759,2.0,1.4705882352941122,10.0,0.6324555320336759,13.381611358925285,0.6,0.6,1.0,0.4,0.2,0.8,0.4,0.8,0.4,0.6,0.2,0.0,0.4,0.4,0.6,0.2,0.4,0.792201961212605,0.48,0.4,0.621714159792353,122
2025,2026,2028,Co-Cu-Mg-Ni-Zn,ORR,0,,2021,4,1,4,1,29,5,CoNiCuMgZn high entropy alloy nanoparticles embedded onto graphene sheets via anchoring and alloying strategy as efficient electrocatalysts for reaction,0.3635271858410283,0.4928571428571429,0.3885072701785009,0.6517857142857143,0.0661787785687083,0.8696428571428572,0.1068818665679615,0.3214285714285714,0.0658183577294394,0.5285714285714286,0.3079615212150243,0.5285714285714286,0.2770611233429575,0.7607142857142857,0.4958238969292229,0.6357142857142857,0.4905063254894428,0.7214285714285714,0.6123015873015873,5.0,25.2,6.675327707311455,18.0,54.177319,15.161079304120932,41.104000000000006,1.73,0.23091123835794564,0.5999999999999999,1.3800000000000001,0.05999999999999996,0.1499999999999999,3.8,0.39999999999999997,1.0,8.8,3.54400902933387,10.0,4.347826086956519,8.8,3.54400902933387,13.381611358925285,0.0,0.0,0.6,0.8,0.4,0.2,0.4,0.6,0.2,0.0,0.4,0.0,0.6,0.6,0.0,0.4,0.8,0.5557534374972644,0.12,0.6,0.6202617455348935,123
2025,2026,2028,Co-Cu-Fe-Ni-Pt,CO2RR,0,,2022,3,8,0,3,1,5,"PtFeCoNiCu high-entropy solid solution alloy as highly efficient electrocatalyst for the reaction Constructing 0D/2D PtFeNiCoCu High-Entropy Materials for Efficient reaction Electronegativity-Modulated PtFeCoNiCu High-Entropy Alloy Catalysts for Efficient reaction and reaction Unusual Sabatier principle on high entropy alloy catalysts for reaction reactions Multiple Metal–Nitrogen Bonds Synergistically Boosting the Activity and Durability of High-Entropy Alloy Electrocatalysts (Invited) Nitrogen-Doped High-Entropy Alloy as Efficient and Stable Electrocatalyst Rational Design of Nitrogen‐Doped Low Pt-Loading Electrocatalysts for Fuel Cells: Binary to High-Entropy Alloys and Intermetallics Hydrocarbothermal flow synthesis of carbon-supported small and dense high-entropy alloy nanoparticles as electrocatalysts PtFeCoNiCu high-entropy solid solution alloy as highly efficient electrocatalyst for the reaction Searching for an efficient, durable, and low cost catalyst toward reaction ( reaction ) is of paramount importance for the ap Constructing 0D/2D PtFeNiCoCu High-Entropy Materials for Efficient reaction Electricity-powered water electrolysis, combined with the fabrication of advanced electrocatalysts and an electrolyzer design, is a promising solution for hydrogen production. However, t Electronegativity-Modulated PtFeCoNiCu High-Entropy Alloy Catalysts for Efficient reaction and reaction High-entropy alloy nanoparticles (HEA NPs) attract considerable attention in electrocatalysis owing to their tunable electronic structures and enhanced catalytic activity enabled by mu ropy alloy (HEA) surface, distinguishing the “just right” (Δ G H* = 0 eV) in the Sabatier principle of reaction ( reaction ). A new descriptor was proposed to design HEA catalysts for reaction . As a proof-of-concept, the synthesized PtFeCoNiCu HEA catalyst endows a high catalytic performance for reaction with an overpotential of 10.8 mV at −10 mA cm −2 and 4.6 times higher intrinsic activity over the state-of-the-art Pt/C. Moreover, the unusual Sabatier principle on HEA catalysts can ells that meet performance targets of high activity, maximized stability, and low cost remains a huge challenge. Herein, we report a nitrogen (N)-doped high-entropy alloy (HEA) electrocatalyst that consists of a Pt-rich shell and a N-doped PtCoFeNiCu core on a carbon support (denoted as N–Pt/HEA/C). The N–Pt/HEA/C catalyst showed a high mass activity of 1.34 A mg Pt –1 at 0.9 V for the reaction ( reaction ) in rotating disk electrode (RDE) testing, which substantially outperf ble multiple metal-nitrogen (M-N) bonds and the generation of the possible synergistic effect on promoting reaction performance. Herein, we report a N-doped high-entropy alloy (HEA) electrocatalyst that consists of a Pt-rich shell and a N-doped PtCoFeNiCu core on a carbon support (denoted as N-Pt/HEA/C). The N-Pt/HEA/C catalyst showed high mass activity of 1.34 A mgPt -1 at 0.9 V for the reaction ( reaction ), which substantially outperformed commercial Pt/C and most of the other the N-doped intermetallic quaternary catalyst is promising for high-temperature (HT)-FC applications including aviation FC use. We also synthesized a N-doped high-entropy alloy (HEA) catalyst, which comprises a Pt-rich shell and a N-doped PtCoFeNiCu core on a carbon support (donated N-Pt/HEA/C).7 The N-Pt/HEA/C showed high mass activity and excellent stability in RDE and MEA testing, which could be rationalized by the formation of stable multiple M-N bonds coupled with the high-entrop a reduced temperature. The relatively mild reaction condition, combined with the short heating duration and the strong metal-support interaction, enables the simultaneous achievements of small size and high loading in HEA-NPs. The quinary FeCoNiCuPt HEA-NPs are demonstrated as highly efficient electrocatalysts toward the reaction and reaction reactions. High-entropy alloy nanoparticles (HEA-NPs) are promising catalysts, but their synthesis remains challenging. Here,",0.0964481360173251,0.375,0.0243568846173347,0.1642857142857142,0.0133535275849745,0.4142857142857143,0.1627350117618954,0.4821428571428571,0.0835190676408968,0.6321428571428571,0.1004159743249446,0.3678571428571429,0.0078656318978831,0.1107142857142857,0.6384869398918355,0.9285714285714286,0.0139332050692039,0.1571428571428571,0.4035714285714286,5.0,37.6,20.22473732833136,52.0,86.42031899999999,54.38787400360345,139.239,1.9599999999999997,0.16235762994081915,0.44999999999999973,1.3599999999999999,0.019999999999999928,0.04999999999999982,4.4,0.7999999999999999,2.0,9.6,1.0198039027185568,3.0,1.4705882352941124,9.6,1.0198039027185568,13.381611358925285,0.2,0.2,1.0,0.8,0.6,0.4,0.6,1.0,0.2,0.2,0.4,0.0,0.8,0.2,0.2,0.6,0.8,0.7907614237473093,0.26,0.8,0.6128355699813356,124
2025,2026,2028,Co-Cr-Fe-Mn,CO2RR,0,,2021,4,1,4,1,1,4,Corrosion engineering boosting bulk Fe50Mn30Co10Cr10 high-entropy alloy as high-efficient alkaline reaction electrocatalyst,0.0154138746516568,0.1339285714285714,0.0393985318126732,0.3285714285714285,0.0365673530070112,0.725,0.1526543110589596,0.4392857142857143,0.1002150297803762,0.7357142857142858,0.028454717590652,0.0107142857142857,0.0080286451154743,0.1142857142857142,0.3985083971103138,0.2321428571428571,0.011042995013311,0.1285714285714285,0.3164682539682539,4.0,25.5,1.118033988749895,3.0,55.428084999999996,2.473776185872016,6.937094999999999,1.73,0.13209844813622904,0.32999999999999985,1.3875000000000002,0.02165063509461089,0.04999999999999982,4.0,0.0,0.0,7.5,1.118033988749895,3.0,1.5604061329449286,7.5,1.118033988749895,11.526292643075523,0.0,0.0,0.5,1.0,1.0,0.0,0.75,0.5,0.0,0.0,0.75,0.25,1.0,0.0,0.0,1.0,1.0,0.8061046876632192,0.22499999999999998,1.0,0.61174212058468,125
2025,2026,2028,Co-Cr-Fe-Mo-Ni,CO2RR,0,,2020,5,9,0,2,1,5,"Microwave sintered porous CoCrFeNiMo high entropy alloy as an efficient electrocatalyst for alkaline reaction Surface Modified CoCrFeNiMo High Entropy Alloys for reaction in Alkaline Seawater Fast joule heating synthesis of NiCoFeCrMo high-entropy alloy embedded in graphene for reaction Construction of high-entropy oxy/hydroxides with dense nanosheet array structures on FeCoNiCrMo electrode for efficient reaction Preparation and Electrocatalytic reaction Performance of FeCoNiCrMo High-Entropy Alloy Porous Electrode with Different Pore-Forming Agent Content Magnetron-sputtered FeCoNiCrMo high-entropy alloy thin films for efficient reaction in alkaline electrolytes High Entropy Alloy CoCrFeNiMo Reinforced Electrocatalytic Performance for High‐Efficient Electrocatalytic Water Splitting Mechanical alloyed FeCoNiMoM (M=Cr, Cu) high-entropy alloy powders as electrocatalysts for reaction Development of High-Performance High Entropy Alloy Electrocatalysts for Alkaline Water Electrolysis Using Cold and Warm Spray Processes Surface Modified CoCrFeNiMo High Entropy Alloys for reaction in Alkaline Seawater Electrolysis of seawater is a promising technique to desalinate seawater and produce high-purity hydrogen production for freshwater and renewable energy, respectively. Construction of high-entropy oxy/hydroxides with dense nanosheet array structures on FeCoNiCrMo electrode for efficient reaction The high-entropy alloy (HEA) films prepared by magnetron sputtering on 3D substrates have excellent ability to release bubbles, good electrical conductivity, and abundant active sites, whic High Entropy Alloy CoCrFeNiMo Reinforced Electrocatalytic Performance for High‐Efficient Electrocatalytic Water Splitting Abstract The development of efficient, durable, and affordable electrocatalysts is critical for the advancement of a hydrogen economy, particularly Mechanical alloyed FeCoNiMoM (M=Cr, Cu) high-entropy alloy powders as electrocatalysts for reaction Here, micron-sized high-entropy alloy (HEA) electrocatalysts (FeCoNiMoCr, Cr-HEA; FeCoNiMoCu, Cu-HEA) with dual-phase heterostructures were fabricated by mechanical alloying and subsequently loaded onto nickel foam (NF) to form the working electrode, exhibiting excellent reaction ( reaction ) performan ed as promising candidates for electrode materials. Their unique elemental compositions could deliver synergistic effects and improving electrocatalytic performance, chemical stability, and structural resilience. In this study, FeCoNiCrMn, FeCoNiCrMo, and FeCoNiCrTi HEA electrocatalysts were fabricated using cold spray and warm spray solid-state deposition techniques. These scalable, industry-relevant methods enable the one-step production of high-performance electrodes while preservin",0.1097383946554035,0.3785714285714285,0.187326894545031,0.4357142857142857,0.0163746224839758,0.4857142857142857,0.0417791955626142,0.0678571428571428,0.0361220829477298,0.3,0.0637997288834213,0.325,0.0946131302271058,0.4785714285714286,0.7133225430885852,0.9785714285714284,0.1674333637167043,0.4714285714285714,0.4357142857142857,5.0,29.4,6.437390775772433,18.0,64.281539,16.02621250099611,43.9439,1.888,0.1611707169432463,0.5000000000000002,1.3900000000000001,0.037416573867739354,0.09999999999999987,4.2,0.39999999999999997,1.0,7.8,1.6,4.0,2.6918398465999536,7.8,1.6,13.381611358925285,0.0,0.0,0.6,0.8,1.0,0.4,0.6,0.6,0.0,0.0,0.6,0.4,0.8,0.0,0.0,1.0,0.8,0.7122109081107306,0.18,0.8,0.6117347010046479,126
2025,2026,2028,Co-Fe-Mo-Ni-Zn,ORR,0,,2024,1,1,1,1,29,5,"MoZn-based high entropy alloy catalysts enabled dual activation and stabilization in alkaline reaction de-off performances. The adsorbed evolution mechanism (AEM) suffers from sluggish kinetics due to a linear scaling relationship, while the lattice oxygen mechanism (LOM) causes unstable structures due to lattice oxygen escape. We propose a MoZnFeCoNi high-entropy alloy (HEA) incorporating AEM-promoter Mo and LOM-active Zn to achieve dual activation and stabilization for efficient and durable reaction . Density functional theory and chemical probe experiments confirmed dual-mechanism activati",0.3635271858410283,0.4928571428571429,0.3173303330013932,0.5660714285714286,0.0404458529623454,0.7482142857142857,0.0643192763966673,0.1785714285714285,0.0221356726439657,0.1964285714285714,0.2963199191538674,0.4428571428571428,0.2393570401770647,0.7178571428571429,0.4377122749119039,0.3785714285714285,0.5042385139568323,0.7357142857142858,0.4952380952380952,5.0,30.6,5.851495535331118,16.0,66.964119,14.822654386021552,40.095,1.886,0.16402438843050146,0.5100000000000002,1.3800000000000001,0.03999999999999994,0.09999999999999987,4.2,0.39999999999999997,1.0,9.0,2.0,6.0,2.8985507246376763,9.0,2.0,13.381611358925285,0.0,0.0,0.6,0.8,0.8,0.4,0.6,0.6,0.0,0.0,0.4,0.2,0.6,0.6,0.0,0.8,0.8,0.6967771309972,0.12,0.6,0.6098902821563028,127
2025,2026,2028,Au-Ir-Os-Pd-Pt-Re-Rh-Ru,HER,0,,2025,0,1,0,1,63,8,"Learning in Higher Dimensions: A Strategy for Alloy Electrocatalyst Discovery studying all constituent alloys individually. In addition, this top-down approach allows for a new way of comparing activity models constructed from experimental data with theoretical simulations. We introduce the approach by studying the Au-Ir-Os-Pd-Pt-Re-Rh-Ru high entropy alloy (HEA) composition space for the acidic reaction ( reaction ). By studying 200 compositions, we created a machine-learned activity model and provide evidence that the model can predict the activity of underlying",0.6264053635068966,0.7875,0.507040664457433,0.6892857142857143,0.0261316823617483,0.6392857142857142,0.4275502528178804,0.9607142857142856,0.1092264930280672,0.7892857142857143,0.6923454072410168,0.9571428571428572,0.1627131308520706,0.5892857142857143,0.5751304280295167,0.85,0.2227776810904231,0.5214285714285715,0.7537698412698411,8.0,65.0,15.540270267920054,35.0,158.887508625,43.05440054658491,95.896569,2.225,0.16332482971061074,0.6400000000000001,1.34375,0.02997394702070447,0.09999999999999987,5.625,0.4841229182759271,1.0,9.0,1.224744871391589,4.0,2.2306193131687047,9.0,1.224744871391589,17.289438964613282,0.875,0.75,0.875,0.0,0.0,0.625,0.25,0.375,0.25,0.75,0.0,0.125,0.0,0.625,0.875,0.0,0.0,0.7406823638466067,0.5249999999999999,0.0,0.6089011377254104,128
2025,2026,2028,Co-Fe-Ni-V,CO2RR,0,,2025,0,1,0,1,1,4,"Enhanced electrocatalytic reaction with CoNiFe(Cr/V) based high entropy alloy electrodes rocatalytic reaction with CoNiFe(Cr/V) based high entropy alloy electrodes In this study, the electrocatalytic properties of single-phase face-centered cubic high entropy alloy electrodes with equiatomic compositions of CoNiFeCr, CoNiFeV, and CoNiFe(Cr/V) are explored for the reaction ( reaction ) in 1M KOH and 0.5M H2SO4. Among these, the CoNiFe(Cr/V) High Entropy Alloy (HEA) electrodes exhibited superior performance, achieving overpotentials of 277 and 45 mV",0.0154138746516568,0.1339285714285714,0.0263273571580358,0.2196428571428571,0.0471806808776388,0.8053571428571429,0.0909248781423785,0.2714285714285714,0.0384739381357623,0.3071428571428571,0.0346672504436234,0.1821428571428571,0.0606886749295538,0.4071428571428571,0.4776630606630255,0.5607142857142857,0.1288911288967075,0.4321428571428571,0.3688492063492063,4.0,26.0,1.8708286933869707,5.0,56.10327374999999,3.2182224071787187,7.991695,1.8125,0.10917302780449026,0.28,1.3624999999999998,0.02165063509461089,0.04999999999999982,4.0,0.0,0.0,8.0,1.8708286933869707,5.0,1.5890374381365793,8.0,1.8708286933869707,11.526292643075523,0.0,0.0,0.75,1.0,1.0,0.25,0.75,0.75,0.0,0.0,0.75,0.25,0.75,0.0,0.0,1.0,1.0,0.8202914470579792,0.22499999999999998,0.75,0.6020695769745367,129
2025,2026,2028,Co-Cr-Cu-Fe-Ni,CO2RR,0,,2022,3,3,0,2,1,5,"Ultrafast synthesis of tetragonal-distorted FeCoNiCuCr high-entropy alloy nanoparticles for enhanced reaction performance Hetero-structured noble metal-free high-entropy alloy CrFeCoNiCu/Mn-based oxide for highly efficient reaction / reaction bifunctional catalysis In Situ Synthesis and Microfabrication of High Entropy Alloy and Oxide Compounds by Femtosecond Laser Direct Writing under Ambient Conditions icable to a large family of oxides and alloys. The process is conducted at room temperature and in an open atmosphere. To demonstrate, a large family of 57 MMOs and alloys are synthesized from a group of 13 elements. As a proof of concept, Ni0.24Co0.23Cu0.24Fe0.15Cr0.14 high entropy alloy synthesized on stainless‐steel foil by FsLDW is used for the reaction , which achieves a current density of 10 mA cm−2 at a significantly low overpotential of 213 mV. Further, FsLDW can also achieve micro",0.0351698496501777,0.3392857142857143,0.012195052892636,0.0982142857142857,0.0009052058296726,0.0196428571428571,0.131641701043066,0.4,0.0653893800202441,0.525,0.0568637882163955,0.275,0.006774749291143,0.0928571428571428,0.4952640845051904,0.6214285714285714,0.0080750386246406,0.0857142857142857,0.273015873015873,5.0,26.8,1.7204650534085253,5.0,57.802738999999995,3.8106706277877125,11.549900000000001,1.8359999999999999,0.09221713506718801,0.25,1.3699999999999999,0.024494897427831695,0.04999999999999982,4.0,0.0,0.0,8.8,1.7204650534085253,5.0,1.787948717359978,8.8,1.7204650534085253,13.381611358925285,0.0,0.0,0.8,1.0,0.8,0.2,0.6,0.8,0.2,0.0,0.6,0.2,1.0,0.2,0.0,0.8,1.0,0.8192313388245698,0.18,1.0,0.6006265445045138,130
2025,2026,2028,Au-Ir-Pd-Pt-Ru,OER,0,,2024,1,2,0,1,63,5,"In situ capturing site-to-site reactive species in CO 2 -laser-patterned high-entropy alloy nanoflowers for robust alkaline seawater electrolysis Cocktail Effect of 4 d /5 d Band Twisted High‐Entropy Alloys on Carbon Nanotube for Hydrazine Splitting (Small 29/2025) In situ capturing site-to-site reactive species in CO 2 -laser-patterned high-entropy alloy nanoflowers for robust alkaline seawater electrolysis CO 2 -laser method to synthesize AuRuIrPdPt high-entropy alloys (HEAs) for reaction in alkaline and seawater splitting. Optimized HEA-60 exhibits remarkable reaction activity and stability, surpassing those of commercial Pt/C. cktail Effect of 4 d /5 d Band Twisted High‐Entropy Alloys on Carbon Nanotube for Hydrazine Splitting (Small 29/2025) Hydrazine Splitting In article number 2410304, Myong Yong Choi and co-workers fabricated CNT-embedded high-entropy alloy (RuPdIrPtAu HEA/CNT) catalyst by a pulsed laser method, achieving dual-functional reaction and hydrazine oxidation reaction ( reaction and HzOR) activity. Notably, the HEA/CNT-10||HEA/CNT-10 device voltage required for overall hydrazine splitting (",0.7495347567472388,0.9464285714285714,0.675231779794557,0.9535714285714286,0.0431026552221013,0.7714285714285715,0.1562522805269848,0.4607142857142857,0.0633484597710765,0.4928571428571429,0.6307929835500798,0.7892857142857143,0.327693261742393,0.8,0.4621586696160526,0.4964285714285714,0.6586490637223564,0.8071428571428572,0.7242063492063492,5.0,64.8,16.191355718407276,35.0,158.35151380000002,44.64375238456958,95.896569,2.2840000000000003,0.13169662106523455,0.33999999999999986,1.3499999999999999,0.03162277660168375,0.09999999999999987,5.6,0.4898979485566356,1.0,9.6,1.0198039027185568,3.0,2.342427896421019,9.6,1.0198039027185568,13.381611358925285,1.0,0.8,1.0,0.0,0.0,0.8,0.4,0.6,0.4,0.8,0.0,0.0,0.0,0.4,1.0,0.0,0.0,0.7555545519869696,0.5599999999999999,0.0,0.596559222738948,131
2025,2026,2028,Au-Co-Cu-Ir-Mn-Ni-Pd-Pt-Rh-Sn,ORR,0,,2020,5,1,5,1,29,10,"Synthesis of high-entropy alloy nanoparticles on supports by the fast moving bed pyrolysis , and zeolite, which is vital to their practical applications, are largely unexplored. Herein, we present a fast moving bed pyrolysis strategy to immobilize HEA-NPs on granular supports with a narrow size distribution of 2 nm up to denary (MnCoNiCuRhPdSnIrPtAu) HEA-NPs at 923 K. Fast moving bed pyrolysis strategy ensures the mixed metal precursors rapidly and simultaneously pyrolyzed at high temperatures, resulting in nuclei with a small size. The representative quinary (FeCoPdIrPt) HEA-NPs exhibi",0.3635271858410283,0.4928571428571429,0.3362043526044232,0.5821428571428572,0.1350137998679426,0.9714285714285714,0.2140653033759888,0.6357142857142857,0.109884970015397,0.7928571428571428,0.2850505241692077,0.4035714285714286,0.2176419502827337,0.675,0.3841651626228327,0.2071428571428571,0.5358327864259523,0.7535714285714286,0.6126984126984127,10.0,48.4,21.091230405075947,54.0,114.84137090000002,56.4771712799589,142.028524,2.0700000000000003,0.26758176320519306,0.99,1.3699999999999999,0.033166247903553936,0.09999999999999987,4.9,0.8306623862918076,2.0,10.0,1.7320508075688772,7.0,2.420894007558682,9.0,2.0,19.144757680463048,0.5,0.4,0.8,0.4,0.3,0.5,0.4,0.6,0.4,0.4,0.3,0.0,0.4,0.6,0.5,0.3,0.4,0.6553346552650505,0.37,0.4,0.5953146822938009,132
2025,2026,2028,Co-Ir-Mn-Ni-Ru,ORR,0,,2025,0,1,0,1,29,5,Constructing CoNiRuIrMn high-entropy alloy network for boosting electrocatalytic activity toward alkaline reaction,0.3635271858410283,0.4928571428571429,0.2952071380385401,0.5232142857142857,0.009961666763347,0.3517857142857143,0.1666078647707952,0.4964285714285714,0.0862037931842487,0.6392857142857142,0.2910846991205728,0.4214285714285714,0.3004274850322404,0.7857142857142857,0.4437913736403139,0.4071428571428571,0.6708571924322009,0.8142857142857143,0.548015873015873,5.0,40.2,19.610201426808448,52.0,93.170328,52.3358297072897,137.278955,1.948,0.2414456460572442,0.6500000000000001,1.3499999999999999,0.03162277660168375,0.09999999999999987,4.6,0.7999999999999999,2.0,8.6,1.019803902718557,3.0,2.342427896421019,8.6,1.019803902718557,13.381611358925285,0.4,0.4,0.8,0.6,0.6,0.6,1.0,0.4,0.0,0.4,0.6,0.0,0.6,0.4,0.4,0.6,0.6,0.6787302344925629,0.45999999999999996,0.6,0.5942262132049118,133
2025,2026,2028,Au-Ir-Os-Pd-Pt-Re-Rh-Ru,OER,0,,2025,0,1,0,1,63,8,"Learning in Higher Dimensions: A Strategy for Alloy Electrocatalyst Discovery studying all constituent alloys individually. In addition, this top-down approach allows for a new way of comparing activity models constructed from experimental data with theoretical simulations. We introduce the approach by studying the Au-Ir-Os-Pd-Pt-Re-Rh-Ru high entropy alloy (HEA) composition space for the acidic reaction ( reaction ). By studying 200 compositions, we created a machine-learned activity model and provide evidence that the model can predict the activity of underlying",0.6264053635068966,0.7875,0.5096749513856635,0.6928571428571428,0.0577376156367471,0.8392857142857143,0.2543727879638959,0.7178571428571429,0.0638567663530763,0.5,0.6881703215863693,0.9535714285714286,0.1645339225794796,0.5964285714285714,0.575130449354523,0.8535714285714285,0.2258161126641034,0.525,0.7184523809523811,8.0,65.0,15.540270267920054,35.0,158.887508625,43.05440054658491,95.896569,2.225,0.16332482971061074,0.6400000000000001,1.34375,0.02997394702070447,0.09999999999999987,5.625,0.4841229182759271,1.0,9.0,1.224744871391589,4.0,2.2306193131687047,9.0,1.224744871391589,17.289438964613282,0.875,0.75,0.875,0.0,0.0,0.625,0.25,0.375,0.25,0.75,0.0,0.125,0.0,0.25,0.875,0.0,0.0,0.7406823638466067,0.5249999999999999,0.0,0.5930082805825535,134
2025,2026,2028,Cu-Nb-Ni-Ti-Zr,OER,0,,2025,0,1,0,1,63,5,Amorphous High-Entropy Alloy Nanoframes: Oxygen Vacancy-Mediated Electronic Regulation in Ni–Nb–Zr–Ti–Cu for Efficient reaction Amorphous High-Entropy Alloy Nanoframes: Oxygen Vacancy-Mediated Electronic Regulation in Ni–Nb–Zr–Ti–Cu for Efficient reaction High Resolution Image Download MS PowerPoint Slide Research on transition metal-based high-entropy alloys (HEAs) as electrocatalysts for the reaction ( reaction ) is advancing rapidly. In this s,0.6264053635068966,0.7875,0.5590231129327117,0.7875,0.0136994228655924,0.4303571428571429,0.3164555525786161,0.8214285714285714,0.0997457467189858,0.7285714285714285,0.6421167420513558,0.8392857142857143,0.0911033764238526,0.4678571428571428,0.457098339894687,0.4535714285714285,0.1265647633254956,0.4214285714285714,0.6375,5.0,32.0,7.3484692283495345,19.0,70.847356,18.060638794409904,45.03938,1.6560000000000001,0.2222251110923335,0.5799999999999998,1.4200000000000002,0.0748331477354788,0.19999999999999996,4.4,0.4898979485566356,1.0,6.8,3.059411708155671,7.0,5.2699399813717465,6.8,3.059411708155671,13.381611358925285,0.0,0.0,0.4,0.6,0.8,0.2,0.2,0.4,0.2,0.0,0.2,0.6,0.4,0.2,0.0,0.8,0.6,0.501896323446203,0.06,0.4,0.5914438970338609,135
2025,2026,2028,Co-Cu-Fe-Ni-V,CO2RR,0,,2025,0,2,0,3,1,5,"Design and Performance of a Hierarchical Porous FeCoNiCuV High-Entropy Alloy as an Efficient reaction Catalyst for Water Electrolysis Advanced Fabrication of Graphene-Integrated High-Entropy Alloy@Carbon Nanocomposites as Superior Multifunctional Electrocatalysts Design and Performance of a Hierarchical Porous FeCoNiCuV High-Entropy Alloy as an Efficient reaction Catalyst for Water Electrolysis Catalysts with hierarchical porous structures spanning from the microscale to the macroscale can significantly enhance charge-transfer efficiency and activ structure via efficient synthesis techniques. HEA@C NPs exceptional reactivity and adaptable electrochemical characteristics allow them to perform better in slow reaction (SOE) activities. The novel multilayer graphene-enhanced HEA CoNiFeCuV@C NPs electrocatalyst presented in this work is carbon-based, and transmission electron microscopy (TEM) investigations verify its efficacy. The efficiency of the reaction ( reaction ), reaction ( reaction ), and oxyg",0.0247677549561598,0.2946428571428571,0.0013215375404071,0.0107142857142857,0.0020014668885568,0.1607142857142857,0.1922577374518232,0.5857142857142857,0.087359997066038,0.6535714285714286,0.0996870952415395,0.3642857142857142,0.0012848343864202,0.0035714285714285,0.5211812494354601,0.7178571428571429,0.0006639087372453,0.0035714285714285,0.310515873015873,5.0,26.6,2.0591260281974,6.0,57.591819,4.141090703527755,12.604500000000002,1.8299999999999996,0.10373041983911953,0.28,1.3599999999999999,0.019999999999999928,0.04999999999999982,4.0,0.0,0.0,8.6,2.0591260281974,6.0,1.4705882352941124,8.6,2.0591260281974,13.381611358925285,0.0,0.0,0.8,1.0,0.8,0.2,0.6,0.8,0.2,0.0,0.6,0.2,0.8,0.2,0.0,0.8,1.0,0.8318004708184991,0.18,0.8,0.5912722841026925,136
2025,2026,2028,Al-Cr-Fe-Mo-Ni,ORR,0,,2022,3,1,3,1,29,5,"Sputter‐Deposited High Entropy Alloy Thin Film Electrocatalyst for Enhanced reaction Performance talysts are prepared and characterized. The surface electronic structure modification due to the addition of a metal is studied experimentally and theoretically using density functional theory calculation. It is demonstrated that sputtered FeNiMoCrAl HEA thin film exhibits reaction performance superior to all the reported HEA catalysts with robust electrocatalytic activity having a low overpotential of 220 mV at 10 mA cm –2 , and excellent electrochemical stability at different constant cur",0.3635271858410283,0.4928571428571429,0.3640682130799544,0.6232142857142857,0.0600209494360164,0.8482142857142857,0.1285828695280073,0.3964285714285714,0.0684286969599705,0.5464285714285714,0.3055457347932961,0.5071428571428571,0.1771222301940524,0.6178571428571429,0.427694433769008,0.325,0.3860251225567968,0.6321428571428571,0.5543650793650793,5.0,26.6,9.28654941299512,29.0,57.89120772,22.102945562039245,68.9584614,1.834,0.19622436138257657,0.55,1.3699999999999999,0.06782329983125265,0.19999999999999996,4.0,0.6324555320336759,2.0,8.6,2.6532998322843198,7.0,4.950605827098735,6.6,2.33238075793812,13.381611358925285,0.0,0.0,0.4,0.6,0.8,0.4,0.4,0.4,0.0,0.0,0.4,0.4,0.6,0.4,0.0,0.8,0.6,0.5408535682707787,0.12,0.6,0.5897203561955192,137
2025,2026,2028,Co-Fe-Mn-Ni-V,CO2RR,0,,2024,1,3,0,2,1,5,"Noble metal-free FeCoNiMnV high entropy alloy anchored on N-doped carbon nanotubes with prominent activity and durability for reaction and zinc–air batteries Nanoscale Raspberry-like Ni–Fe–Co–Mn–V high-entropy alloy electrocatalysts: A pathway to ultrlow overpotential reaction High-entropy intermetallic/N-doped carbon nanocages with abundant fine carbon nanotubes for greatly enhancing reaction in zinc-air battery gh-efficiency and stable reaction ( reaction ) electrocatalysts is critical for practical applications in zinc-air batteries, yet it is still challenging to achieve optimal catalytic activity through structural engineering. Here, CoFeVMnNi high-entropy intermetallic alloy/N-doped carbon nanocages (CoFeVMnNi HEI/CNCs) with abundant carbon nanotubes were fabricated by a one-step pyrolysis method. The structural and electronic properties of the material were characterized by mu",0.0351698496501777,0.3392857142857143,0.0119476390320995,0.0928571428571428,0.0008427676903382,0.0125,0.168323787075302,0.5035714285714286,0.0674924836468187,0.5428571428571428,0.0687130690822217,0.3428571428571428,0.0113788219941119,0.15,0.6244344970497681,0.9,0.0134238610855642,0.15,0.3371031746031745,5.0,25.8,1.7204650534085253,5.0,55.870228,2.915957073762575,7.991695,1.7600000000000002,0.14338758663147935,0.3599999999999999,1.3699999999999999,0.024494897427831695,0.04999999999999982,4.0,0.0,0.0,7.8,1.7204650534085253,5.0,1.787948717359978,7.8,1.7204650534085253,13.381611358925285,0.0,0.0,0.6,1.0,1.0,0.2,0.8,0.6,0.0,0.0,0.8,0.2,0.8,0.0,0.0,1.0,1.0,0.7834120227295659,0.24,0.8,0.5827200353902984,138
2025,2026,2028,Co-Cu-Mo-Ni-Ru,ORR,0,,2025,0,1,0,1,29,5,"S1-MatAgent: A planner driven multi-agent system for material discovery ovel composition optimization algorithm based on gradients of machine learning interatomic potential, achieving 27.7 % improvement in material performance. S1-MatAgent designed 13 high-performance catalysts from 20 million candidates, with Ni4Co4Cu1Mo3Ru4 exhibiting an overpotential of 18.6 mV at 10 mA cm-2 and maintaining 97.5 % activity after 500 hours at 500 mA cm-2. The universal MAS framework offers a universal and scalable solution for material discovery, significantly improving desig",0.3635271858410283,0.4928571428571429,0.2952071380385401,0.5232142857142857,0.009961666763347,0.3517857142857143,0.1791317501126405,0.5357142857142857,0.0617429082557821,0.4857142857142857,0.3076254389676922,0.525,0.232618492804445,0.6964285714285714,0.3426207212647771,0.0535714285714285,0.4442546709483523,0.6964285714285714,0.4845238095238095,5.0,34.0,7.402702209328699,17.0,75.63651899999999,18.82203102898951,42.376599999999996,2.0100000000000002,0.13971399357258396,0.3200000000000003,1.3599999999999999,0.04898979485566353,0.1499999999999999,4.4,0.4898979485566356,1.0,8.8,1.7204650534085253,5.0,3.602190798210554,8.8,1.7204650534085253,13.381611358925285,0.2,0.2,0.8,0.6,0.6,0.6,0.6,0.6,0.2,0.2,0.4,0.2,0.6,0.6,0.2,0.6,0.6,0.6680578026155053,0.26,0.6,0.5824530550703658,139
2025,2026,2028,Co-Fe-Ni-Pt,CO2RR,0,,2025,0,2,0,3,1,4,"Data-Driven PtFeCoNiMnCr High-Entropy Alloy Nanoparticles as Bifunctional Oxygen Catalysts for Zinc–Air Batteries Electronegativity-Modulated PtFeCoNiCu High-Entropy Alloy Catalysts for Efficient reaction and reaction Data-Driven PtFeCoNiMnCr High-Entropy Alloy Nanoparticles as Bifunctional Oxygen Catalysts for Zinc–Air Batteries High-entropy alloys (HEAs) with a high degree of order offer the advantages of high catalytic activity and high stability as electrocatalysts for etal electronic structures, particularly through electronegativity differences to maximize their reaction ( reaction ) and the reaction ( reaction ) in a single catalyst, remains technically challenging. In this work, PtFeNiCo X ( X: Cu, Mo, Mn) HEA NPs with electronegativity-regulated reaction and reaction catalysis were synthesized via a transient high-temperature shock method (THTS), using carbonized wood (CW) as a self-supporting electrode substrate. The results demon",0.0247677549561598,0.2946428571428571,0.0014118064330419,0.0178571428571428,0.0187863230278555,0.5,0.1728115353446171,0.525,0.0853912468094024,0.6357142857142857,0.1172566323949986,0.3785714285714285,0.002453524666277,0.0178571428571428,0.8063529505224957,1.0,0.0013909868207254,0.0107142857142857,0.3755952380952381,4.0,39.75,22.094965489902897,52.0,92.13889875,59.447794547016244,139.239,1.975,0.17839562774911266,0.44999999999999973,1.3624999999999998,0.02165063509461089,0.04999999999999982,4.5,0.8660254037844386,2.0,9.25,0.82915619758885,2.0,1.5890374381365793,9.25,0.82915619758885,11.526292643075523,0.25,0.25,1.0,0.75,0.75,0.5,0.75,1.0,0.0,0.25,0.5,0.0,0.75,0.0,0.25,0.75,0.75,0.7718356270967436,0.32499999999999996,0.75,0.5805685452718802,140
2025,2026,2028,Fe-Ir-Mn-Pt-Ru,OER,0,,2025,0,1,0,1,63,5,High-temperature shock synthesis of PtRuIrMnFe high-entropy alloy nanocatalysts for an efficient reaction,0.6264053635068966,0.7875,0.5590231129327117,0.7875,0.0136994228655924,0.4303571428571429,0.2366422588741782,0.7,0.0643092901889826,0.5107142857142857,0.6209183201254025,0.7214285714285714,0.2809147759936686,0.7714285714285715,0.3676488319930492,0.1392857142857143,0.5542532685886659,0.7642857142857142,0.6236111111111112,5.0,50.0,23.45207879911715,53.0,119.830809,62.54602454265119,140.14595500000001,2.0119999999999996,0.27895519353473236,0.7299999999999998,1.3599999999999999,0.037416573867739354,0.09999999999999987,5.0,0.8944271909999159,2.0,8.4,1.0198039027185568,3.0,2.751218666745541,8.4,1.0198039027185568,13.381611358925285,0.6,0.6,0.8,0.4,0.4,0.6,0.8,0.4,0.0,0.6,0.2,0.0,0.4,0.8,0.6,0.4,0.4,0.6259021511872273,0.48,0.4,0.5803956453561683,141
2025,2026,2028,Co-Cu-Fe-Mo-Ni,CO2RR,0,,2024,1,5,0,2,1,5,"High-entropy alloy catalysts of FeCoNiCuMo/C with high stability for efficient reaction Designing Nanoporous Non-noble High Entropy Alloys as Efficient Catalysts for the reaction Mechanical alloyed FeCoNiMoM (M=Cr, Cu) high-entropy alloy powders as electrocatalysts for reaction Interface Engineering Effected Charge Redistribution within High Entropy Alloy‐Metal Heterostructured Catalyst Enables High Performance Anion Exchange Membrane Water Electrolysis Preparation of FeCoNiMoCu High-Entropy Alloy Thin Film Electrode and Its Water Splitting Performance ean energy; however, the application of hydrogen energy is limited by the prohibitively expensive commercial Pt/C catalyst for the reaction ( reaction ). In this work, we designed non-noble high entropy alloy (HEA) catalysts of FeCoNiCuMo with diversified active centers, which have an excellent catalytic performance for reaction . Density functional theory calculations indicate that Fe, Co, and Ni sites with strong adsorption of H* could facilitate water splitting, while Cu and M Mechanical alloyed FeCoNiMoM (M=Cr, Cu) high-entropy alloy powders as electrocatalysts for reaction Here, micron-sized high-entropy alloy (HEA) electrocatalysts (FeCoNiMoCr, Cr-HEA; FeCoNiMoCu, Cu-HEA) with dual-phase heterostructures were fabricated by mechanical alloying and subsequently loaded onto nickel foam (NF) to form the working electrode, exhibiting excellent reaction ( reaction ) performance. Specifically, t e of the versatile active sites and multiple synergies between constituent elements of HEA and interfacial electronic interactions between HEA and metal, are promising bifunctional catalysts for high‐performance water electrolysis. Here, a FeCoNiCuMo HEA‐Mo heterostructured catalyst is synthesized, through supersaturation‐induced phase separation, for both anode and cathode of an AEMWE. The catalyst exhibits outstanding reaction ( reaction ) (η 10 /η 500 of 24/140 mV) and o Preparation of FeCoNiMoCu High-Entropy Alloy Thin Film Electrode and Its Water Splitting Performance High-entropy alloy (HEA) thin films have attracted considerable attention owing to their multi-element synergistic effects, high stability, tunable electronic struc",0.0582495501776238,0.3642857142857142,0.0308746850580484,0.2892857142857143,0.0035503394919047,0.2071428571428571,0.0568380578868886,0.1357142857142857,0.0247459799490257,0.2392857142857143,0.0637853003737084,0.3214285714285714,0.0219002312914556,0.2464285714285714,0.6851242393703384,0.9714285714285714,0.0303149400867033,0.25,0.3361111111111111,5.0,30.4,5.885575587824865,16.0,66.59151899999999,14.880365612653607,40.095,1.936,0.11534296684236978,0.33000000000000007,1.3800000000000001,0.03999999999999994,0.09999999999999987,4.2,0.39999999999999997,1.0,8.8,1.7204650534085253,5.0,2.8985507246376763,8.8,1.7204650534085253,13.381611358925285,0.0,0.0,0.8,0.8,0.8,0.4,0.6,0.8,0.2,0.0,0.4,0.2,0.8,0.2,0.0,0.8,0.8,0.7308541261088922,0.12,0.8,0.5785062378326676,142
2025,2026,2028,Co-Cr-Fe-Mn-Ni-V,CO2RR,0,,2022,3,1,3,1,1,6,"Carbothermal Shock Synthesis of High Entropy Oxide Catalysts: Dynamic Structural and Chemical Reconstruction Boosting the Catalytic Activity and Stability toward reaction oparticles upon use in aqueous electrolytes. Herein, an in situ synthesis of non‐noble metal high entropy oxide (HEO) catalysts on carbon fibers by rapid Joule heating and quenching is reported. Different compositions of ternary to senary (FeNiCoCrMnV) HEO nanoparticles show higher activity towards catalyzing the reaction ( reaction ) compared to a noble metal IrO2 catalyst. The synthesized HEO also show two orders of magnitude higher stability than IrO2, due to stronger carbide",0.0154138746516568,0.1339285714285714,0.0313612377468916,0.2928571428571428,0.0034744172933064,0.2035714285714285,0.075592088772873,0.2392857142857143,0.0410474590890145,0.3214285714285714,0.0373372995653797,0.225,0.0396291152726317,0.3321428571428571,0.5452959040446618,0.7857142857142857,0.0495436238575638,0.3035714285714285,0.3152777777777777,6.0,25.5,1.707825127659933,5.0,55.22454,3.0282398099790027,7.991695,1.7433333333333334,0.13609637108395733,0.3599999999999999,1.375,0.024999999999999908,0.04999999999999982,4.0,0.0,0.0,7.5,1.707825127659933,5.0,1.8181818181818115,7.5,1.707825127659933,14.897517127344186,0.0,0.0,0.5,1.0,1.0,0.16666666666666666,0.6666666666666666,0.5,0.0,0.0,0.8333333333333334,0.3333333333333333,0.8333333333333334,0.0,0.0,1.0,1.0,0.7865507220594121,0.25,0.8333333333333334,0.5778402166178236,143
2025,2026,2028,Cu-Pd-Pt-Rh-Ru,OER,0,,2024,1,1,1,1,63,5,"An efficient and stable high-entropy alloy electrocatalyst for reaction ed reaction ( reaction ) activity in water electrolysis, yet the understanding of their structure and active sites in reaction environments remains unclear. Here, we systematically investigated the reaction activity and stability of PtPdRhRuCu/C through a combination of electrochemical measurements, in situ synchrotron radiation X-ray absorption spectroscopy (XAS) at the Cu K -edge and Pt L 3 -edge, and density functional theory (DFT) calculations. Uniformly sized PtPdRhRuCu HEA",0.6264053635068966,0.7875,0.5845201721795854,0.8375,0.0199434737456827,0.5339285714285714,0.1132293756911866,0.35,0.0189789041735695,0.1678571428571428,0.6288269158108066,0.775,0.1982553590439107,0.65,0.5154909104559285,0.7107142857142857,0.4682417434033186,0.7071428571428572,0.6132936507936508,5.0,48.4,16.057397049335236,49.0,113.8051,43.51496402894067,131.538,2.1719999999999997,0.14062716664997554,0.3799999999999999,1.3499999999999999,0.03162277660168375,0.09999999999999987,5.0,0.6324555320336759,2.0,9.6,1.0198039027185568,3.0,2.342427896421019,9.6,1.0198039027185568,13.381611358925285,0.8,0.8,1.0,0.2,0.0,0.8,0.2,0.6,0.4,0.8,0.0,0.0,0.2,0.2,0.8,0.0,0.2,0.7493031700776509,0.5599999999999999,0.2,0.5747730938804383,144
2025,2026,2028,Co-Fe-Ga-Ni-Zn,CO2RR,0,,2020,5,2,4,1,1,5,"Low Cost, Easy Scalable High Entropy Alloy (HEA) FeCoNiZnGa for High-Efficiency reaction ( reaction ) Low-cost high entropy alloy (HEA) for high-efficiency reaction ( reaction ) Low Cost, Easy Scalable High Entropy Alloy (HEA) FeCoNiZnGa for High-Efficiency reaction ( reaction ) reaction ( reaction ) is the key step involved both in water splitting devices as well as in rechargeable metal-air batteries and there is an urgent requirement for a highly sta evolution reaction ( reaction ) is the key step involved both in water splitting devices and rechargeable metal-air batteries, and hence, there is an urgent need for a stable and low-cost material for efficient reaction . In the present investigation, Co−Fe−Ga−Ni−Zn (CFGNZ) high entropy alloy (HEA) has been utilized as a low-cost electrocatalyst for reaction . Herein, after cyclic voltammetry activation, CFGNZ-nanoparticles (NPs) are covered with oxidized surface and form high entropy (oxy) hydroxides (HEOs",0.0247677549561598,0.2946428571428571,0.0592311576117507,0.3607142857142857,0.0040537368446527,0.2285714285714285,0.0970424974806485,0.2892857142857143,0.0524311467684672,0.4,0.0365375514227395,0.2107142857142857,0.064217878841224,0.4142857142857143,0.4983123995249957,0.6392857142857142,0.1081189973905389,0.3892857142857143,0.358531746031746,5.0,28.4,1.8547236990991407,5.0,61.720718999999995,5.081317586674151,13.878,1.816,0.09024411338142783,0.26,1.35,0.03162277660168375,0.09999999999999987,4.0,0.0,0.0,10.4,1.8547236990991407,5.0,2.3424278964210186,8.4,3.006659275674582,13.381611358925285,0.0,0.0,0.6,0.8,0.6,0.2,0.6,0.6,0.0,0.0,0.4,0.0,0.6,0.0,0.0,0.6,0.8,0.7845713073656343,0.12,0.6,0.5747106779239759,145
2025,2026,2028,Co-Cr-Ni-Pt,CO2RR,0,,2024,1,1,1,1,1,4,"Rational Design of Nitrogen‐Doped Low Pt-Loading Electrocatalysts for Fuel Cells: Binary to High-Entropy Alloys and Intermetallics which met the target under the M2FCT 90K AST protocols for HDV applications. Recently, we extended our strategy to multi-elemental systems; under the DOE L’Innovator project, we applied the N-doping and structural ordering to a quaternary PtCoNiCr system. The resultant Int-PtCoNiCrN/C catalyst showed much improved reaction activity and durability in MEA testing operating at 160ºC compared to those of commercial Pt catalysts, demonstrating that the N-doped intermetallic quaternary catalys",0.0154138746516568,0.1339285714285714,0.0291332899264434,0.2535714285714285,0.128126891405587,0.9607142857142856,0.1090520922455592,0.3285714285714285,0.0275580844862861,0.2535714285714285,0.0435567718589201,0.25,0.0502118581633875,0.3642857142857142,0.5064698969441643,0.6678571428571428,0.0801434402557721,0.3535714285714286,0.3962301587301587,4.0,39.25,22.42069356643545,54.0,91.17667374999999,60.05550516651714,143.0879,1.9325,0.22264040513797126,0.6199999999999999,1.3624999999999998,0.02165063509461089,0.04999999999999982,4.5,0.8660254037844386,2.0,8.75,1.6393596310755,4.0,1.5890374381365793,8.75,1.6393596310755,11.526292643075523,0.25,0.25,0.75,0.75,0.75,0.5,0.5,0.75,0.0,0.25,0.75,0.25,0.75,0.0,0.25,0.75,0.75,0.7408642829245425,0.39999999999999997,0.75,0.5730628563059342,146
2025,2026,2028,Au-Ir-Pd-Pt-Rh-Ru,OER,0,,2025,0,1,0,1,63,6,An acanthosphere-like PtRuRhPdAuIr high-entropy alloy as an efficient electrocatalyst for reaction in both acidic and alkaline electrolytes An acanthosphere-like PtRuRhPdAuIr high-entropy alloy as an efficient electrocatalyst for reaction in both acidic and alkaline electrolytes An acanthosphere-like PtRuRhPdAuIr high-entropy alloy (HEA) was fabricated for the first time by the electrochemical method,0.6264053635068966,0.7875,0.5426545168160604,0.7375,0.0622588874041123,0.8589285714285714,0.2055076170261998,0.5964285714285714,0.0512800082320962,0.3964285714285714,0.6253034980900577,0.7535714285714286,0.244249668529737,0.725,0.4031971201152216,0.2571428571428571,0.5038559428586922,0.7321428571428571,0.6494047619047618,6.0,61.5,16.520189667999176,35.0,149.1105115,45.6931921262748,95.896569,2.283333333333333,0.12023125864580951,0.33999999999999986,1.3499999999999999,0.028867513459481253,0.09999999999999987,5.5,0.5,1.0,9.5,0.9574271077563381,3.0,2.138334330331945,9.5,0.9574271077563381,14.897517127344186,1.0,0.8333333333333334,1.0,0.0,0.0,0.8333333333333334,0.3333333333333333,0.5,0.3333333333333333,0.8333333333333334,0.0,0.0,0.0,0.3333333333333333,1.0,0.0,0.0,0.7768463874763569,0.5833333333333334,0.0,0.5669527257667165,147
2025,2026,2028,Co-Cu-Fe-Ir-Ni,CO2RR,0,,2022,3,3,2,2,1,5,"Facile Synthesis of FeCoNiCuIr High Entropy Alloy Nanoparticles for Efficient reaction Electrocatalysis Understanding the Structural Evolution of IrFeCoNiCu High-Entropy Alloy Nanoparticles under the Acidic reaction FeCoNiCuIr High-Entropy Alloy Catalysts for reaction Reactions with Improved Desorption Behavior by Tuning Antibonding Orbital Filling Facile Synthesis of FeCoNiCuIr High Entropy Alloy Nanoparticles for Efficient reaction Electrocatalysis The lack of an efficient and stable electrocatalyst for reaction ( reaction ) greatly hinders the development of various electrochemical energy conv Understanding the Structural Evolution of IrFeCoNiCu High-Entropy Alloy Nanoparticles under the Acidic reaction High-entropy alloy (HEA) nanoparticles are promising catalyst candidates for the acidic reaction ( reaction ). Herein, we report the synthesis of IrFeCoN FeCoNiCuIr High-Entropy Alloy Catalysts for reaction Reactions with Improved Desorption Behavior by Tuning Antibonding Orbital Filling Proton-exchange membrane water electrolysis (PEMWE) demands highly efficient and stable electrocatalysts",0.0351698496501777,0.3392857142857143,0.0146741600760147,0.1107142857142857,0.0040006566529665,0.2232142857142857,0.0869208236132626,0.2607142857142857,0.0354277123284056,0.2928571428571428,0.0533715059430318,0.2607142857142857,0.0117633915024161,0.1607142857142857,0.5259692155187743,0.7392857142857143,0.0181057211094047,0.1892857142857142,0.2863095238095238,5.0,37.4,19.825236442474022,51.0,85.846919,53.24228093818901,136.372,1.9439999999999997,0.13093509842666334,0.3700000000000001,1.3599999999999999,0.019999999999999928,0.04999999999999982,4.4,0.7999999999999999,2.0,9.4,1.0198039027185568,3.0,1.4705882352941124,9.4,1.0198039027185568,13.381611358925285,0.2,0.2,1.0,0.8,0.6,0.4,0.8,0.8,0.2,0.2,0.4,0.0,0.8,0.2,0.2,0.6,0.8,0.8127571958072184,0.26,0.8,0.5666664444564512,148
2025,2026,2028,Al-Co-Cr-Ni-Ti-V,ORR,0,,2025,0,1,0,1,29,6,"Heat Treatment-Assisted Optimization of the Water Splitting Performance of CoCrNi0.5Ti0.3V0.2Al0.4 Eutectic High-Entropy Alloy Heat Treatment-Assisted Optimization of the Water Splitting Performance of CoCrNi0.5Ti0.3V0.2Al0.4 Eutectic High-Entropy Alloy In this study, the synergistic tuning mechanism of heat treatment (600, 800, and 1000 °C) and dealloying (40, 60, and 80 °C) on the microstructure and electrocatalytic performance of an FCC + BCC-type CoCrNi0.5T",0.3635271858410283,0.4928571428571429,0.2816298699054317,0.4767857142857143,0.0362789329895958,0.7125,0.1056227144003412,0.3142857142857143,0.0452063932649838,0.3642857142857142,0.308100604527775,0.5321428571428571,0.1059290104786822,0.5,0.428650164094912,0.3571428571428571,0.1895822566413439,0.4892857142857142,0.4710317460317459,6.0,22.833333333333332,4.879093722768149,15.0,49.235455599999995,10.732661205512565,31.951656399999997,1.705,0.1393735986476635,0.3699999999999999,1.3499999999999999,0.04999999999999997,0.1499999999999999,3.8333333333333335,0.3726779962499649,1.0,7.833333333333333,3.131382371342656,9.0,3.7037037037037015,6.166666666666667,2.544056253745625,14.897517127344186,0.0,0.0,0.3333333333333333,0.8333333333333334,0.8333333333333334,0.16666666666666666,0.3333333333333333,0.3333333333333333,0.0,0.0,0.6666666666666666,0.5,0.5,0.3333333333333333,0.0,0.8333333333333334,0.8333333333333334,0.661697740205895,0.19999999999999998,0.5,0.5654736077760542,149
2025,2026,2028,Cr-Cu-Fe-Mn-Ni,CO2RR,0,,2023,2,1,2,1,1,5,Facile synthesis of a NiMnFeCrCu high entropy alloy for electrocatalytic reaction reactions,0.0154138746516568,0.1339285714285714,0.030227383262486,0.2732142857142857,0.0017965214675209,0.1375,0.0525434014087771,0.1142857142857142,0.0239797683404973,0.225,0.0309622688781945,0.0607142857142857,0.0177255917464273,0.2178571428571428,0.4675257209207134,0.5214285714285715,0.0245562241298618,0.225,0.2121031746031746,5.0,26.4,1.8547236990991407,5.0,57.003709,3.907488948381556,11.549900000000001,1.77,0.14184498581197713,0.3599999999999999,1.3800000000000001,0.024494897427831695,0.04999999999999982,4.0,0.0,0.0,8.4,1.8547236990991407,5.0,1.7749925672341806,8.4,1.8547236990991407,13.381611358925285,0.0,0.0,0.6,1.0,0.8,0.2,0.6,0.6,0.2,0.0,0.6,0.2,1.0,0.2,0.0,0.8,1.0,0.7853339930613943,0.18,1.0,0.5630466264898468,150
2025,2026,2028,Co-Mn-Ni-Ru-Ta,ORR,0,,2025,0,1,0,1,29,5,"The synergistic effect in a CoNiTaRuMn high-entropy alloy regulates Ru valence state for efficient reaction The synergistic effect in a CoNiTaRuMn high-entropy alloy regulates Ru valence state for efficient reaction A strategy leveraging CoNiTaRuMn HEA element synergies promotes Ru hydroxylation (Ru 0 to Ru 4+ ), highlighting HEA valence – state regulation, providing active",0.3635271858410283,0.4928571428571429,0.2952071380385401,0.5232142857142857,0.009961666763347,0.3517857142857143,0.1942239495070384,0.5892857142857143,0.0997303571541263,0.725,0.3007599920105689,0.4678571428571428,0.1949739644415889,0.6392857142857142,0.3828558888289967,0.1964285714285714,0.3954895402478657,0.6392857142857142,0.5138888888888888,5.0,39.4,18.11739495622922,48.0,90.916504,48.0925194671154,126.009835,1.8079999999999998,0.2571692049993545,0.7000000000000002,1.3699999999999999,0.0509901951359278,0.1499999999999999,4.6,0.8,2.0,7.8,1.7204650534085253,5.0,3.7219120537173582,7.8,1.7204650534085253,13.381611358925285,0.2,0.2,0.6,0.6,0.8,0.4,0.8,0.4,0.0,0.2,0.6,0.2,0.6,0.4,0.2,0.8,0.6,0.5780572730088236,0.31999999999999995,0.6,0.562667181902647,151
2025,2026,2028,Co-Cr-Fe-Ni-Ti,CO2RR,0,,2025,0,2,0,2,1,5,"Anodized bulk FeCoCrNiTi0.6 high-entropy alloy electrocatalysts for long-term industrial-scale reaction Development of High-Performance High Entropy Alloy Electrocatalysts for Alkaline Water Electrolysis Using Cold and Warm Spray Processes candidates for electrode materials. Their unique elemental compositions could deliver synergistic effects and improving electrocatalytic performance, chemical stability, and structural resilience. In this study, FeCoNiCrMn, FeCoNiCrMo, and FeCoNiCrTi HEA electrocatalysts were fabricated using cold spray and warm spray solid-state deposition techniques. These scalable, industry-relevant methods enable the one-step production of high-performance electrodes while preserving the desirable",0.0247677549561598,0.2946428571428571,0.0073189110531499,0.0696428571428571,0.0020014668885568,0.1607142857142857,0.0854319627545552,0.2535714285714285,0.0347981100086399,0.2892857142857143,0.0655943872495251,0.3285714285714285,0.0050835668665409,0.0678571428571428,0.6296209148404814,0.9071428571428573,0.0086055588641597,0.0964285714285714,0.2742063492063492,5.0,25.4,2.154065922853802,6.0,54.666939,4.223119878227943,11.066195,1.764,0.1415061836104698,0.3699999999999999,1.3800000000000001,0.024494897427831695,0.04999999999999982,4.0,0.0,0.0,7.4,2.1540659228538015,6.0,1.7749925672341806,7.4,2.1540659228538015,13.381611358925285,0.0,0.0,0.6,1.0,1.0,0.2,0.6,0.6,0.0,0.0,0.6,0.4,0.8,0.0,0.0,1.0,1.0,0.7855711546024494,0.18,0.8,0.561064203523592,152
2025,2026,2028,Co-Cu-Fe-Ni-Ti,CO2RR,0,,2024,1,1,1,2,1,5,Self-Supporting FeCoNiCuTiGa High-Entropy Alloy Electrodes for Alkaline Hydrogen and reaction Reactions: Experimental and Theoretical Insights Self-Supporting FeCoNiCuTiGa High-Entropy Alloy Electrodes for Alkaline Hydrogen and reaction Reactions: Experimental and Theoretical Insights The preparation of clean and sustainable renewable energy requires the development of bifunctional electrocatalysts,0.0154138746516568,0.1339285714285714,0.0050156630825412,0.05,0.0048074163809582,0.2428571428571428,0.0739183337705153,0.2214285714285714,0.0208791722085024,0.1892857142857142,0.0623778130084905,0.3053571428571429,0.0090080226708636,0.1321428571428571,0.6363527419865839,0.9160714285714284,0.0093520043557297,0.1071428571428571,0.2553571428571428,5.0,26.4,2.4166091947189146,7.0,56.976918999999995,5.180695181251644,15.679000000000002,1.8119999999999998,0.13876599006961318,0.3699999999999999,1.3699999999999999,0.024494897427831695,0.04999999999999982,4.0,0.0,0.0,8.4,2.4166091947189146,7.0,1.787948717359978,8.4,2.4166091947189146,13.381611358925285,0.0,0.0,0.8,1.0,0.8,0.2,0.6,0.8,0.2,0.0,0.4,0.2,0.8,0.2,0.0,0.8,1.0,0.7866471403228722,0.12,0.8,0.5589048563825759,153
2025,2026,2028,Ga-In-Mo-Ni-Pd,OER,0,,2022,3,1,3,1,63,5,"High-Entropy Alloy Nanosheets for Fine-Tuning reaction electrolyzers. Tuning the hydrogen binding energy (HBE) of materials is an effective way to optimize the reaction electrocatalysts, particularly for applications in an acidic environment. Here, we report the discovery of a Pt-free combination, PdMoGaInNi, which has the HBE optimum, via computer-facilitated screening. As the exploratory example of the two-dimensional high-entropy alloy (HEA) for reaction , the PdMoGaInNi HEA nanosheets were synthesized to realize the predicted Pt-free combination",0.6264053635068966,0.7875,0.6340601791623008,0.9142857142857144,0.0199192097887438,0.5178571428571429,0.180468206227633,0.5392857142857143,0.0508648566563137,0.3928571428571428,0.6514921203301305,0.875,0.2302728927527115,0.6928571428571428,0.523314058389034,0.725,0.4033381526403293,0.6464285714285715,0.6767857142857142,5.0,39.2,8.280096617793781,21.0,89.11888,21.485861371087733,56.1246,1.972,0.17565876010037193,0.42000000000000015,1.4100000000000001,0.08602325267042625,0.25,4.6,0.48989794855663565,1.0,10.4,2.5768197453450252,7.0,6.100939905703989,6.4,3.1368774282716245,13.381611358925285,0.2,0.2,0.4,0.2,0.4,0.6,0.2,0.4,0.4,0.2,0.2,0.2,0.2,0.2,0.2,0.4,0.2,0.4804777740589804,0.19999999999999998,0.2,0.5586969036462657,154
2025,2026,2028,Co-Cu-Mo-Ni-Zn,ORR,0,,2025,0,1,0,1,29,5,Structural reorganization of high-entropy alloy CoNiCuMoZn for enhanced reaction performance,0.3635271858410283,0.4928571428571429,0.2952071380385401,0.5232142857142857,0.009961666763347,0.3517857142857143,0.095404981890487,0.2785714285714286,0.0178759503600994,0.1571428571428571,0.2904026328936963,0.4178571428571428,0.0633534590415253,0.4107142857142857,0.4265936757138313,0.3142857142857143,0.1392122680404431,0.4464285714285714,0.376984126984127,5.0,31.2,5.491812087098393,15.0,68.504319,13.96239997421088,37.2466,1.9,0.16161683080669545,0.5100000000000002,1.3699999999999999,0.03999999999999995,0.09999999999999987,4.2,0.39999999999999997,1.0,9.6,2.0591260281974,6.0,2.919708029197077,9.6,2.0591260281974,13.381611358925285,0.0,0.0,0.6,0.8,0.6,0.4,0.4,0.6,0.2,0.0,0.4,0.2,0.6,0.6,0.0,0.6,0.8,0.6970871965375032,0.12,0.6,0.556769016104108,155
2025,2026,2028,Co-Cu-Fe-Mn-N-Ni,OER,0,,2021,4,1,4,1,63,6,High entropy alloy nitrides with integrated nanowire/nanosheet architecture for efficient alkaline reaction reactions High entropy alloy nitrides with integrated nanowire/nanosheet architecture for efficient alkaline reaction reactions We report the in situ synthesis of FeCoNiCuMnN high entropy alloy nitrides with unique integrated nanowire/nanosheet architecture on carbon cloth by hydrothermal reaction and subsequent calcination.,0.6264053635068966,0.7875,0.6428301903328154,0.9214285714285714,0.095820004083947,0.9035714285714286,0.372829076031677,0.9142857142857144,0.1362154623538342,0.8642857142857143,0.6165232451686288,0.7107142857142857,0.2343269201000382,0.7,0.4236875439660435,0.3,0.4487098727993858,0.7,0.7557539682539682,6.0,23.666666666666668,7.564537145273478,22.0,50.99372333333334,16.768086426307878,49.5393,2.018333333333333,0.47319540243845243,1.49,1.25,0.2692582403567252,0.7499999999999999,3.6666666666666665,0.7453559924999299,2.0,10.0,2.581988897471611,8.0,21.540659228538015,8.333333333333334,1.9720265943665387,14.897517127344186,0.0,0.0,0.6666666666666666,0.8333333333333334,0.6666666666666666,0.16666666666666666,0.6666666666666666,0.6666666666666666,0.16666666666666666,0.0,0.5,0.0,0.8333333333333334,0.6666666666666666,0.0,0.6666666666666666,0.8333333333333334,0.0187632182930833,0.15,0.8333333333333334,0.5557182512022106,156
2025,2026,2028,Au-Ir-Pd-Pt-Ru,ORR,0,,2024,1,2,0,1,29,5,"In situ capturing site-to-site reactive species in CO 2 -laser-patterned high-entropy alloy nanoflowers for robust alkaline seawater electrolysis Cocktail Effect of 4 d /5 d Band Twisted High‐Entropy Alloys on Carbon Nanotube for Hydrazine Splitting (Small 29/2025) In situ capturing site-to-site reactive species in CO 2 -laser-patterned high-entropy alloy nanoflowers for robust alkaline seawater electrolysis CO 2 -laser method to synthesize AuRuIrPdPt high-entropy alloys (HEAs) for reaction in alkaline and seawater splitting. Optimized HEA-60 exhibits remarkable reaction activity and stability, surpassing those of commercial Pt/C. cktail Effect of 4 d /5 d Band Twisted High‐Entropy Alloys on Carbon Nanotube for Hydrazine Splitting (Small 29/2025) Hydrazine Splitting In article number 2410304, Myong Yong Choi and co-workers fabricated CNT-embedded high-entropy alloy (RuPdIrPtAu HEA/CNT) catalyst by a pulsed laser method, achieving dual-functional reaction and hydrazine oxidation reaction ( reaction and HzOR) activity. Notably, the HEA/CNT-10||HEA/CNT-10 device voltage required for overall hydrazine splitting (",0.5037648985160553,0.6196428571428572,0.4072173388758838,0.6642857142857143,0.0391140749283832,0.7321428571428571,0.1869439598553432,0.5642857142857143,0.1208651926799873,0.825,0.306607101898717,0.5107142857142857,0.1688827298027626,0.6071428571428571,0.4621586820923595,0.5,0.3340211558606599,0.6107142857142858,0.6259920634920636,5.0,64.8,16.191355718407276,35.0,158.35151380000002,44.64375238456958,95.896569,2.2840000000000003,0.13169662106523455,0.33999999999999986,1.3499999999999999,0.03162277660168375,0.09999999999999987,5.6,0.4898979485566356,1.0,9.6,1.0198039027185568,3.0,2.342427896421019,9.6,1.0198039027185568,13.381611358925285,1.0,0.8,1.0,0.0,0.0,0.8,0.4,0.6,0.4,0.8,0.0,0.0,0.0,0.6,1.0,0.0,0.0,0.7555545519869696,0.5599999999999999,0.0,0.5523627941675195,157
2025,2026,2028,Cu-Pd-Pt-Rh-Ru,ORR,0,,2024,1,1,1,1,29,5,"An efficient and stable high-entropy alloy electrocatalyst for reaction ed reaction ( reaction ) activity in water electrolysis, yet the understanding of their structure and active sites in reaction environments remains unclear. Here, we systematically investigated the reaction activity and stability of PtPdRhRuCu/C through a combination of electrochemical measurements, in situ synchrotron radiation X-ray absorption spectroscopy (XAS) at the Cu K -edge and Pt L 3 -edge, and density functional theory (DFT) calculations. Uniformly sized PtPdRhRuCu HEA",0.3635271858410283,0.4928571428571429,0.3173303330013932,0.5660714285714286,0.0404458529623454,0.7482142857142857,0.1863636201303293,0.5607142857142857,0.063668986669409,0.4964285714285714,0.3048172531071426,0.5,0.0934547232289931,0.4714285714285714,0.5154909347630708,0.7142857142857143,0.2097331697218153,0.5142857142857142,0.5626984126984127,5.0,48.4,16.057397049335236,49.0,113.8051,43.51496402894067,131.538,2.1719999999999997,0.14062716664997554,0.3799999999999999,1.3499999999999999,0.03162277660168375,0.09999999999999987,5.0,0.6324555320336759,2.0,9.6,1.0198039027185568,3.0,2.342427896421019,9.6,1.0198039027185568,13.381611358925285,0.8,0.8,1.0,0.2,0.0,0.8,0.2,0.6,0.4,0.8,0.0,0.0,0.2,0.6,0.8,0.0,0.2,0.7493031700776509,0.5599999999999999,0.2,0.5520052367375811,158
2025,2026,2028,Al-Cu-Fe-Ni-Ti,ORR,0,,2023,2,1,2,1,29,5,"Defect-Engineered High-Entropy Alloy (Al–Cu–Fe–Ni–Ti) Unlocks Enhanced reaction Performance Defect-Engineered High-Entropy Alloy (Al–Cu–Fe–Ni–Ti) Unlocks Enhanced reaction Performance This dataset contains DFT inputs, initial and optimized structural models for H adsorption on AlCuFeNiTi High Entropy Alloy models, including quasi-random structural models and Cu-clusteres mo",0.3635271858410283,0.4928571428571429,0.3403109277072668,0.5982142857142857,0.0078494709577187,0.2875,0.0931162558902735,0.275,0.0202886590936444,0.1821428571428571,0.2901746043916897,0.4142857142857143,0.1831762827761647,0.6285714285714286,0.3496919122977331,0.0857142857142857,0.3376082554269493,0.6178571428571429,0.398015873015873,5.0,23.6,5.817215828899594,16.0,50.58658772,12.852331874154324,36.5644614,1.7579999999999998,0.15354478174135383,0.3699999999999999,1.35,0.05477225575051658,0.1499999999999999,3.8,0.39999999999999997,1.0,9.2,3.059411708155671,9.0,4.057204129667895,7.2,3.1874754901018454,13.381611358925285,0.0,0.0,0.6,0.8,0.6,0.2,0.4,0.6,0.2,0.0,0.2,0.2,0.6,0.6,0.0,0.6,0.8,0.6288003843526392,0.06,0.6,0.5517472581629346,159
2025,2026,2028,Co-Fe-Mn-Ni-Pt,CO2RR,0,,2023,2,2,1,2,1,5,"The Elements Selection of High Entropy Alloy Guided by Thermodynamics and the Enhanced Electrocatalytic Mechanism for reaction MOF-mediated synthesis of novel PtFeCoNiMn high-entropy nano-alloy as bifunctional oxygen electrocatalysts for zinc-air battery ract Owing to their exceptional properties, high‐entropy alloys (HEAs) have received considerable attention in the field of electrocatalysis. However, few studies focus on the origin of their outstanding performance. Here, carbon‐supported PtFeCoNiMn (with an atomic ratio of 21:20:20:20:19) HEA nanoparticles via shock‐heating and shock‐cooling strategy are rationally designed and successfully prepared. The above five metal elements are rationally selected from the perspective of thermo MOF-mediated synthesis of novel PtFeCoNiMn high-entropy nano-alloy as bifunctional oxygen electrocatalysts for zinc-air battery High-entropy alloy (HEA)-based materials are expected to be promising oxygen electrocatalysts due to their exceptional properties. The electronic structur",0.0247677549561598,0.2946428571428571,0.0081997710800513,0.0857142857142857,0.0032054537984998,0.2,0.1097322977560213,0.3357142857142857,0.0578883456407961,0.4464285714285714,0.0682363108139974,0.3357142857142857,0.011463319585051,0.1535714285714285,0.6115691608586338,0.8928571428571429,0.0146649964048227,0.1714285714285714,0.3240079365079364,5.0,36.8,20.62425756239482,53.0,84.698728,55.21464284372422,140.14595500000001,1.89,0.2331523107327053,0.7299999999999998,1.3699999999999999,0.024494897427831695,0.04999999999999982,4.4,0.7999999999999999,2.0,8.8,1.1661903789690602,3.0,1.787948717359978,8.8,1.1661903789690602,13.381611358925285,0.2,0.2,0.8,0.8,0.8,0.4,0.8,0.8,0.0,0.2,0.6,0.0,0.8,0.0,0.2,0.8,0.8,0.7205767158587078,0.31999999999999995,0.8,0.5499765861861837,160
2025,2026,2028,Co-Cr-Cu-Fe-Mn-Ni,CO2RR,0,,2025,0,1,0,1,1,6,"Synthesis and characterization of individual high-entropy alloy particles for electrocatalytic reaction atalysts. Despite a rapidly growing number of publications in this area, characterization of HEA electrocatalytic activity and stability remains challenging. In this paper, we report rapid and scalable microwave-shock assisted synthesis of FeCoNiCuMnCr HEA and its characterization at a single particle level. HEA particles synthesized on HOPG without additional reagents or pre-/post-treatments exhibited a significant activity toward reaction in 0.1 M NaOH. Individual micrometer-siz",0.0154138746516568,0.1339285714285714,0.0231396591597418,0.1446428571428571,0.0026589423399418,0.1875,0.0373046873311148,0.0428571428571428,0.0079606090852589,0.0464285714285714,0.030574668643812,0.05,0.0164017315083398,0.2142857142857142,0.4893219391337661,0.6107142857142858,0.0263072850539665,0.2285714285714285,0.1843253968253968,6.0,26.5,1.707825127659933,5.0,57.325289999999995,3.6387905407211423,11.549900000000001,1.7883333333333333,0.13582055154586223,0.3599999999999999,1.375,0.024999999999999908,0.04999999999999982,4.0,0.0,0.0,8.5,1.707825127659933,5.0,1.8181818181818115,8.5,1.707825127659933,14.897517127344186,0.0,0.0,0.6666666666666666,1.0,0.8333333333333334,0.16666666666666666,0.6666666666666666,0.6666666666666666,0.16666666666666666,0.0,0.6666666666666666,0.16666666666666666,1.0,0.16666666666666666,0.0,0.8333333333333334,1.0,0.7867437957360786,0.19999999999999998,1.0,0.5489695672922521,161
2025,2026,2028,Co-Cu-Fe-Mn-Ni-Zn,CO2RR,0,,2025,0,1,0,1,1,6,Unveiling the impact of Al and Cr alloying on structure and reaction performance of CoCuZnMnNiFe high-entropy alloy nanoparticles,0.0154138746516568,0.1339285714285714,0.0231396591597418,0.1446428571428571,0.0026589423399418,0.1875,0.0753804822352489,0.2321428571428571,0.0204169481927195,0.1857142857142857,0.0336815998109259,0.1571428571428571,0.0136165472453217,0.1928571428571428,0.4872532973304305,0.5892857142857143,0.0192423384456189,0.2,0.2248015873015873,6.0,27.5,1.707825127659933,5.0,59.56077333333334,3.794877391558771,10.470955000000004,1.7866666666666664,0.13743685418725532,0.3599999999999999,1.3666666666666665,0.0235702260395515,0.04999999999999982,4.0,0.0,0.0,9.5,1.707825127659933,5.0,1.7246506858208417,9.5,1.707825127659933,14.897517127344186,0.0,0.0,0.6666666666666666,1.0,0.6666666666666666,0.16666666666666666,0.6666666666666666,0.6666666666666666,0.16666666666666666,0.0,0.5,0.0,0.8333333333333334,0.16666666666666666,0.0,0.6666666666666666,1.0,0.7916919074905666,0.15,0.8333333333333334,0.5486682865328842,162
2025,2026,2028,Au-Mo-Pd-Pt-W,OER,0,,2025,0,1,0,1,63,5,Tailoring platinum content in a PdAuMoWPt high-entropy alloy for efficient and durable reaction across a broad pH range Tailoring platinum content in a PdAuMoWPt high-entropy alloy for efficient and durable reaction across a broad pH range The development of highly efficient reaction ( reaction ) electrocatalysts that combine low overpotentials with broad pH adaptability remai,0.6264053635068966,0.7875,0.5590231129327117,0.7875,0.0136994228655924,0.4303571428571429,0.1635658334215083,0.4892857142857142,0.0333707504113699,0.2821428571428571,0.6243093071874122,0.7428571428571429,0.3524248276944485,0.8178571428571428,0.3716599991752096,0.1607142857142857,0.7480676542248549,0.8285714285714286,0.5918650793650794,5.0,63.8,16.302147097851865,37.0,155.6501138,44.82332502139262,101.026569,2.308,0.13481839637082169,0.3799999999999999,1.3799999999999997,0.03999999999999994,0.09999999999999987,5.6,0.48989794855663565,1.0,8.6,2.1540659228538015,5.0,2.898550724637677,8.6,2.1540659228538015,13.381611358925285,0.6,0.4,0.6,0.0,0.4,0.8,0.0,0.6,0.4,0.4,0.2,0.4,0.0,0.0,0.6,0.4,0.0,0.7172213254389758,0.33999999999999997,0.0,0.5475056833459784,163
2025,2026,2028,Au-Pd-Pt-Rh-Ru,OER,0,,2023,2,1,2,1,63,5,Quinary RuRhPdPtAu high-entropy alloy as an efficient electrocatalyst for the reaction Quinary RuRhPdPtAu high-entropy alloy as an efficient electrocatalyst for the reaction Quinary RuRhPdPtAu high-entropy alloy nanoparticles (HEA-NPs) were prepared for the first time from a deep eutectic solvent by an electrochemical method,0.6264053635068966,0.7875,0.6095726194348902,0.8857142857142857,0.0216764163964244,0.575,0.1572548160312178,0.4642857142857143,0.0415631350807737,0.325,0.6217185859822969,0.7285714285714285,0.2651662395544159,0.7464285714285714,0.3785877760350701,0.1821428571428571,0.5588447233333671,0.7678571428571429,0.6069444444444446,5.0,58.4,16.426807358704856,35.0,140.48921380000002,45.381502000641646,95.896569,2.3,0.1252198067399882,0.33999999999999986,1.3499999999999999,0.03162277660168375,0.09999999999999987,5.4,0.48989794855663565,1.0,9.6,1.0198039027185568,3.0,2.342427896421019,9.6,1.0198039027185568,13.381611358925285,1.0,0.8,1.0,0.0,0.0,0.8,0.2,0.6,0.4,0.8,0.0,0.0,0.0,0.2,1.0,0.0,0.0,0.760088322014642,0.5599999999999999,0.0,0.5451514966043927,164
2025,2026,2028,Co-Fe-Mo-Ni,CO2RR,0,,2022,3,1,3,1,1,4,"High-Entropy Alloy with Mo-Coordination as Efficient Electrocatalyst for reaction ate-of-the-art reaction catalysts face a dilemma of high content of noble metals and low reaction activities. Herein, a strategy for achieving efficient and stable high-entropy alloy (HEA) catalysts by Mo-coordination is reported. The earth-abundant FeCoNiMo HEA catalyst provides an overpotential as low as 250 mV at the current density of 10 mA cm –2 in alkaline medium, which is 89 mV lower than that of state-of-the-art IrO 2 . The turnover frequency of 0.051 s –1 at the overpotential of 300 m",0.0154138746516568,0.1339285714285714,0.0356402106126077,0.3160714285714285,0.0357557186579807,0.6982142857142857,0.0289685113581037,0.0178571428571428,0.0078180129496876,0.0428571428571428,0.0315138156599521,0.0857142857142857,0.0938629790237035,0.475,0.4434548629361589,0.3892857142857143,0.1900851283205409,0.4928571428571429,0.2946428571428571,4.0,30.75,6.53356717268599,16.0,67.35289875,16.54941404821496,40.095,1.945,0.12737739202857004,0.33000000000000007,1.3875000000000002,0.041457809879442434,0.09999999999999987,4.25,0.4330127018922193,1.0,8.25,1.479019945774904,4.0,2.987950261581436,8.25,1.479019945774904,11.526292643075523,0.0,0.0,0.75,0.75,1.0,0.5,0.75,0.75,0.0,0.0,0.5,0.25,0.75,0.0,0.0,1.0,0.75,0.7166190585772076,0.15,0.75,0.545075003287448,165
2025,2026,2028,Co-Cu-Fe-Ni-P,ORR,0,,2024,1,2,0,1,29,5,Self-supported FeCoNiCuP high-entropy alloy nanosheet arrays for efficient glycerol oxidation and reaction in seawater electrolytes Facile synthesis of NiCoCuFeP high-entropy alloy electrocatalysts via electroless deposition for high-efficient reaction Self-supported FeCoNiCuP high-entropy alloy nanosheet arrays for efficient glycerol oxidation and reaction in seawater electrolytes Self-supported FeCoNiCuP high entropy alloy nanosheet arrays electrocatalyst was developed for highly efficient glycerol o,0.5037648985160553,0.6196428571428572,0.4072173388758838,0.6642857142857143,0.0391140749283832,0.7321428571428571,0.1187281004609884,0.3678571428571429,0.0481944810171513,0.3821428571428571,0.3043901032261814,0.4964285714285714,0.2731154218521656,0.75,0.4282206004884284,0.3357142857142857,0.5965278178933139,0.7821428571428571,0.5700396825396825,5.0,25.0,5.0990195135927845,14.0,53.5982714,11.578387319142326,32.572238,1.9419999999999997,0.12702755606560331,0.3599999999999999,1.2899999999999998,0.14628738838327796,0.3999999999999999,3.8,0.39999999999999997,1.0,10.6,2.4166091947189146,7.0,11.340107626610695,8.6,2.0591260281974,13.381611358925285,0.0,0.0,0.8,0.8,0.6,0.2,0.6,0.8,0.2,0.0,0.4,0.0,0.8,0.8,0.0,0.6,0.8,0.2610807107540776,0.12,0.8,0.5428420703690804,166
2025,2026,2028,Co-Cr-Fe-Mn-Ni-Pt,CO2RR,0,,2025,0,1,0,2,1,6,Data-Driven PtFeCoNiMnCr High-Entropy Alloy Nanoparticles as Bifunctional Oxygen Catalysts for Zinc–Air Batteries Data-Driven PtFeCoNiMnCr High-Entropy Alloy Nanoparticles as Bifunctional Oxygen Catalysts for Zinc–Air Batteries High-entropy alloys (HEAs) with a high degree of order offer the advantages of high catalytic activity and high stability as electrocatalysts for zinc,0.0154138746516568,0.1339285714285714,0.0042334954041562,0.025,0.0017675485266369,0.1214285714285714,0.0983328836100272,0.2928571428571428,0.062029439550086,0.4892857142857142,0.0902412700325272,0.3535714285714286,0.0118390773526446,0.1642857142857142,0.7242157476974448,0.9857142857142858,0.0053055571961508,0.0535714285714285,0.2910714285714286,6.0,34.666666666666664,19.422209509276286,54.0,79.24829,51.85637561823273,143.0879,1.8516666666666666,0.22944982506470168,0.7299999999999998,1.375,0.024999999999999908,0.04999999999999982,4.333333333333333,0.7453559924999298,2.0,8.333333333333334,1.4907119849998596,4.0,1.8181818181818115,8.333333333333334,1.4907119849998596,14.897517127344186,0.16666666666666666,0.16666666666666666,0.6666666666666666,0.8333333333333334,0.8333333333333334,0.3333333333333333,0.6666666666666666,0.6666666666666666,0.0,0.16666666666666666,0.6666666666666666,0.16666666666666666,0.8333333333333334,0.0,0.16666666666666666,0.8333333333333334,0.8333333333333334,0.721203304272891,0.31666666666666665,0.8333333333333334,0.5406764674723435,167
2025,2026,2028,B-Co-Cu-Fe-Ir-Mo-Ni,ORR,0,,2024,1,1,1,1,29,7,"Enhancing reaction reactions in nanoporous high-entropy catalysts using boron and phosphorus additives noble metals such as Ir or Ru enhances the reaction activity and durability, showing synergistic interactions between metals and light elements. This study used electrochemical evaluations to determine the best-performing catalyst, identifying CoCuFeMoNiIrB as the best catalyst for OERs in alkaline media. X-ray photoemission spectroscopy (XPS) analysis revealed that B effectively shifted the transition elements to higher valence states and induced excess electrons on the Ir-B surface to promo",0.3635271858410283,0.4928571428571429,0.2893800365992717,0.4910714285714285,0.0140256698379566,0.4767857142857143,0.1824751447468327,0.5428571428571428,0.1070226437452809,0.7821428571428571,0.3321233001927273,0.575,0.3889256270192532,0.85,0.5773998424493222,0.8642857142857143,0.7598137863726709,0.8321428571428572,0.6563492063492062,7.0,33.42857142857143,20.444050079998078,72.0,76.56937071428571,52.51319766958727,181.406,1.9885714285714289,0.13505856628341142,0.3700000000000001,1.3000000000000003,0.18708286933869706,0.6,4.142857142857143,1.124858267715973,4.0,9.428571428571429,2.0603150145508513,7.0,14.390989949130539,8.0,2.5071326821120348,16.17919719230721,0.14285714285714285,0.14285714285714285,0.7142857142857143,0.5714285714285714,0.5714285714285714,0.42857142857142855,0.5714285714285714,0.5714285714285714,0.14285714285714285,0.14285714285714285,0.2857142857142857,0.14285714285714285,0.5714285714285714,0.5714285714285714,0.14285714285714285,0.5714285714285714,0.5714285714285714,0.255459003601612,0.1857142857142857,0.5714285714285714,0.5391377010804835,168
2025,2026,2028,Co-Cu-Ni-Pt-Ru,CO2RR,0,,2022,3,2,1,1,1,5,"Rational Design and Synthesis of Adjustable Pt and Pt-Based 3D-Nanoframeworks Ultrasmall high-entropy alloy nanoparticles on hierarchical N-doped carbon nanocages for tremendous electrocatalytic reaction n reaction. Moreover, the addition of the Pt element could decrease the reduction temperature of other metals (Ni, Fe, Co, Cu, Ru, etc.) via the autocatalytic behavior, and thus the Pt-based multimetallic (such as PtNi, PtCo, and PtFe) and PtCoNiCuRu HEA 3D-nanoframeworks are first designed and successfully prepared with a single-phase solid solution under low thermal decomposition temperatures (300 °C) in a H 2 atmosphere. HEAs) are promising candidates for the electrocatalyst of reaction ( reaction ) due to their unique properties such as cocktail electronic effect and lattice distortion effect. Herein, the ultrasmall (sub-2 nm) nanoparticles of PtRuCoNiCu HEA with uniform element distribution are highly dispersed on hierarchical N-doped carbon nanocages (hNCNC) via low-temperature thermal reduction, denoted as us-HEA/hNCNC. The optimal us-HEA/hNCNC exhibits excellent reaction performance in 0.5",0.0247677549561598,0.2946428571428571,0.0444741879136965,0.35,0.0059595277870074,0.2571428571428571,0.0534840901000467,0.1178571428571428,0.0225778825388017,0.2,0.0376725938070058,0.2285714285714285,0.0643556100835814,0.4178571428571428,0.5572528683530881,0.8035714285714286,0.1090175743106226,0.3928571428571428,0.3402777777777778,5.0,41.2,19.425756098540926,51.0,95.465319,52.270272793642896,136.3906,2.034,0.17036431551237485,0.3999999999999999,1.34,0.020000000000000018,0.050000000000000044,4.6,0.8,2.0,9.6,1.0198039027185568,3.0,1.492537313432837,9.6,1.0198039027185568,13.381611358925285,0.4,0.4,1.0,0.6,0.4,0.6,0.6,0.8,0.2,0.4,0.4,0.0,0.6,0.2,0.4,0.4,0.6,0.7837300537682033,0.39999999999999997,0.6,0.538244016130461,169
2025,2026,2028,Al-Cr-Fe-Ni,CO2RR,0,,2023,2,2,2,1,1,4,"Strain-engineering-regulated Al0.6CrFe2Ni2 high entropy alloy enhances electrocatalytic reaction Enhancing the reaction Performance of Bulk Al1.2CrFe2Ni2 High Entropy Alloy Through Deep Cryogenic Treatment Enhancing the reaction Performance of Bulk Al1.2CrFe2Ni2 High Entropy Alloy Through Deep Cryogenic Treatment Owing to the distinctive physical and chemical characteristics of high entropy alloys (HEAs), their application in electrocatalysis has become a possibility. However, selecting appropriat",0.0247677549561598,0.2946428571428571,0.0512817718600804,0.3535714285714286,0.0439384318728563,0.7821428571428571,0.0814775305068639,0.2428571428571428,0.0484917565545201,0.3857142857142857,0.0313769537606893,0.075,0.0301139168334671,0.2928571428571428,0.4283360415121943,0.3392857142857143,0.0486269471575558,0.2964285714285714,0.3402777777777778,4.0,22.75,5.80409338312195,15.0,48.37900965,12.580369332159107,31.711861399999997,1.7525,0.12214233500306106,0.2999999999999998,1.35,0.061237243569579415,0.1499999999999999,3.75,0.4330127018922193,1.0,9.25,2.5860201081971503,7.0,4.5360921162651415,6.75,2.5860201081971503,11.526292643075523,0.0,0.0,0.5,0.75,0.75,0.25,0.5,0.5,0.0,0.0,0.5,0.25,0.75,0.0,0.0,0.75,0.75,0.6196543779406232,0.15,0.75,0.536521313382187,170
2025,2026,2028,Co-Cr-Fe-Mn-Mo-Ni,CO2RR,0,,2021,4,1,4,2,1,6,"Laser-generated high entropy metallic glass nanoparticles as bifunctional electrocatalysts es to obtain colloidal HEMG NPs for applications in energy conversion and storage are highly desirable. We utilized pulsed laser ablation of bulk high entropy alloy targets in acetonitrile to generate colloidal carbon-coated CrCoFeNiMn and CrCoFeNiMnMo HEMG NPs. An in-depth analysis of the structure and elemental distribution of the obtained nanoparticles down to single-particle levels using advanced transmission electron microscopy (TEM), energy-dispersive X-ray spectroscopy (EDX), X-ra",0.0154138746516568,0.1339285714285714,0.0064075551737129,0.0642857142857142,0.0082636980720284,0.3071428571428571,0.1047375338384565,0.3107142857142857,0.0640304923392384,0.5071428571428571,0.0688812426814051,0.3464285714285714,0.0041003129183753,0.0392857142857142,0.5018443444300154,0.65,0.0033911658986278,0.0357142857142857,0.2660714285714285,6.0,28.666666666666668,6.101001739241042,18.0,62.724289999999996,15.038551398962653,43.9439,1.8316666666666668,0.193685024947436,0.6100000000000001,1.3916666666666668,0.03435921354681378,0.09999999999999987,4.166666666666667,0.37267799624996495,1.0,7.666666666666667,1.4907119849998596,4.0,2.468925524321948,7.666666666666667,1.4907119849998596,14.897517127344186,0.0,0.0,0.5,0.8333333333333334,1.0,0.3333333333333333,0.6666666666666666,0.5,0.0,0.0,0.6666666666666666,0.3333333333333333,0.8333333333333334,0.0,0.0,1.0,0.8333333333333334,0.7039403234558682,0.19999999999999998,0.8333333333333334,0.5359142398939033,171
2025,2026,2028,Ag-Ir-Pd-Pt-Ru,HER,0,,2021,4,3,0,2,63,5,"Bayesian Optimization of High-Entropy Alloy Compositions for\n Electrocatalytic reaction Ab Initio to activity: Machine learning assisted optimization of high-entropy alloy catalytic activity. Facile One-Pot Block Copolymer-Mediated Solvothermal Approach for Synthesis of High-Entropy Alloy with Enhanced reaction Activity ian optimization on a model based on density functional\ntheory (DFT) to predict the most active compositions for the electrochemical\noxygen reduction reaction ( reaction ) with the least possible number of sampled\ncompositions for the two HEAs Ag-Ir-Pd-Pt-Ru and Ir-Pd-Pt-Rh-Ru. The discovered\noptima are then scrutinized with DFT and subjected to experimental validation\nwhere optimal catalytic activities are verified for Ag-Pd, Ir-Pt, and Pd-Ru\nbinary systems. This study offers insight into e present our choice of method, however, we also acknowledge that alternative options are available. We apply the developed methodology to predict the net catalytic activity of any alloy composition, within the composition space spanned by Ag-Ir-Pd-Pt-Ru, for the reaction . Based on first-principle calculations, a graph convolution neural network is used to predict adsorption energies of *OH and *O. Subsequently, taking competitive co-adsorption of reaction intermediates in for Synthesis of High-Entropy Alloy with Enhanced reaction Activity High Resolution Image Download MS PowerPoint Slide Herein, we introduce a straightforward synthesis approach for highly active dendritic multimetallic high-entropy alloy (DMHEA@PtIrPdAgRu) nanoparticles with sufficient entropic mixing, featuring uniform distribution of five noble group metals (Pt, Ir, Pd, Ag, and Ru) via a block copolymer-mediated one-pot solvothermal reduction method for reaction ( reaction ). In",0.8187546221687015,0.9785714285714284,0.382065132719362,0.6464285714285715,0.0521701517961299,0.8214285714285714,0.6149382629851781,0.9928571428571428,0.2860474389381311,0.9928571428571428,0.7925990770336675,0.9892857142857144,0.0978035587405371,0.4857142857142857,0.6107016976566333,0.8892857142857142,0.1470572102827529,0.4535714285714285,0.8055555555555555,5.0,58.4,15.628179676469042,34.0,140.53184000000002,43.439755402884124,94.01400000000001,2.162,0.12006664815842909,0.34999999999999987,1.4,0.10488088481701516,0.30000000000000004,5.4,0.48989794855663565,1.0,9.6,1.0198039027185568,3.0,7.49149177264394,9.6,1.0198039027185568,13.381611358925285,1.0,0.8,1.0,0.0,0.0,0.8,0.4,0.6,0.4,0.8,0.0,0.0,0.0,0.8,1.0,0.0,0.0,0.42900638106724354,0.5599999999999999,0.0,0.5352019143201731,172
2025,2026,2028,Co-Cu-Fe-Ni-Pd,CO2RR,0,,2023,2,1,2,1,1,5,"Synthesis of high-entropy alloy nanoparticles using microwave-assisted reduction and investigation of their enhanced electrochemical reaction activity en mixing. Herein, HEA nanoparticles (NPs) containing Fe, Co, Ni, Cu, and Pd were successfully synthesized on reduced graphene oxide (rGO) by microwave-assisted reduction. Compared with the corresponding monometallic catalysts, the quinary FeCoNiCuPd/rGO demonstrated greater electrocatalytic activity toward the acidic reaction . Density functional theory calculations revealed that modification of the d-band center and the hydrogen affinity induced by multielemental mi",0.0154138746516568,0.1339285714285714,0.030227383262486,0.2732142857142857,0.0017965214675209,0.1375,0.0512343775146673,0.1071428571428571,0.0137486857309574,0.1178571428571428,0.0321824448507487,0.1178571428571428,0.0236534499374014,0.2607142857142857,0.5066281425374566,0.6785714285714286,0.0272344784001105,0.2357142857142857,0.2291666666666666,5.0,31.2,7.467261881037788,20.0,68.687519,19.027006520160864,50.575,1.9439999999999997,0.13093509842666334,0.3700000000000001,1.3699999999999999,0.024494897427831695,0.04999999999999982,4.2,0.39999999999999997,1.0,9.6,1.0198039027185568,3.0,1.787948717359978,9.6,1.0198039027185568,13.381611358925285,0.2,0.2,1.0,0.8,0.6,0.4,0.6,1.0,0.4,0.2,0.4,0.0,0.8,0.4,0.2,0.6,0.8,0.7921287644729371,0.26,0.8,0.534763629341881,173
2025,2026,2028,Ga-In-Mo-Ni-Pd,ORR,0,,2022,3,1,3,1,29,5,"High-Entropy Alloy Nanosheets for Fine-Tuning reaction electrolyzers. Tuning the hydrogen binding energy (HBE) of materials is an effective way to optimize the reaction electrocatalysts, particularly for applications in an acidic environment. Here, we report the discovery of a Pt-free combination, PdMoGaInNi, which has the HBE optimum, via computer-facilitated screening. As the exploratory example of the two-dimensional high-entropy alloy (HEA) for reaction , the PdMoGaInNi HEA nanosheets were synthesized to realize the predicted Pt-free combination",0.3635271858410283,0.4928571428571429,0.3640682130799544,0.6232142857142857,0.0600209494360164,0.8482142857142857,0.2190086960987315,0.65,0.0970794852556374,0.7071428571428572,0.3260631308908778,0.5714285714285714,0.1108881913755321,0.5071428571428571,0.523314084443067,0.7285714285714285,0.1737465383809503,0.4785714285714286,0.623015873015873,5.0,39.2,8.280096617793781,21.0,89.11888,21.485861371087733,56.1246,1.972,0.17565876010037193,0.42000000000000015,1.4100000000000001,0.08602325267042625,0.25,4.6,0.48989794855663565,1.0,10.4,2.5768197453450252,7.0,6.100939905703989,6.4,3.1368774282716245,13.381611358925285,0.2,0.2,0.4,0.2,0.4,0.6,0.2,0.4,0.4,0.2,0.2,0.2,0.2,0.4,0.2,0.4,0.2,0.4804777740589804,0.19999999999999998,0.2,0.534500475074837,174
2025,2026,2028,Ir-Pd-Pt-Rh-Ru,CO2RR,0,,2021,4,12,0,3,1,5,"Bayesian Learning Aided Theoretical Optimization of IrPdPtRhRu High Entropy Alloy Catalysts for the reaction Bayesian Optimization of High-Entropy Alloy Compositions for\n Electrocatalytic reaction Combinatorial materials discovery strategy for high entropy alloy electrocatalysts using deposition source permutations Continuous-Flow Reactor Synthesis for Homogeneous 1 nm-Sized Extremely Small High-Entropy Alloy Nanoparticles Microscale Combinatorial Libraries for the Discovery of High‐Entropy Materials Conformal Noble Metal High-Entropy Alloy Nanofilms by Atomic Layer Deposition for an Enhanced reaction High-entropy alloy nanocages with highly ordered {100} facets and ultrathin features for water splitting in an acidic medium Development of noble metal-based high entropy alloy thin film by atomic layer deposition Laser-thermal reduction synthesis of high-entropy alloys towards high-performance pH universal reaction Unconventional Hexagonal Close‐Packed High‐Entropy Alloy Surfaces Synergistically Accelerate Alkaline reaction Water-based synthesis of supported ultra-small High-Entropy Alloy nanoparticles Epitaxial Growth of High-Entropy Alloy Atomic Layers and Their Facet Effects on Catalysis Bayesian Learning Aided Theoretical Optimization of IrPdPtRhRu High Entropy Alloy Catalysts for the reaction The complex compositional space of high entropy alloys (HEAs) has shown a great potential to reduce the cost and further increase the catalytic activity for hydrogen evolutio a model based on density functional\ntheory (DFT) to predict the most active compositions for the electrochemical\noxygen reduction reaction ( reaction ) with the least possible number of sampled\ncompositions for the two HEAs Ag-Ir-Pd-Pt-Ru and Ir-Pd-Pt-Rh-Ru. The discovered\noptima are then scrutinized with DFT and subjected to experimental validation\nwhere optimal catalytic activities are verified for Ag-Pd, Ir-Pt, and Pd-Ru\nbinary systems. This study offers insight into the number of exper sed machine learning reveals that electrochemical activity is governed by the complex interplay of chemical and structural factors. Out of 2394 measured compositions, a new highly active composition for the reaction around Ru17Rh5Pd19Ir29Pt30 was identified. es that accelerate particle growth. This work provides a new methodology for the fabrication of ultrasmall and homogeneous HEA NPs using a continuous-flow reactor with a liquid-phase reduction method. We successfully synthesized ultrasmall IrPdPtRhRu HEA NPs (1.32 ± 0.41 nm), theoretically each consisting of approximately 50 atoms. This average size is the smallest ever reported for HEA NPs. All five elements are homogeneously mixed at the atomic level in each particle. The obtained HE . The exemplary exploration of the composition space of two high-entropy alloy systems provides electrocatalytic activity maps for reaction and reaction as well as reaction reactions. Activity optima in the system Ru-Rh-Pd-Ir-Pt are identified, and active noble-metal lean compositions in the system Co-Ni-Mo-Pd-Pt are discovered. This illustrates that the proposed microlibraries are a holistic discovery platform to master the multidimensionality challenge of polyel noble metal-based structure counterparts in this work. The enhanced material properties and device performances are attributed to the efficient electron transfer of HEA with the increased number of active sites. This work not only presents RhRuPtPdIr HEA thin films as promising reaction catalysts but also sheds light on controllable fabrication of conformal HEA-coated complex structures toward a broad range of applications. High-entropy alloy nanocages with highly ordered {100} facets and ultrathin features for water splitting in an acidic medium PtIrRuRhPd HEA cubic nanocages with ordered {100} facets and ultrathin shells exhibit high electro-catalytic activities for hydrogen and reaction reactions in an acidic medium. JH treatment facilitate the interdiffusion within Abstract ii the multi-element system and prevent the phase separation, resulting in homogeneous HEA thin film, regardless of the large immiscible gaps between selected noble metals.Finally, RhRuPtPdIr HEA nanofilm is fabricated on glassy carbon electrode, and exhibits extraordinary catalytic activity and stability for reaction in harsh environment.The mechanism of the performance was analyzed by simulation works, in which the adjustment of e momentary high-temperature annealing (>2000 ​K and ramping/cooling rates > 105 ​K ​s−1) to successfully decorate HEA NPs up to twenty elements with excellent compatibility for large-scale synthesis (20.0 ​× ​20.0 ​cm2 of carbon cloth). The IrPdPtRhRu exhibit robust electrocatalytic reaction ( reaction ) activities and low overpotentials of 16, 28, and 12 ​mV at a current density of 10 ​mA ​cm−2 in alkaline (1.0 ​M KOH), alkaline simulated seawater (1.0 ​M KOH ​+ ​0.5 ​M NaC lose-packed (HCP) high-entropy alloy (HEA) atomic layers are prepared composed of five platinum-group metals to enhance the alkaline reaction synergistically. The breakthrough is made by layer-by-layer heteroepitaxial deposition of subnanometer RuRhPdPtIr HEA layers on the HCP Ru seeds, despite the thermodynamic stability of Rh, Pd, Pt, and Ir in a face-centered cubic (FCC) structure except for Ru. The synchrotron X-ray absorption spectroscopy (XAS) confirms the atomic mixing and coordinati potential in electrocatalysis. While several synthesis methods have been reported, simple and environmentally benign synthesis of HEA nanoparticles is lacking. In this work, we report a methodology for the synthesis of ultra-small (1-3 nm) IrPdPtRuRh HEA nanoparticles through a hot-injection approach in water, using L-ascorbic acid as reducing agent. The nanoparticles are formed directly on a carbon support, and exhibit a mean crystallite size of just 1.2 ± 0.7 nm. All five elements ar ctrocatalysis and photocatalysis, with active sites identified via in situ synchrotron X-ray absorption spectroscopy (XAS) and density-functional theory (DFT) calculations. For the reaction ( reaction ) in acidic conditions, Pd@Pd0.2Pt0.2Ir0.2Ru0.2Rh0.2 (Pd@HEA) core-shell nanocubes exhibited a specific activity 1.5 and 6.1 times higher than their octahedral counterparts and commercial Pt/C, respectively. These nanocubes, used as a cathode with an extremely low catalyst loading of 0.02 mg",0.1503260711062622,0.3821428571428571,0.1490058850008684,0.4214285714285714,0.0191902020600422,0.5035714285714286,0.2759810762322637,0.7535714285714286,0.202791626566889,0.9642857142857144,0.120757632168906,0.3857142857142857,0.0547826928750736,0.3892857142857143,0.7567090736992083,0.9928571428571428,0.0794285060794511,0.35,0.5714285714285714,5.0,58.0,15.937377450509228,34.0,139.5393,44.224346581492874,94.01400000000001,2.232,0.039191835884530665,0.07999999999999963,1.3499999999999999,0.03162277660168375,0.09999999999999987,5.4,0.48989794855663565,1.0,9.2,0.7483314773547883,2.0,2.342427896421019,9.2,0.7483314773547883,13.381611358925285,1.0,1.0,1.0,0.0,0.0,1.0,0.4,0.4,0.2,1.0,0.0,0.0,0.0,0.2,1.0,0.0,0.0,0.8203079016134623,0.7,0.0,0.5332352276268959,175
2025,2026,2028,B-Co-Cu-Fe-Mn-Ru,HER,0,,2024,1,1,1,1,63,6,"FeCoCuMnRuB Nanobox with Dual Driving of High-Entropy and Electron-Trap Effects as the Efficient Electrocatalyst for reaction FeCoCuMnRuB Nanobox with Dual Driving of High-Entropy and Electron-Trap Effects as the Efficient Electrocatalyst for reaction High-entropy borides hold potential as electrocatalysts for reaction . However, the synthesis of the tailored na",0.6264053635068966,0.7875,0.5657796428331738,0.8035714285714286,0.0704293093450042,0.8821428571428571,0.2676187103286695,0.7428571428571429,0.0790956138221325,0.6,0.6234668576421056,0.7357142857142858,0.1043569037814803,0.4892857142857142,0.4113416325943301,0.2678571428571428,0.1857784597573526,0.4857142857142857,0.6438492063492063,6.0,26.0,11.372481406154654,39.0,57.523873333333334,26.223764679242706,90.25899999999999,1.9000000000000004,0.1989137166378093,0.6500000000000001,1.275,0.19311050377094113,0.5499999999999999,3.8333333333333335,0.8975274678557507,3.0,9.333333333333334,2.054804667656325,6.0,15.14592186438754,7.666666666666667,2.42670329642684,14.897517127344186,0.16666666666666666,0.16666666666666666,0.6666666666666666,0.6666666666666666,0.5,0.16666666666666666,0.6666666666666666,0.5,0.16666666666666666,0.16666666666666666,0.3333333333333333,0.0,0.6666666666666666,0.16666666666666666,0.16666666666666666,0.5,0.6666666666666666,0.21076039835353347,0.21666666666666665,0.6666666666666666,0.5312935956965362,176
2025,2026,2028,Co-Fe-Mo-Ni-W,CO2RR,0,,2023,2,5,0,3,1,5,"Electrodeposited NiFeCoMoW High-Entropy Alloys with Nanoscale Amorphous Structure as Effective reaction Electrocatalysts Self-reconstruction of FeCoNiMoW high entropy alloy to boost reaction activity with robust stability for anion exchange membrane water electrolyzer Self-Circulating Adsorption–Desorption Structure of Non-Noble High-Entropy Alloy Electrocatalyst Facilitates Efficient Water Splitting A 3d‐4d‐5d High Entropy Alloy as a Bifunctional Oxygen Catalyst for Robust Aqueous Zinc–Air Batteries Electrodeposition of Non-Noble High-Entropy Alloys for Effective reaction Electrocatalysts Electrodeposited NiFeCoMoW High-Entropy Alloys with Nanoscale Amorphous Structure as Effective reaction Electrocatalysts The growing demand for hydrogen and the effectiveness of alkaline anion exchange membrane (AEM) electrolyzers has led to an increased i Self-reconstruction of FeCoNiMoW high entropy alloy to boost reaction activity with robust stability for anion exchange membrane water electrolyzer . This work provides guidance on designing cost-effective and outstanding corrosion-resistant reaction electrocatalysts for anion exch energy revolution. The challenge of balancing excellent electrochemical performance with the high cost of existing reaction catalysts has forced the development of efficient non-noble metal catalysts. Here, we prepared a FeCoNiWMo high-entropy alloy having a rhomboidal structure with atomic random occupancy. The unique atomic random occupation facilitates the formation of a self-circulating adsorption–desorption structure with fast electron transport inside, which s eries Abstract High entropy alloys (HEAs) are highly suitable candidate catalysts for reaction and reduction reactions ( reaction / reaction ) as they offer numerous parameters for optimizing the electronic structure and catalytic sites. Herein, FeCoNiMoW HEA nanoparticles are synthesized using a solution‐based low‐temperature approach. Such FeCoNiMoW nanoparticles show high entropy properties, subtle lattice distortions, and modulated electronic structure, leading to superior reaction performan ect,” whereby combining multiple elements can result in unexpected synergistic interactions, makes HEAs uniquely suited to electrocatalytic applications [5]. In this work, we investigate the electrocatalytic performance of electrodeposited FeNiCoMoW HEAs. The goal is to combine three hyper-d transition metals with two hypo-d transition metals to alter the electronic structure and improve electrocatalytic performance. Using chronoamperometric measurements, the Tafel slopes for FeNiCoMo",0.0582495501776238,0.3642857142857142,0.0057443769780643,0.0607142857142857,0.0048436641438958,0.25,0.1376752228965962,0.4071428571428571,0.0694762858646629,0.5571428571428572,0.1036905492383015,0.3714285714285714,0.0055289452596939,0.0714285714285714,0.6764453728336577,0.9678571428571427,0.0079406829465339,0.0821428571428571,0.3480158730158731,5.0,39.4,18.260339536821323,48.0,90.650319,48.88952490556483,127.995,2.028,0.2013355408267502,0.5299999999999998,1.3800000000000001,0.03999999999999994,0.09999999999999987,4.6,0.8,2.0,7.8,1.6,4.0,2.8985507246376763,7.8,1.6,13.381611358925285,0.0,0.0,0.6,0.6,1.0,0.6,0.6,0.6,0.0,0.0,0.6,0.4,0.6,0.0,0.0,1.0,0.6,0.6706593243198259,0.18,0.6,0.5298049401530907,177
2025,2026,2028,Co-Cu-Ni-Pt-Zn,CO2RR,0,,2024,1,1,1,1,1,5,"Investigation of High Entropy Alloy Nanoparticles Assisted By Resonance Acoustic Mixing for reaction ing a liquid-assisted (LA) solid-state reduction followed by an annealing process. Employing a resonance acoustic mixer (RAM), this process provides a rapid and scalable means for producing dispersed HEA NPs on carbon support. Quinary HEA (PtNiCuCoZn) catalysts were synthesized by initial mixing and reduction using RAM and further annealing under nitrogen at 900 ℃, sequentially. The resulting HEA electrocatalysts have a narrow particle size distribution with minimal particle agglomeratio",0.0154138746516568,0.1339285714285714,0.0273190395570639,0.2375,0.0137971177214097,0.4589285714285714,0.0957535493712946,0.2821428571428571,0.0327045584976306,0.2714285714285714,0.0349462597453142,0.1964285714285714,0.0075770450375485,0.1035714285714285,0.4317447859411641,0.3607142857142857,0.0099402590743955,0.1178571428571428,0.2402777777777777,5.0,38.4,19.825236442474022,51.0,88.333119,53.43881654402017,136.3906,1.924,0.20224737328331358,0.6299999999999999,1.35,0.0,0.0,4.4,0.7999999999999999,2.0,10.4,1.0198039027185568,3.0,0.0,10.4,1.0198039027185568,13.381611358925285,0.2,0.2,0.8,0.8,0.4,0.4,0.4,0.8,0.2,0.2,0.4,0.0,0.6,0.2,0.2,0.4,0.8,0.8584268387016805,0.26,0.6,0.529653051610504,178
2025,2026,2028,Co-Cu-Fe-Ga-Ni-Ti,CO2RR,0,,2024,1,1,1,2,1,6,Self-Supporting FeCoNiCuTiGa High-Entropy Alloy Electrodes for Alkaline Hydrogen and reaction Reactions: Experimental and Theoretical Insights Self-Supporting FeCoNiCuTiGa High-Entropy Alloy Electrodes for Alkaline Hydrogen and reaction Reactions: Experimental and Theoretical Insights The preparation of clean and sustainable renewable energy requires the development of bifunctional electrocatalysts w,0.0154138746516568,0.1339285714285714,0.0046960523482392,0.0410714285714285,0.0039664547819069,0.2160714285714285,0.0827282625897371,0.2464285714285714,0.0194118992238846,0.1714285714285714,0.0623778130084905,0.3053571428571429,0.008438517724526,0.1214285714285714,0.6363527419865839,0.9160714285714284,0.0103153534870017,0.125,0.2529761904761904,6.0,27.166666666666668,2.793842435706702,9.0,59.101265833333336,6.70302788365105,21.856,1.8116666666666668,0.12667763110439906,0.3699999999999999,1.3583333333333334,0.03435921354681378,0.09999999999999987,4.0,0.0,0.0,9.166666666666666,2.793842435706702,9.0,2.529512653753162,7.5,2.9860788111948193,14.897517127344186,0.0,0.0,0.6666666666666666,0.8333333333333334,0.6666666666666666,0.16666666666666666,0.5,0.6666666666666666,0.16666666666666666,0.0,0.3333333333333333,0.16666666666666666,0.6666666666666666,0.16666666666666666,0.0,0.6666666666666666,0.8333333333333334,0.7469073357329652,0.09999999999999999,0.6666666666666666,0.5279114864341752,179
2025,2026,2028,Cu-Ir-Pt-Ru-Sn,OER,0,,2024,1,1,1,1,63,5,Rapid co-reduction synthesis of ultrafine multi-principal element alloy nanocatalysts for efficient reaction multi-principal element alloy nanocatalysts for efficient reaction A rapid co-reduction strategy was developed for the synthesis of ultrafine and composition-tunable multi-principal element alloy nanoparticles. The as-synthesized RuPtIrSnCu/C catalyst showed improved reaction performance.,0.6264053635068966,0.7875,0.5845201721795854,0.8375,0.0199434737456827,0.5339285714285714,0.1617997997563232,0.475,0.0343514734572338,0.2857142857142857,0.6051698678530361,0.6857142857142857,0.1499562294002057,0.5607142857142857,0.342906080575603,0.0607142857142857,0.3147651351137792,0.5964285714285714,0.5359126984126985,5.0,55.6,19.147845831842286,49.0,134.12539999999998,51.773218241094504,131.538,2.1079999999999997,0.14945233353815526,0.3799999999999999,1.36,0.04898979485566353,0.1499999999999999,5.2,0.7483314773547882,2.0,10.4,2.0591260281974,6.0,3.6021907982105534,8.4,2.4166091947189146,13.381611358925285,0.6,0.6,0.8,0.2,0.0,0.6,0.4,0.4,0.4,0.6,0.0,0.0,0.2,0.4,0.6,0.0,0.2,0.6612409646396054,0.42,0.2,0.527533003677596,180
2025,2026,2028,Co-Cu-Ni-Pd-Pt,CO2RR,0,,2021,4,3,0,1,1,5,"Synthesis of monodisperse high entropy alloy nanocatalysts from core@shell nanoparticles Quinary, Senary, and Septenary High Entropy Alloy Nanoparticle Catalysts from Core@Shell Nanoparticles and the Significance of Intraparticle Heterogeneity High-Temperature Synthesis of High-Entropy Alloy PtPd_CoNiCu Nanoparticles as a Catalyst for the reaction ty HEA NPs was demonstrated by preparing PdCu@PtNiCo NPs via seed-mediated co-reduction, wherein Pt, Ni, and Co were co-deposited on PdCu seeds in solution. These multimetallic NPs were then converted to single-crystalline and single-phase PdCuPtNiCo NPs through annealing. On account of their small particle size, highly dispersed Pt/Pd content, and low elemental diffusivity, these HEA NPs were found to be a highly efficient and durable catalyst for the reaction . They w mistic simulations. The quinary HEA NPs were found to be durable catalysts for the reaction , with all but the PdCuPtNiIr NPs presenting better activities than commercial Pt. Density functional theory (DFT) calculations for PdCuPtNiCo and PdCuPtNiIr surfaces (the two extremes in performance) found agreement with experiment by weighting the adsorption energy contributions by the probabilities of each active site based on their DFT energies. This finding highlights how in High-Temperature Synthesis of High-Entropy Alloy PtPd_CoNiCu Nanoparticles as a Catalyst for the reaction The aim of this work was high-temperature synthesis of PtPdCoNiCu/C nanoparticles with high-entropy alloy (HEA) structure as catalysts for reaction . The materials were synthesized using a highly dispersed PtPd/C support, which was impregnated with Cu, Ni, and Co precursors followed by th",0.0351698496501777,0.3392857142857143,0.0649858430783526,0.3714285714285714,0.0058624135427142,0.2535714285714285,0.0961493299394331,0.2857142857142857,0.0237827234983427,0.2142857142857142,0.039084965013177,0.2392857142857143,0.037388435672839,0.325,0.4664888878668893,0.5107142857142857,0.0471508757630521,0.2892857142857143,0.3142857142857143,5.0,41.6,19.499743588057765,51.0,96.535319,52.42857079171475,136.3906,2.034,0.17036431551237485,0.3999999999999999,1.36,0.019999999999999928,0.04999999999999982,4.6,0.8,2.0,10.0,0.6324555320336759,2.0,1.4705882352941122,10.0,0.6324555320336759,13.381611358925285,0.4,0.4,1.0,0.6,0.4,0.6,0.4,1.0,0.4,0.4,0.4,0.0,0.6,0.4,0.4,0.4,0.6,0.7851567438472203,0.39999999999999997,0.6,0.5269755945827376,181
2025,2026,2028,Co-Fe-Ni-Ru,CO2RR,0,,2023,2,2,0,2,1,4,"Self‐Reconstructed Spinel Surface Structure Enabling the Long‐Term Stable reaction / reaction Efficiency of FeCoNiRu High‐Entropy Alloyed Electrocatalyst Solid state laser synthesis of high entropy nanomaterials as elecrocatalysts for water electrolysis and biosensing Self‐Reconstructed Spinel Surface Structure Enabling the Long‐Term Stable reaction / reaction Efficiency of FeCoNiRu High‐Entropy Alloyed Electrocatalyst High catalytic efficiency and long-term stability are two main components for the performance assessment of an electrocatalyst. Previous attention has been paid more to efficiency other than stability. es the challenge that most water electrolysis systems need either precious-metal catalysts or corrosive acidic/alkaline electrolytes, which are costly and less practical for large-scale use with seawater. To address this, the work develops FeNiCoRu medium-entropy alloy nanoparticles directly on carbon paper using rapid CO₂ laser induction under ambient conditions. The resulting porous, single-phase nanostructures act as durable, efficient bifunctional electrocatalysts for hydrogen an",0.0247677549561598,0.2946428571428571,0.0079781687503651,0.0821428571428571,0.0062416168814211,0.2607142857142857,0.0872905898105056,0.2678571428571428,0.0331908559025853,0.2785714285714286,0.0606727652857964,0.2892857142857143,0.0097472800449142,0.1357142857142857,0.5468820523637659,0.7964285714285714,0.0111546814299535,0.1321428571428571,0.2819444444444444,4.0,31.25,7.39509972887452,18.0,68.63539875,18.765485306687506,45.224999999999994,1.955,0.1443086968966182,0.3700000000000001,1.3499999999999999,0.03535533905932733,0.09999999999999987,4.25,0.4330127018922193,1.0,8.75,0.82915619758885,2.0,2.6189140043946173,8.75,0.82915619758885,11.526292643075523,0.25,0.25,1.0,0.75,0.75,0.5,1.0,0.75,0.0,0.25,0.5,0.0,0.75,0.0,0.25,0.75,0.75,0.7287545018867172,0.32499999999999996,0.75,0.5255013505660151,182
2025,2026,2028,Co-Fe-Mo-Ni-P,ORR,0,,2025,0,1,0,2,29,5,"Comparative Performance Analysis of Non-Precious Metal-Based and Iridium-Based Electrocatalysts in Seawater and Alkaline Electrolyzers chemical impedance spectroscopy (EIS), in both seawater and potassium hydroxide (KOH) electrolytes. The Ir-based results are compared to non-precious metal alloy electrocatalysts such as NiFeP and high entropy alloy (HEA) electrocatalysts (NiCoMoFeP and NiCoMoMnP). The electrocatalysts are employed as bifunctional catalysts for both reaction and reaction . To assess long-term stability, chronoamperometry and cycling durability tests are employed, alongside measurements of surface morphology chang",0.3635271858410283,0.4928571428571429,0.0699202011303778,0.3803571428571428,0.0323849461964816,0.6732142857142858,0.1577632253860249,0.4678571428571428,0.1110920602776698,0.8035714285714286,0.4733769222642902,0.6607142857142857,0.1330154645553924,0.5357142857142857,0.6484162245501732,0.9571428571428572,0.2002298883942794,0.5035714285714286,0.6083333333333333,5.0,27.6,8.593020423576334,27.0,60.0770714,20.757098515434084,64.966238,1.9940000000000002,0.15027973915335363,0.3599999999999999,1.31,0.15937377450509227,0.44999999999999996,4.0,0.6324555320336759,2.0,9.6,3.006659275674582,9.0,12.165936985121547,7.6,1.8547236990991407,13.381611358925285,0.0,0.0,0.6,0.6,0.8,0.4,0.6,0.6,0.0,0.0,0.4,0.2,0.6,0.6,0.0,0.8,0.6,0.24480418259265244,0.12,0.6,0.5251912547777957,183
2025,2026,2028,Co-Fe-Ni-Pd-Pt,CO2RR,0,,2022,3,3,0,2,1,5,"High-entropy alloy nanoparticles as a promising electrocatalyst to enhance activity and durability for reaction Morphological, structural and compositional evolution of PtPdFeCoNi high-entropy alloy nanoparticles towards bifunctional oxygen electrocatalysis Breaking the symmetry of high-entropy alloy surfaces for compressively strain-tuned reaction large-scale commercialization of fuel cells. Although progress has been made in this aspect, the electrochemical kinetics and stability of platinum-based catalysts are still far from the requirements of the practical applications. Herein, PtPdFeCoNi high-entropy alloy (HEA) nanoparticles were demonstrated via a high-temperature injection method. PtPdFeCoNi HEA nanocatalyst exhibits outstanding catalytic activity and stability towards reaction due to the high entropy, lattice distortion, an Morphological, structural and compositional evolution of PtPdFeCoNi high-entropy alloy nanoparticles towards bifunctional oxygen electrocatalysis benchmark electrocatalysts. The reaction and reaction activity of the HEA nanoparticles do not change significantly after prolonged electrochemical cycling (3000 cycles). ndant terrace-type defects for reaction ( reaction ) electrocatalysis. The asymmetry-triggered release of surface stress enables the modulation of compressive strain for optimizing the electronic structure. On the optimally-tuned PtPdFeCoNi HEA NRs, we achieve mass and specific activities of 0.99 A mg-1platinum group metal (PGM) and 1.32 mA cm-2PGM at 0.95 V versus reversible hydrogen electrode (vs. RHE), demonstrating a competitive performance. Experimental and theoretical i",0.0351698496501777,0.3392857142857143,0.012195052892636,0.0982142857142857,0.0009052058296726,0.0196428571428571,0.1159145474886129,0.3607142857142857,0.0570492420423201,0.4392857142857143,0.0680473495443293,0.3321428571428571,0.0131415525244215,0.1821428571428571,0.6422424392062401,0.9392857142857144,0.0181967152505197,0.1964285714285714,0.323015873015873,5.0,41.0,19.91983935678197,52.0,94.995119,53.47769813360934,139.239,2.02,0.18319388636087175,0.44999999999999973,1.3699999999999999,0.024494897427831695,0.04999999999999982,4.6,0.8,2.0,9.4,0.7999999999999999,2.0,1.787948717359978,9.4,0.7999999999999999,13.381611358925285,0.4,0.4,1.0,0.6,0.6,0.6,0.6,1.0,0.2,0.4,0.4,0.0,0.6,0.2,0.4,0.6,0.6,0.7555476129189912,0.39999999999999997,0.6,0.5220214267328402,184
2025,2026,2028,Cu-Fe-Mn-Ni-Pd,CO2RR,0,,2024,1,1,1,1,1,5,"Synthesizing Pd-based high entropy alloy nanoclusters for enhanced reaction Synthesizing Pd-based high entropy alloy nanoclusters for enhanced reaction rapid Joule heating. The quinary PdMnFeCuNi clusters exhibit 4.95 times higher mass activity than the Commercial Pt/C for the reaction , and outstanding stability with only 2 mV decay in the half-wave potential after 20 000 cycles of testing.",0.0154138746516568,0.1339285714285714,0.0273190395570639,0.2375,0.0137971177214097,0.4589285714285714,0.0715848608165449,0.2071428571428571,0.0233416106960037,0.2107142857142857,0.0372852531299131,0.2214285714285714,0.0142134787621886,0.1964285714285714,0.4017667436251742,0.2428571428571428,0.0136891920672301,0.1535714285714285,0.2291666666666666,5.0,30.8,7.730459236035076,21.0,67.888489,19.497917014216775,51.481955,1.8780000000000001,0.2074029893709346,0.6500000000000001,1.3800000000000001,0.024494897427831695,0.04999999999999982,4.2,0.39999999999999997,1.0,9.2,1.4696938456699067,4.0,1.7749925672341806,9.2,1.4696938456699067,13.381611358925285,0.2,0.2,0.8,0.8,0.6,0.4,0.6,0.8,0.4,0.2,0.4,0.0,0.8,0.4,0.2,0.6,0.8,0.7394433905701241,0.26,0.8,0.5189580171710372,185
2025,2026,2028,Co-Fe-Ni-Pt-Ru,CO2RR,0,,2024,1,2,0,1,1,5,"A catalyst family of high-entropy alloy atomic layers with square atomic arrangements comprising iron- and platinum-group metals Precision Size Control of 1-Nm High-Entropy Alloy Nanoparticles Via Autocatalytic Reduction for reaction Electrocatalysis num-group metals (PGMs). Ten distinct quinary compositions of IGM-PGM-HEA with precisely controlled square atomic arrangements are used to explore their impact on reaction ( reaction ) and hydrogen oxidation reaction (HOR). The PtRuFeCoNi atomic layers perform enhanced catalytic activity and durability toward reaction and HOR when benchmarked against the other IGM-PGM-HEA and commercial Pt/C catalysts. Operando synchrotron x-ray absorption spectroscopy and density functional the t and Ru significantly lower the reduction temperature of Fe(III), Co(II), and Ni(II), enabling the simultaneous reduction of multimetal precursors at a peak temperature of 189 oC. The electronic structures and coordination environments of PtRuFeCoNi HEA nanoparticles were also analyzed using synchrotron X-ray absorption spectroscopy (XAS), confirming the distinct orbital hybridizations of the HEA nanoparticles. These findings underscore the fine-tuned electronic structure and strongly",0.0247677549561598,0.2946428571428571,0.0398531330821079,0.3357142857142857,0.0020471158650525,0.1714285714285714,0.0388756860720057,0.0464285714285714,0.016887372987991,0.1464285714285714,0.0366258678961495,0.2142857142857142,0.1187167037289335,0.5178571428571429,0.5319287659553118,0.7642857142857142,0.266310497032922,0.5607142857142857,0.3390873015873016,5.0,40.6,19.8353220291479,52.0,93.925119,53.291599266014195,139.239,2.0200000000000005,0.18319388636087175,0.44999999999999973,1.3499999999999999,0.03162277660168375,0.09999999999999987,4.6,0.8,2.0,9.0,0.8944271909999159,2.0,2.342427896421019,9.0,0.8944271909999159,13.381611358925285,0.4,0.4,1.0,0.6,0.6,0.6,0.8,0.8,0.0,0.4,0.4,0.0,0.6,0.0,0.4,0.6,0.6,0.7195064662800236,0.39999999999999997,0.6,0.5184412255982929,186
2025,2026,2028,Co-Ir-Ni-Pt,CO2RR,0,,2025,0,1,0,1,1,4,"Controllable moderate-temperature synthesis of high entropy PtIrCoNixFe1-x for superior reaction Controllable moderate-temperature synthesis of high entropy PtIrCoNixFe1-x for superior reaction Platinum (Pt) is renowned for its remarkable catalytic activity in the reaction ( reaction ); however, its significant cost constrains its widespread use. Integrating Pt with trans",0.0154138746516568,0.1339285714285714,0.0263273571580358,0.2196428571428571,0.0471806808776388,0.8053571428571429,0.0869924090474794,0.2642857142857143,0.0284273388154268,0.2571428571428571,0.0318600558865264,0.1,0.0283369205888216,0.2857142857142857,0.3868825733780883,0.2107142857142857,0.0402023019116272,0.2678571428571428,0.2827380952380952,4.0,52.5,25.004999500099974,51.0,126.23189875,67.42627413209746,136.3906,2.0675,0.1751249553890022,0.3999999999999999,1.35,0.0,0.0,5.0,1.0,2.0,9.5,0.5,1.0,0.0,9.5,0.5,11.526292643075523,0.5,0.5,1.0,0.5,0.5,0.75,0.75,0.75,0.0,0.5,0.5,0.0,0.5,0.0,0.5,0.5,0.5,0.8774125312276985,0.5,0.5,0.5154559022254523,187
2025,2026,2028,Ir-Mo-Pd-Sn-Zn,OER,0,,2025,0,1,0,1,63,5,Exploring the electrocatalytic performance of PdIrSnZnMo high entropy alloy (HEA) towards the reaction in an acidic medium: a theoretically supported approach Exploring the electrocatalytic performance of PdIrSnZnMo high entropy alloy (HEA) towards the reaction in an acidic medium: a theoretically supported approach The present study highlights the reaction electrocatalytic performance of PdIrSnZnMo HEA with the delivery of a low overpot,0.6264053635068966,0.7875,0.5590231129327117,0.7875,0.0136994228655924,0.4303571428571429,0.1841809877711824,0.55,0.0436134643749719,0.3428571428571428,0.6279440515390924,0.7678571428571429,0.1176269571891197,0.5142857142857142,0.4225404648643862,0.2892857142857143,0.2271516386372584,0.5285714285714286,0.5553571428571429,5.0,49.0,15.517731793016658,47.0,115.73920000000001,42.11808254609889,126.808,2.034,0.2116223050625809,0.5500000000000003,1.4,0.04472135954999574,0.09999999999999987,5.0,0.6324555320336759,2.0,10.2,2.7129319932501073,8.0,3.194382824999696,8.2,2.85657137141714,13.381611358925285,0.4,0.4,0.4,0.2,0.2,0.6,0.2,0.2,0.4,0.4,0.0,0.2,0.0,0.2,0.4,0.2,0.2,0.644229502831213,0.27999999999999997,0.0,0.5151795651350781,188
2025,2026,2028,Ag-Al-Cu-Ni-Ti,OER,0,,2023,2,1,2,1,63,5,Novel high entropy alloy (AgAlCuNiTi) hybridized MoS2/Si nanowires heterostructure with plasmonic enhanced photocatalytic activity Novel high entropy alloy (AgAlCuNiTi) hybridized MoS2/Si nanowires heterostructure with plasmonic enhanced photocatalytic activity Hydrogen has garnered widespread attention as a pivotal indicator for future sustainable development. Current research aims to utilize clean energy,0.6264053635068966,0.7875,0.6095726194348902,0.8857142857142857,0.0216764163964244,0.575,0.208671334969856,0.6107142857142858,0.0429086293411488,0.3321428571428571,0.6227344000987872,0.7321428571428571,0.1752674461744772,0.6142857142857143,0.3324979616777959,0.0285714285714285,0.2989596641564213,0.5857142857142857,0.5724206349206349,5.0,27.8,11.160645142642965,34.0,60.99122772,26.60135978125482,80.88666140000001,1.778,0.16749925372968077,0.3899999999999999,1.3900000000000001,0.11575836902790228,0.3500000000000001,4.0,0.6324555320336759,2.0,9.8,3.059411708155671,9.0,8.327940217834696,7.8,3.54400902933387,13.381611358925285,0.2,0.0,0.6,0.6,0.4,0.2,0.2,0.6,0.4,0.0,0.2,0.2,0.4,0.2,0.2,0.4,0.6,0.3414344082299682,0.06,0.4,0.5140196081832762,189
2025,2026,2028,Co-Cr-Fe-Ni-Pt,CO2RR,0,,2024,1,1,1,1,1,5,"Vacancy induced microstrain in high-entropy alloy film for sustainable hydrogen production under universal pH conditions Vacancy induced microstrain in high-entropy alloy film for sustainable hydrogen production under universal pH conditions A novel vacancy-induced microstrain engineering strategy is developed in FeCoNiCrPt high-entropy alloy, enabling high activity and long lifetime reaction under universal pH conditions.",0.0154138746516568,0.1339285714285714,0.0273190395570639,0.2375,0.0137971177214097,0.4589285714285714,0.0486161016272949,0.0892857142857142,0.0249792454625989,0.2428571428571428,0.0299309137286331,0.025,0.0524231223528096,0.3678571428571429,0.3543235969099012,0.1035714285714285,0.1187907587516025,0.4035714285714286,0.2291666666666666,5.0,36.6,20.742227459942676,54.0,84.110339,55.54334620673014,143.0879,1.9120000000000001,0.20331256724560823,0.6199999999999999,1.3699999999999999,0.024494897427831695,0.04999999999999982,4.4,0.7999999999999999,2.0,8.6,1.4966629547095764,4.0,1.787948717359978,8.6,1.4966629547095764,13.381611358925285,0.2,0.2,0.8,0.8,0.8,0.4,0.6,0.8,0.0,0.2,0.6,0.2,0.8,0.0,0.2,0.8,0.8,0.7414645362996757,0.31999999999999995,0.8,0.5135643608899028,190
2025,2026,2028,Fe-Ir-Mn-Pt-Ru,ORR,0,,2025,0,1,0,1,29,5,High-temperature shock synthesis of PtRuIrMnFe high-entropy alloy nanocatalysts for an efficient reaction,0.3635271858410283,0.4928571428571429,0.2952071380385401,0.5232142857142857,0.009961666763347,0.3517857142857143,0.2093536740198505,0.6142857142857143,0.0742208929734373,0.5857142857142857,0.2977151280920704,0.45,0.1400519946209121,0.55,0.3676488871848163,0.1428571428571428,0.2620826345080329,0.55,0.4734126984126984,5.0,50.0,23.45207879911715,53.0,119.830809,62.54602454265119,140.14595500000001,2.0119999999999996,0.27895519353473236,0.7299999999999998,1.3599999999999999,0.037416573867739354,0.09999999999999987,5.0,0.8944271909999159,2.0,8.4,1.0198039027185568,3.0,2.751218666745541,8.4,1.0198039027185568,13.381611358925285,0.6,0.6,0.8,0.4,0.4,0.6,0.8,0.4,0.0,0.6,0.2,0.0,0.4,0.4,0.6,0.4,0.4,0.6259021511872273,0.48,0.4,0.5128063596418825,191
2025,2026,2028,Au-Ir-Pd-Pt-Rh-Ru,ORR,0,,2025,0,1,0,1,29,6,An acanthosphere-like PtRuRhPdAuIr high-entropy alloy as an efficient electrocatalyst for reaction in both acidic and alkaline electrolytes An acanthosphere-like PtRuRhPdAuIr high-entropy alloy as an efficient electrocatalyst for reaction in both acidic and alkaline electrolytes An acanthosphere-like PtRuRhPdAuIr high-entropy alloy (HEA) was fabricated for the first time by the electrochemical method,0.3635271858410283,0.4928571428571429,0.2816298699054317,0.4767857142857143,0.0362789329895958,0.7125,0.2322369462323361,0.6892857142857143,0.0759402632876312,0.5892857142857143,0.3016339644059692,0.4785714285714286,0.1187365151394928,0.5214285714285715,0.403197139906351,0.2607142857142857,0.2307242962048089,0.5357142857142857,0.5285714285714287,6.0,61.5,16.520189667999176,35.0,149.1105115,45.6931921262748,95.896569,2.283333333333333,0.12023125864580951,0.33999999999999986,1.3499999999999999,0.028867513459481253,0.09999999999999987,5.5,0.5,1.0,9.5,0.9574271077563381,3.0,2.138334330331945,9.5,0.9574271077563381,14.897517127344186,1.0,0.8333333333333334,1.0,0.0,0.0,0.8333333333333334,0.3333333333333333,0.5,0.3333333333333333,0.8333333333333334,0.0,0.0,0.0,0.5,1.0,0.0,0.0,0.7768463874763569,0.5833333333333334,0.0,0.5125777257667166,192
2025,2026,2028,Co-Fe-Mn-Ni-W,CO2RR,0,,2023,2,1,2,1,1,5,"Highly Stable Single-Phase FeCoNiMnX (X = Cr, Mo, W) High-Entropy Alloy Catalysts with Submicrometer Size for Efficient reaction -entropy alloys (HEAs) are promising reaction catalysts. However, their catalytic properties have not been proven because of the lack of a facile method to synthesize small-sized homogeneous HEA particles. Here, submicrometer-sized single-phase FeCoNiMnW HEA particles were prepared by electrochemical metallization in 900 s (at 900 °C). FeCoNiMnW shows the best reaction activity (η = 355 mV at 500 mA cm –2 ) and durability of the three HEAs because the large total density of states of FeCoNiMnW",0.0154138746516568,0.1339285714285714,0.030227383262486,0.2732142857142857,0.0017965214675209,0.1375,0.033143275852742,0.025,0.011289441653523,0.0857142857142857,0.0343443227639445,0.1714285714285714,0.0540935779857692,0.3821428571428571,0.4679517919083303,0.5321428571428571,0.09610574866487,0.3785714285714285,0.235515873015873,5.0,36.0,19.026297590440446,49.0,82.449928,50.71899437856419,128.901955,1.906,0.2605071975973024,0.8099999999999998,1.3699999999999999,0.024494897427831695,0.04999999999999982,4.4,0.7999999999999999,2.0,8.0,1.4142135623730951,4.0,1.787948717359978,8.0,1.4142135623730951,13.381611358925285,0.0,0.0,0.6,0.8,1.0,0.4,0.8,0.6,0.0,0.0,0.8,0.2,0.8,0.0,0.0,1.0,0.8,0.7014282950534898,0.24,0.8,0.5124106313731898,193
2025,2026,2028,Co-Cu-Mn-Ni-Ru,CO2RR,0,,2024,1,1,1,1,1,5,"MOF-Derived High Entropy Alloy Electrocatalyst with Low Amount of Noble Metal for Alkaline reaction sts, which has many advantages for electrocatalysis like high stability, tunability of element composition and ratio, various active sites, etc., while their synthesis methods usually require harsh consition. In this research, we introduce CoNiCuMnRu/C high entropy alloy electrocatalyst for alkaline reaction , synthesized by using metal-organic frame work template as a precursor, followed by ion exchange method and pyrolysis. CoNiCuMnRu/C shows very low reaction overpotent",0.0154138746516568,0.1339285714285714,0.0273190395570639,0.2375,0.0137971177214097,0.4589285714285714,0.0305412198190918,0.0214285714285714,0.0034573999850075,0.0107142857142857,0.0344198985804177,0.175,0.0191597785273123,0.225,0.536114223684127,0.775,0.0219156541516478,0.2142857142857142,0.2501984126984127,5.0,30.6,6.829348431585549,19.0,67.436128,17.037063612771593,46.13195499999999,1.8880000000000003,0.20604853797103248,0.6500000000000001,1.3499999999999999,0.03162277660168375,0.09999999999999987,4.2,0.39999999999999997,1.0,9.0,1.4142135623730951,4.0,2.342427896421019,9.0,1.4142135623730951,13.381611358925285,0.2,0.2,0.8,0.8,0.6,0.4,0.8,0.6,0.2,0.2,0.6,0.0,0.8,0.2,0.2,0.6,0.8,0.7035082101529111,0.31999999999999995,0.8,0.511641748760159,194
2025,2026,2028,Co-Fe-Ni-Pd-Y,HER,0,,2025,0,1,0,1,63,5,"Dealloying-driven nanospherical architecture in AlYNiPdCoFe high-entropy alloy ribbons: controllable synthesis and mechanistic insights into enhanced reaction Dealloying-driven nanospherical architecture in AlYNiPdCoFe high-entropy alloy ribbons: controllable synthesis and mechanistic insights into enhanced reaction Amorphous YNiPdCoFe HEA boosts reaction through synergistic effects, abundant active sites, fast mass/electron transport, and en",0.6264053635068966,0.7875,0.5564232091858533,0.7625,0.0234162024630583,0.6125,0.3037002941070308,0.8035714285714286,0.0946582097679961,0.6964285714285714,0.6035640470878157,0.6767857142857143,0.3778932195984372,0.8464285714285714,0.3593887417368096,0.1232142857142857,0.8349385077600527,0.875,0.6871031746031746,5.0,33.2,7.934733769950949,20.0,73.759489,20.316772273099488,50.575,1.8080000000000003,0.3210856583530321,0.9800000000000002,1.46,0.17146428199482247,0.44999999999999996,4.4,0.48989794855663565,1.0,8.0,2.6076809620810595,7.0,11.744128903754964,8.0,2.6076809620810595,13.381611358925285,0.2,0.2,0.8,0.6,0.6,0.4,0.6,0.8,0.2,0.2,0.4,0.0,0.6,0.4,0.2,0.6,0.6,0.1252400391528775,0.26,0.6,0.5107684403172918,195
2025,2026,2028,Co-Fe-Mn-Mo-Ni,CO2RR,0,,2021,4,3,3,2,1,5,"A Single-Phase FeCoNiMnMo High-Entropy Alloy reaction Anode Working in Alkaline Solution for over 1000 h A stable reaction splitting electrocatalysts high entropy alloy FeCoNiMnMo in simulated seawater A Free-standing Nanoporous NiCoFeMoMn High Entropy Alloy as An Efficient Electrocatalyst Fast Driving Water Splittling A Single-Phase FeCoNiMnMo High-Entropy Alloy reaction Anode Working in Alkaline Solution for over 1000 h Mo is beneficial to improving reaction performance, but it is very soluble in an alkaline environment. High-entropy alloys (HEAs) can inhibit th A Free-standing Nanoporous NiCoFeMoMn High Entropy Alloy as An Efficient Electrocatalyst Fast Driving Water Splittling Abstract The development of low-cost non-noble metal-based electrocatalysts that can work stably at high current densities for the application of Hydrogen evo",0.0351698496501777,0.3392857142857143,0.0162588506559628,0.1142857142857142,0.0040006566529665,0.2232142857142857,0.0512147494997329,0.1035714285714285,0.0209465296277373,0.1928571428571428,0.0554358306617705,0.2642857142857143,0.0117499442803746,0.1571428571428571,0.4384022151835379,0.3821428571428571,0.0172966573321975,0.1857142857142857,0.2180555555555555,5.0,29.6,6.2801273872430325,17.0,64.869928,15.61304131976938,41.001954999999995,1.866,0.19479219696897515,0.6100000000000001,1.3900000000000001,0.037416573867739354,0.09999999999999987,4.2,0.39999999999999997,1.0,8.0,1.4142135623730951,4.0,2.6918398465999536,8.0,1.4142135623730951,13.381611358925285,0.0,0.0,0.6,0.8,1.0,0.4,0.8,0.6,0.0,0.0,0.6,0.2,0.8,0.0,0.0,1.0,0.8,0.6886758720927204,0.18,0.8,0.5067277616278161,196
2025,2026,2028,Co-Cu-Fe-Mn-Ni-Ru,CO2RR,0,,2025,0,1,0,1,1,6,"Tailoring the Electronic Landscape and Metal–Support Interface of High-Entropy Alloys for Efficient Bifunctional Electrocatalysis active sites but still face persistent challenges, such as unstable metal–support interfaces and intricate electronic structure modulation. Here, inspired by cell membrane-embedded synthetase catalytic units in the photosystem, we report a MnFeCoNiCuRu x HEA electrocatalyst anchored on carbon nanofibers (CNFs) via the concurrent growth of HEA nanocrystals and CNF film support, which exhibits stable and strong metal–carbon interface coupling. In this architecture, trace Ru (∼4 wt %) acts",0.0154138746516568,0.1339285714285714,0.0231396591597418,0.1446428571428571,0.0026589423399418,0.1875,0.0335680299632195,0.0285714285714285,0.0088265571182842,0.0571428571428571,0.0345353505289698,0.1785714285714285,0.0194672828057137,0.2285714285714285,0.5298967476581411,0.7535714285714286,0.0265696525777696,0.2321428571428571,0.2160714285714285,6.0,29.833333333333332,6.465721580423608,19.0,65.50427333333333,16.14140409176446,46.13195499999999,1.8783333333333332,0.18933362676033602,0.6500000000000001,1.3583333333333334,0.03435921354681378,0.09999999999999987,4.166666666666667,0.37267799624996495,1.0,8.833333333333334,1.3437096247164249,4.0,2.529512653753162,8.833333333333334,1.3437096247164249,14.897517127344186,0.16666666666666666,0.16666666666666666,0.8333333333333334,0.8333333333333334,0.6666666666666666,0.3333333333333333,0.8333333333333334,0.6666666666666666,0.16666666666666666,0.16666666666666666,0.5,0.0,0.8333333333333334,0.16666666666666666,0.16666666666666666,0.6666666666666666,0.8333333333333334,0.7030481387738092,0.26666666666666666,0.8333333333333334,0.5064799178226189,197
2025,2026,2028,Cu-Ir-Pt-Ru-Sn,ORR,0,,2024,1,1,1,1,29,5,Rapid co-reduction synthesis of ultrafine multi-principal element alloy nanocatalysts for efficient reaction multi-principal element alloy nanocatalysts for efficient reaction A rapid co-reduction strategy was developed for the synthesis of ultrafine and composition-tunable multi-principal element alloy nanoparticles. The as-synthesized RuPtIrSnCu/C catalyst showed improved reaction performance.,0.3635271858410283,0.4928571428571429,0.3173303330013932,0.5660714285714286,0.0404458529623454,0.7482142857142857,0.2232857552490885,0.6571428571428571,0.0816438794341535,0.6178571428571429,0.2840222884578924,0.4,0.0685056415543336,0.4214285714285714,0.3429061011204499,0.0642857142857142,0.1288605895063628,0.4285714285714285,0.4884920634920635,5.0,55.6,19.147845831842286,49.0,134.12539999999998,51.773218241094504,131.538,2.1079999999999997,0.14945233353815526,0.3799999999999999,1.36,0.04898979485566353,0.1499999999999999,5.2,0.7483314773547882,2.0,10.4,2.0591260281974,6.0,3.6021907982105534,8.4,2.4166091947189146,13.381611358925285,0.6,0.6,0.8,0.2,0.0,0.6,0.4,0.4,0.4,0.6,0.0,0.0,0.2,0.4,0.6,0.0,0.2,0.6612409646396054,0.42,0.2,0.5061937179633103,198
2025,2026,2028,Al-Co-Cr-Fe-Ni,CO2RR,0,,2020,5,3,0,2,1,5,"Stable High-Entropy Alloy AlCoCrFeNi2.1 with Anti-Dealloying Effect for Enhanced reaction Performance Self- supported high-entropy alloy electrocatalyst for highly efficient H2 evolution in acid condition Enhanced reaction Performance of Amorphous/Crystalline Ni Nanoparticles-Decorated Maze-like Nanoporous High-Entropy Alloy Stable High-Entropy Alloy AlCoCrFeNi2.1 with Anti-Dealloying Effect for Enhanced reaction Performance The catalytic performance of reaction ( reaction ) catalysts is influenced by their elemental composition. Aluminum (Al) offers abundant active sites due to it recious catalysts as Pt substitutes for electrochemical reaction ( reaction ) with superior stability in acidic electrolyte is of critical importance for large-scale, low-cost hydrogen production from water. Herein, we report a CoCrFeNiAl high-entropy alloy (HEA) electrocatalyst with self-supported structure synthesized by mechanical alloying and spark plasma sintering (SPS) consolidation. The HEA after HF treatment and in situ electrochemical activation for 4000 cycles of are emerging as promising electrocatalysts due to their distinctive properties. Surface engineering is an efficient strategy for the further advancement of reaction ( reaction ) electrocatalysts. Herein, a maze-like nanoporous CoCrFeNiAl HEA (NPCCF) with fine ligament sizes of ∼17 nm was fabricated using a selective phase dealloying strategy. Compared with commercial thick-ligament porous nickel foam (NF) and as-spun CoCrFeNiAl ribbon, NPCCF, with its nanoscale ligament 3D",0.0351698496501777,0.3392857142857143,0.0124475256979944,0.1071428571428571,0.0017075570420164,0.0875,0.0639689203349223,0.175,0.037841973741487,0.3035714285714285,0.0574295203264957,0.2785714285714286,0.0042373019033168,0.0464285714285714,0.5269462981069032,0.7464285714285714,0.0055197678054986,0.0571428571428571,0.2378968253968253,5.0,23.6,5.4626001134990645,15.0,50.489846719999996,12.018114934180327,31.951656399999997,1.778,0.12056533498481224,0.2999999999999998,1.35,0.05477225575051658,0.1499999999999999,3.8,0.39999999999999997,1.0,9.2,2.315167380558045,7.0,4.057204129667895,7.2,2.4819347291981715,13.381611358925285,0.0,0.0,0.6,0.8,0.8,0.2,0.6,0.6,0.0,0.0,0.6,0.2,0.8,0.0,0.0,0.8,0.8,0.6518859970822182,0.18,0.8,0.5046193705532369,199
2025,2026,2028,Co-Cr-Fe-Ni-V,CO2RR,0,,2025,0,1,0,1,1,5,"Electronic Structure Modulation Coupled with Vacancy Defect Engineering in FeCoNiCrV High-Entropy Alloy Electrocatalyst for Enhanced reaction Electronic Structure Modulation Coupled with Vacancy Defect Engineering in FeCoNiCrV High-Entropy Alloy Electrocatalyst for Enhanced reaction Strategic engineering of composition and defects in high-entropy alloy (HEA) catalysts represents a critical frontier for advancing catalytic technologies, yet this",0.0154138746516568,0.1339285714285714,0.0246834012891072,0.1892857142857142,0.0010947473740016,0.0535714285714285,0.0363674271197022,0.0392857142857142,0.016934830558968,0.15,0.0297681718087461,0.0214285714285714,0.0245805678455739,0.2678571428571428,0.3689206321432552,0.1464285714285714,0.0431292259162536,0.2785714285714286,0.1422619047619047,5.0,25.6,1.854723699099141,5.0,55.281839000000005,3.3143000111160728,7.991695,1.782,0.11513470371699405,0.28,1.3699999999999999,0.024494897427831695,0.04999999999999982,4.0,0.0,0.0,7.6,1.8547236990991407,5.0,1.787948717359978,7.6,1.8547236990991407,13.381611358925285,0.0,0.0,0.6,1.0,1.0,0.2,0.6,0.6,0.0,0.0,0.8,0.4,0.8,0.0,0.0,1.0,1.0,0.8031890407697055,0.24,0.8,0.5009745693737688,200
2025,2026,2028,Co-Fe-Ni-Pt-Rh,CO2RR,0,,2021,4,1,4,1,1,5,"Sub-2 nm Ultrasmall High-Entropy Alloy Nanoparticles for Extremely Superior Electrocatalytic reaction ogen production still remains a formidable challenge, especially in acidic media. Here, we report ultrasmall high-entropy alloy (us-HEA) nanoparticles (NPs) with the best-level performance for reaction ( reaction ). The us-HEA (NiCoFePtRh) NPs show an average diameter of 1.68 nm, which is the smallest size in the reported HEAs. The atomic structure, coordinational structure, and electronic structure of the us-HEAs were comprehensively clarified. The us-HEA/C achieves an ultra",0.0154138746516568,0.1339285714285714,0.0369693645734339,0.3232142857142857,0.0017156983240673,0.1035714285714285,0.0460393961162572,0.0821428571428571,0.0108703473946592,0.075,0.032502650366637,0.1357142857142857,0.0735013401773497,0.425,0.4884127096767472,0.6,0.1612236957829581,0.4678571428571428,0.2607142857142857,5.0,40.8,19.873600579663464,52.0,94.292219,53.3458468261555,139.239,2.036,0.20085815890822054,0.44999999999999973,1.3599999999999999,0.019999999999999928,0.04999999999999982,4.6,0.8,2.0,9.2,0.7483314773547882,2.0,1.4705882352941124,9.2,0.7483314773547882,13.381611358925285,0.4,0.4,1.0,0.6,0.6,0.6,0.6,0.8,0.0,0.4,0.4,0.0,0.6,0.0,0.4,0.6,0.6,0.7638110534701283,0.39999999999999997,0.6,0.4964647446124671,201
2025,2026,2028,Au-Mo-Pd-Pt-W,ORR,0,,2025,0,1,0,1,29,5,Tailoring platinum content in a PdAuMoWPt high-entropy alloy for efficient and durable reaction across a broad pH range Tailoring platinum content in a PdAuMoWPt high-entropy alloy for efficient and durable reaction across a broad pH range The development of highly efficient reaction ( reaction ) electrocatalysts that combine low overpotentials with broad pH adaptability remai,0.3635271858410283,0.4928571428571429,0.2952071380385401,0.5232142857142857,0.009961666763347,0.3517857142857143,0.1769566691244464,0.5321428571428571,0.0614779449811802,0.4785714285714286,0.3007413444677259,0.4642857142857143,0.184925394899946,0.6321428571428571,0.3716600188838533,0.1642857142857142,0.4044794103832949,0.65,0.4765873015873016,5.0,63.8,16.302147097851865,37.0,155.6501138,44.82332502139262,101.026569,2.308,0.13481839637082169,0.3799999999999999,1.3799999999999997,0.03999999999999994,0.09999999999999987,5.6,0.48989794855663565,1.0,8.6,2.1540659228538015,5.0,2.898550724637677,8.6,2.1540659228538015,13.381611358925285,0.6,0.4,0.6,0.0,0.4,0.8,0.0,0.6,0.4,0.4,0.2,0.4,0.0,0.6,0.6,0.4,0.0,0.7172213254389758,0.33999999999999997,0.0,0.49563068334597843,202
2025,2026,2028,Cu-Nb-Ni-Ti-Zr,ORR,0,,2025,0,1,0,1,29,5,Amorphous High-Entropy Alloy Nanoframes: Oxygen Vacancy-Mediated Electronic Regulation in Ni–Nb–Zr–Ti–Cu for Efficient reaction Amorphous High-Entropy Alloy Nanoframes: Oxygen Vacancy-Mediated Electronic Regulation in Ni–Nb–Zr–Ti–Cu for Efficient reaction High Resolution Image Download MS PowerPoint Slide Research on transition metal-based high-entropy alloys (HEAs) as electrocatalysts for the reaction ( reaction ) is advancing rapidly. In this s,0.3635271858410283,0.4928571428571429,0.2952071380385401,0.5232142857142857,0.009961666763347,0.3517857142857143,0.1547948284818175,0.4535714285714285,0.045876520407867,0.3714285714285714,0.3171096706994206,0.5428571428571428,0.0401110349677247,0.3357142857142857,0.4570983587434832,0.4571428571428571,0.0468699502694318,0.2857142857142857,0.4238095238095238,5.0,32.0,7.3484692283495345,19.0,70.847356,18.060638794409904,45.03938,1.6560000000000001,0.2222251110923335,0.5799999999999998,1.4200000000000002,0.0748331477354788,0.19999999999999996,4.4,0.4898979485566356,1.0,6.8,3.059411708155671,7.0,5.2699399813717465,6.8,3.059411708155671,13.381611358925285,0.0,0.0,0.4,0.6,0.8,0.2,0.2,0.4,0.2,0.0,0.2,0.6,0.4,0.4,0.0,0.8,0.6,0.501896323446203,0.06,0.4,0.49528318274814664,203
2025,2026,2028,Co-Fe-Mn-Ni-Rh,CO2RR,0,,2025,0,1,0,1,1,5,"Strong 3d–4d orbital coupling mechanism in high-en-tropy alloys enables industrial-level alkaline seawaterelectrolysis seawater electrolysis for mass production of hydrogen suffersdrawbacks from electrode corrosion and low efficiency due to the presenceof multivalent ions in feed seawater. Herein, a strong 3d–4d orbital couplingmechanism is discovered in a FeNiCoMnRh high-entropy alloy (HEA), whichcan optimize the electron structure near the Fermi energy and reduce theuniversal reaction energy barrier. The HEA catalyst shows excellenthydro-gen/ reaction reactions with overpotentials of 21 and 29",0.0154138746516568,0.1339285714285714,0.0246834012891072,0.1892857142857142,0.0010947473740016,0.0535714285714285,0.0390793961836391,0.0535714285714285,0.0075420760567796,0.0357142857142857,0.0346675326410487,0.1857142857142857,0.0188191076816309,0.2214285714285714,0.5128497286647308,0.6964285714285714,0.0222465713443303,0.2178571428571428,0.1986111111111111,5.0,30.2,7.467261881037788,20.0,66.26302799999999,18.387425167739664,47.967455,1.89,0.2331523107327053,0.7299999999999998,1.3699999999999999,0.024494897427831695,0.04999999999999982,4.2,0.39999999999999997,1.0,8.6,1.019803902718557,3.0,1.787948717359978,8.6,1.019803902718557,13.381611358925285,0.2,0.2,0.8,0.8,0.8,0.4,0.8,0.6,0.0,0.2,0.6,0.0,0.8,0.0,0.2,0.8,0.8,0.7205767158587078,0.31999999999999995,0.8,0.49354801475761234,204
2025,2026,2028,Cu-Fe-Ni-Pt-Rh,CO2RR,0,,2024,1,1,1,2,1,5,"Synergistic Effects of PtRhNiFeCu High Entropy Alloy Nanocatalyst for reaction and reaction Reactions Synergistic Effects of PtRhNiFeCu High Entropy Alloy Nanocatalyst for reaction and reaction Reactions Abstract The unique properties of high entropy alloy (HEA) catalysts, particularly their severe lattice distortion and the synergistic effect of multiple",0.0154138746516568,0.1339285714285714,0.0050156630825412,0.05,0.0048074163809582,0.2428571428571428,0.1038084526814737,0.3071428571428571,0.056302590134051,0.4285714285714285,0.0628299060516409,0.3107142857142857,0.0034197750943957,0.0321428571428571,0.4862999015956523,0.5821428571428572,0.0027551221397214,0.0285714285714285,0.2351190476190476,5.0,41.2,19.610201426808445,52.0,95.21478,52.763075495213506,139.239,2.04,0.19788885769542447,0.44999999999999973,1.3599999999999999,0.019999999999999928,0.04999999999999982,4.6,0.8,2.0,9.6,1.0198039027185568,3.0,1.4705882352941124,9.6,1.0198039027185568,13.381611358925285,0.4,0.4,1.0,0.6,0.4,0.6,0.4,0.8,0.2,0.4,0.2,0.0,0.6,0.2,0.4,0.4,0.6,0.7658895643190856,0.33999999999999997,0.6,0.49157044072429706,205
2025,2026,2028,Co-Cu-Fe-Mn-Mo-Ni-O,HER,0,,2025,0,1,0,1,63,7,Open-Air Pulsed Laser-Deposited NiCoCuFeMoMnO x High-Entropy Oxide Thin Films for Efficient Electrocatalytic reaction Open-Air Pulsed Laser-Deposited NiCoCuFeMoMnO x High-Entropy Oxide Thin Films for Efficient Electrocatalytic reaction High-entropy materials have garnered significant attention as possible non-noble metal-based electrocatalysts for the production of hydrogen via water,0.6264053635068966,0.7875,0.5235648024319747,0.7035714285714286,0.0104494996025267,0.3785714285714285,0.2362373033529867,0.6964285714285714,0.0900586487503193,0.675,0.6520974412422946,0.8857142857142857,0.2243533900387062,0.6892857142857143,0.4592238285681729,0.475,0.3936992957992986,0.6357142857142857,0.658531746031746,7.0,26.428571428571427,9.209577977877826,34.0,57.69929142857143,21.543943088937137,79.9406,2.0957142857142856,0.5730833183716992,1.89,1.2714285714285716,0.2762725657973388,0.85,3.857142857142857,0.8329931278350429,3.0,9.571428571428571,3.0639443699324596,10.0,21.729302927880575,8.142857142857142,1.8070158058105026,16.17919719230721,0.0,0.0,0.5714285714285714,0.7142857142857143,0.7142857142857143,0.2857142857142857,0.5714285714285714,0.5714285714285714,0.14285714285714285,0.0,0.42857142857142855,0.14285714285714285,0.7142857142857143,0.2857142857142857,0.0,0.7142857142857143,0.7142857142857143,0.0,0.12857142857142856,0.7142857142857143,0.490625,206
2025,2026,2028,Co-Fe-Mn-Ni-Ru,CO2RR,0,,2024,1,2,0,2,1,5,"Ruthenium-Based High-Entropy Alloys Expediting reaction through Catalytic Hydrolysis of Ammonia Borane Suppressing migration of Ru in a high-entropy alloy for durable acidic reaction to match the multistep catalytic processes in AB hydrolysis is a critical and urgent task but a tough challenge. Herein, we propose a synthesis scheme for a high-entropy alloy (HEA) catalyst for hydrogen liberation from AB hydrolysis. The FeCoNiMnRu HEA with face-centered cubic (fcc) phase was synthesized by the polymer fiber nanoreactor method using low-cost transition metals of Co, Fe, Mn, and Ni as basic elements combined with the precious metal Ru, which facilitates the electron t Suppressing migration of Ru in a high-entropy alloy for durable acidic reaction The high-entropy alloy (HEA) catalyst FeCoNiMnRu significantly enhances the surface migration energy barrier of Ru atoms, thereby effectively suppressing their dissolution during the reaction , exhibiting enhanced durability.",0.0247677549561598,0.2946428571428571,0.0073946650206236,0.075,0.0008427676903382,0.0125,0.0696312465958237,0.2035714285714285,0.018766180966349,0.1642857142857142,0.0567424111376763,0.2714285714285714,0.0043686230459282,0.05,0.5593519963784781,0.8142857142857143,0.0057814842068892,0.0642857142857142,0.2166666666666666,5.0,30.0,7.0710678118654755,19.0,65.895928,17.655977769492853,46.13195499999999,1.874,0.20713280763799832,0.6500000000000001,1.3599999999999999,0.037416573867739354,0.09999999999999987,4.2,0.39999999999999997,1.0,8.4,1.0198039027185568,3.0,2.751218666745541,8.4,1.0198039027185568,13.381611358925285,0.2,0.2,0.8,0.8,0.8,0.4,1.0,0.6,0.0,0.2,0.6,0.0,0.8,0.0,0.2,0.8,0.8,0.676177821314941,0.31999999999999995,0.8,0.48835334639448225,207
2025,2026,2028,Co-Mn-Mo-Ni-P,ORR,0,,2025,0,1,0,2,29,5,"Comparative Performance Analysis of Non-Precious Metal-Based and Iridium-Based Electrocatalysts in Seawater and Alkaline Electrolyzers ance spectroscopy (EIS), in both seawater and potassium hydroxide (KOH) electrolytes. The Ir-based results are compared to non-precious metal alloy electrocatalysts such as NiFeP and high entropy alloy (HEA) electrocatalysts (NiCoMoFeP and NiCoMoMnP). The electrocatalysts are employed as bifunctional catalysts for both reaction and reaction . To assess long-term stability, chronoamperometry and cycling durability tests are employed, alongside measurements of surface morphology changes via post-op",0.3635271858410283,0.4928571428571429,0.0699202011303778,0.3803571428571428,0.0323849461964816,0.6732142857142858,0.1717790941649706,0.5178571428571429,0.109155413122655,0.7857142857142857,0.4728224867202967,0.6571428571428571,0.0469028174387158,0.3535714285714286,0.6487812811896724,0.9642857142857144,0.0809452679284457,0.3642857142857142,0.5765873015873015,5.0,27.4,8.639444426582072,27.0,59.8956804,20.79721300765068,64.966238,1.938,0.2312920232087566,0.6399999999999999,1.31,0.15937377450509227,0.44999999999999996,4.0,0.6324555320336759,2.0,9.4,3.1368774282716245,9.0,12.165936985121547,7.4,1.8547236990991407,13.381611358925285,0.0,0.0,0.4,0.6,0.8,0.4,0.6,0.4,0.0,0.0,0.6,0.2,0.6,0.4,0.0,0.8,0.6,0.18809558375387034,0.18,0.6,0.4878929608404468,208
2025,2026,2028,Al-Co-Fe-Ni-Pd-Y,HER,0,,2025,0,1,0,1,63,6,"Dealloying-driven nanospherical architecture in AlYNiPdCoFe high-entropy alloy ribbons: controllable synthesis and mechanistic insights into enhanced reaction Dealloying-driven nanospherical architecture in AlYNiPdCoFe high-entropy alloy ribbons: controllable synthesis and mechanistic insights into enhanced reaction Amorphous YNiPdCoFe HEA boosts reaction through synergistic effects, abundant active sites, fast mass/electron transport, and en",0.6264053635068966,0.7875,0.5400375119641653,0.7267857142857143,0.0089770331830122,0.3160714285714285,0.3009754351012088,0.7892857142857143,0.0986596579119462,0.7214285714285714,0.6035640470878157,0.6767857142857143,0.3340847260700936,0.8035714285714286,0.3593887417368096,0.1232142857142857,0.7864230069938614,0.8464285714285714,0.643452380952381,6.0,29.833333333333332,10.446955962809879,33.0,65.96316393333333,25.45367266996707,79.4384614,1.7750000000000001,0.3022554107593996,0.9800000000000002,1.425,0.17500000000000002,0.55,4.166666666666667,0.6871842709362768,2.0,8.833333333333334,3.023059524536176,10.0,12.280701754385964,7.166666666666667,3.0230595245361758,14.897517127344186,0.16666666666666666,0.16666666666666666,0.6666666666666666,0.5,0.5,0.3333333333333333,0.5,0.6666666666666666,0.16666666666666666,0.16666666666666666,0.3333333333333333,0.0,0.5,0.3333333333333333,0.16666666666666666,0.5,0.5,0.13842121246842026,0.21666666666666665,0.5,0.48441326850243094,209
2025,2026,2028,Cr-Cu-Ir-Ni-Pt,CO2RR,0,,2023,2,1,2,1,1,5,"Strain engineering of high-entropy alloy catalysts for electrocatalytic water splitting sts for electrocatalytic water splitting Developing active and cost-effective bifunctional electrocatalysts for overall water splitting is challenging but mandatory for renewable energy technologies. We report a high-entropy alloy (HEA) of PtIrCuNiCr as a bifunctional electrocatalyst for overall water splitting, which shows a low overpotential of ca. 190 mV at the current density of 10 mA cm −2 . Compared with pure metals, HEAs exhibit remarkable surface strain due to severe lattice di",0.0154138746516568,0.1339285714285714,0.030227383262486,0.2732142857142857,0.0017965214675209,0.1375,0.0643496111035955,0.1821428571428571,0.0111497926186299,0.0821428571428571,0.0368208318315987,0.2178571428571428,0.0218437419946953,0.2428571428571428,0.5030658015822405,0.6571428571428571,0.023866384397799,0.2214285714285714,0.2386904761904762,5.0,47.2,24.798387044322055,54.0,112.30729999999998,66.52382687927688,143.0879,1.9899999999999998,0.22432119828495925,0.6199999999999999,1.3599999999999999,0.019999999999999928,0.04999999999999982,4.8,0.9797958971132712,2.0,9.2,1.7204650534085253,5.0,1.4705882352941124,9.2,1.7204650534085253,13.381611358925285,0.4,0.4,0.8,0.6,0.4,0.6,0.4,0.6,0.2,0.4,0.4,0.2,0.6,0.2,0.4,0.4,0.6,0.7473869259064112,0.39999999999999997,0.6,0.48162679205763764,210
2025,2026,2028,Co-Fe-Mo-Ni-Zn,CO2RR,0,,2024,1,1,1,1,1,5,"MoZn-based high entropy alloy catalysts enabled dual activation and stabilization in alkaline reaction de-off performances. The adsorbed evolution mechanism (AEM) suffers from sluggish kinetics due to a linear scaling relationship, while the lattice oxygen mechanism (LOM) causes unstable structures due to lattice oxygen escape. We propose a MoZnFeCoNi high-entropy alloy (HEA) incorporating AEM-promoter Mo and LOM-active Zn to achieve dual activation and stabilization for efficient and durable reaction . Density functional theory and chemical probe experiments confirmed dual-mechanism activati",0.0154138746516568,0.1339285714285714,0.0273190395570639,0.2375,0.0137971177214097,0.4589285714285714,0.0231067132449615,0.0107142857142857,0.0032787207100807,0.0071428571428571,0.0308675110949365,0.0571428571428571,0.030867742416035,0.3035714285714285,0.437712231412447,0.3714285714285714,0.0510108887999892,0.3071428571428571,0.2097222222222222,5.0,30.6,5.851495535331118,16.0,66.964119,14.822654386021552,40.095,1.886,0.16402438843050146,0.5100000000000002,1.3800000000000001,0.03999999999999994,0.09999999999999987,4.2,0.39999999999999997,1.0,9.0,2.0,6.0,2.8985507246376763,9.0,2.0,13.381611358925285,0.0,0.0,0.6,0.8,0.8,0.4,0.6,0.6,0.0,0.0,0.4,0.2,0.6,0.0,0.0,0.8,0.8,0.6967771309972,0.12,0.6,0.48140813929916,211
2025,2026,2028,Cu-Ni-Pd-Pt,CO2RR,0,,2022,3,1,3,1,1,4,"Quinary, Senary, and Septenary High Entropy Alloy Nanoparticle Catalysts from Core@Shell Nanoparticles and the Significance of Intraparticle Heterogeneity and the Significance of Intraparticle Heterogeneity Colloidally prepared core@shell nanoparticles (NPs) were converted to monodisperse high entropy alloy (HEA) NPs by annealing, including quinary, senary, and septenary phases comprised of PdCuPtNi with Co, Ir, Rh, Fe, and/or Ru. Intraparticle heterogeneity, i.e., subdomains within individual NPs with different metal distributions, was observed for NPs containing Ir and Ru, with the phase stabilities of the HEAs studied by atomistic",0.0154138746516568,0.1339285714285714,0.0356402106126077,0.3160714285714285,0.0357557186579807,0.6982142857142857,0.1090624292659024,0.3321428571428571,0.0386261357913866,0.3107142857142857,0.0335865914936038,0.1535714285714285,0.0103250965290656,0.1392857142857143,0.321916781643865,0.0035714285714285,0.0144093801423118,0.1642857142857142,0.2501984126984127,4.0,45.25,20.216020874544032,50.0,105.93585,54.71831392383633,136.3906,2.0725,0.169908063375462,0.3799999999999999,1.3624999999999998,0.02165063509461089,0.04999999999999982,4.75,0.82915619758885,2.0,10.25,0.4330127018922193,1.0,1.5890374381365793,10.25,0.4330127018922193,11.526292643075523,0.5,0.5,1.0,0.5,0.25,0.75,0.25,1.0,0.5,0.5,0.25,0.0,0.5,0.5,0.5,0.25,0.5,0.7777769221582991,0.425,0.5,0.47842236236177543,212
2025,2026,2028,Al-Co-Fe-Mo-Ni,CO2RR,0,,2022,3,3,0,1,1,5,"Self-supported AlFeNiCoMo high-entropy alloy with micropillar array structure for efficient reaction reaction Enhancement of Bulk FeCoNiAlMo High-Entropy Alloy through Electrochemical Dealloying in ChCl-EG Deep Eutectic Solvent Electrochemical dealloying in ChCl-Urea Deep eutectic solvent: A strategy to fabricate porous FeCoNiAlMo high-entropy alloy with enhanced reaction activity Self-supported AlFeNiCoMo high-entropy alloy with micropillar array structure for efficient reaction The development of low-cost and efficient electrocatalysts for reaction ( reaction ) is crucial for the application of hydrogen energy. I reaction Enhancement of Bulk FeCoNiAlMo High-Entropy Alloy through Electrochemical Dealloying in ChCl-EG Deep Eutectic Solvent High-entropy alloys (HEAs), which represent a new type of multielement alloys, have received growing research as potential electrocatalytic oxygen evolu Electrochemical dealloying in ChCl-Urea Deep eutectic solvent: A strategy to fabricate porous FeCoNiAlMo high-entropy alloy with enhanced reaction activity High-entropy alloys (HEAs), as a new type of multi-element alloy, have become widely studied electrocatalytic materials in recent years due to their excellent catalytic pe",0.0351698496501777,0.3392857142857143,0.0643583550696817,0.3678571428571429,0.0047254291677519,0.2357142857142857,0.0229639712526283,0.0071428571428571,0.014178052525565,0.125,0.0324083646981442,0.1285714285714285,0.076548172751288,0.4357142857142857,0.4735377633252763,0.5428571428571428,0.1503477394052475,0.4607142857142857,0.2936507936507936,5.0,27.2,9.195651146058118,29.0,59.27862672,21.906208241710043,68.9584614,1.8780000000000001,0.17588632692736522,0.55,1.36,0.06633249580710797,0.19999999999999996,4.0,0.6324555320336759,2.0,9.2,2.315167380558045,7.0,4.877389397581468,7.2,2.4819347291981715,13.381611358925285,0.0,0.0,0.6,0.6,0.8,0.4,0.6,0.6,0.0,0.0,0.4,0.2,0.6,0.0,0.0,0.8,0.6,0.5598492603080489,0.12,0.6,0.47809763523527177,213
2025,2026,2028,C-Co-Cu-Fe-Mn-N-Ni,HER,0,,2025,0,1,0,1,63,7,"Highly Active and Stable MXene-Supported High-Entropy Alloy Catalysts for the reaction ost-effectiveness and improved stability of nonprecious materials. However, its efficiency is restricted by the sluggish kinetics of the reaction ( reaction ). Herein, we report a catalyst derived from a high-entropy alloy (HEA), CuFeMnCoNi-NC/MXene, which exhibits remarkable reaction activity and durability. The catalyst achieves an overpotential of 267 mV at 10 mA cm –2 and a Tafel slope of 50.9 mV dec –1 . It also exhibits low charge-transfer resistance ( R ct = 3.4 Ω) and a large",0.6264053635068966,0.7875,0.5235648024319747,0.7035714285714286,0.0104494996025267,0.3785714285714285,0.2585311351757095,0.7285714285714285,0.0914625594970777,0.6857142857142857,0.6483377714823679,0.8571428571428571,0.0869781885834579,0.4571428571428571,0.4584876896417051,0.4642857142857143,0.1850243130949263,0.4821428571428571,0.6160714285714285,7.0,21.142857142857142,9.341590128155323,23.0,45.42472,20.666024068923402,51.5353,2.0942857142857143,0.47596089703903627,1.49,1.1714285714285713,0.3149343955006943,0.7499999999999999,3.4285714285714284,0.9035079029052513,2.0,10.571428571428571,2.770102775666474,8.0,26.884643518351954,7.714285714285714,2.3733211036908783,16.17919719230721,0.0,0.0,0.5714285714285714,0.7142857142857143,0.5714285714285714,0.14285714285714285,0.5714285714285714,0.5714285714285714,0.14285714285714285,0.0,0.42857142857142855,0.0,0.7142857142857143,0.14285714285714285,0.0,0.5714285714285714,0.7142857142857143,0.01682737207267461,0.12857142857142856,0.7142857142857143,0.47656606876465946,214
2025,2026,2028,Co-Cu-Mn-Mo-Ni,CO2RR,0,,2025,0,2,0,2,1,5,"High-Entropy alloy NiCoCuMnMo/NF: Synthesis and performance for reaction in full pH range and alkaline seawater Boron-Doped NiCoCuMoMn High-Entropy Alloys for Enhanced Electrocatalytic Water Splitting: An Experimental and Computational Study Boron-Doped NiCoCuMoMn High-Entropy Alloys for Enhanced Electrocatalytic Water Splitting: An Experimental and Computational Study High Resolution Image Download MS PowerPoint Slide High-entropy alloys offer a versatile platform for electrocatalysis, yet their op",0.0247677549561598,0.2946428571428571,0.0073189110531499,0.0696428571428571,0.0020014668885568,0.1607142857142857,0.0352203645400893,0.0357142857142857,0.0055144547686256,0.025,0.0561878119357578,0.2678571428571428,0.0027711023566038,0.025,0.4628844099244895,0.5035714285714286,0.0023724082813258,0.025,0.1563492063492063,5.0,30.2,6.046486583132389,17.0,66.410128,15.015176828849736,41.001954999999995,1.8800000000000001,0.19421637418096346,0.6100000000000001,1.3800000000000001,0.03999999999999994,0.09999999999999987,4.2,0.39999999999999997,1.0,8.6,1.8547236990991407,5.0,2.8985507246376763,8.6,1.8547236990991407,13.381611358925285,0.0,0.0,0.6,0.8,0.8,0.4,0.6,0.6,0.2,0.0,0.6,0.2,0.8,0.2,0.0,0.8,0.8,0.6756427409718766,0.18,0.8,0.47504996514870584,215
2025,2026,2028,Au-Pd-Pt-Rh-Ru,ORR,0,,2023,2,1,2,1,29,5,Quinary RuRhPdPtAu high-entropy alloy as an efficient electrocatalyst for the reaction Quinary RuRhPdPtAu high-entropy alloy as an efficient electrocatalyst for the reaction Quinary RuRhPdPtAu high-entropy alloy nanoparticles (HEA-NPs) were prepared for the first time from a deep eutectic solvent by an electrochemical method,0.3635271858410283,0.4928571428571429,0.3403109277072668,0.5982142857142857,0.0078494709577187,0.2875,0.169054139150008,0.5071428571428571,0.0574940496530833,0.4428571428571428,0.2984267654295869,0.4535714285714285,0.1307643985484381,0.5321428571428571,0.3785878008101043,0.1857142857142857,0.2650415442069719,0.5571428571428572,0.4507936507936507,5.0,58.4,16.426807358704856,35.0,140.48921380000002,45.381502000641646,95.896569,2.3,0.1252198067399882,0.33999999999999986,1.3499999999999999,0.03162277660168375,0.09999999999999987,5.4,0.48989794855663565,1.0,9.6,1.0198039027185568,3.0,2.342427896421019,9.6,1.0198039027185568,13.381611358925285,1.0,0.8,1.0,0.0,0.0,0.8,0.2,0.6,0.4,0.8,0.0,0.0,0.0,0.6,1.0,0.0,0.0,0.760088322014642,0.5599999999999999,0.0,0.47488363946153545,216
2025,2026,2028,Co-Cr-Fe-Ni-W,CO2RR,0,,2025,0,1,0,1,1,5,"High-entropy alloy enables multi-path electron synergism and lattice oxygen activation for enhanced reaction activity c multi-path electron transfer. Specifically, the oxidation of nickel is enhanced by this electron transfer, aided by the integration of weaker Co-O bonds, enabling effective LOM at the Ni-Co dual-site. These insights allow the design of a NiFeCoCrW0.2 HEA that exhibits improved activity, achieving an overpotential of 220 mV at a current density of 10 mA cm−2. It also demonstrates good stability, maintaining the potential with less than 5% variation over 90 days at 100 mA cm−2 current de",0.0154138746516568,0.1339285714285714,0.0246834012891072,0.1892857142857142,0.0010947473740016,0.0535714285714285,0.0217169189715506,0.0035714285714285,0.0110262328795994,0.0785714285714285,0.0316086234099675,0.0892857142857142,0.0302491592958928,0.2964285714285714,0.3540212928924436,0.0892857142857142,0.0538793551471074,0.3142857142857143,0.1386904761904761,5.0,35.8,19.145756710038913,50.0,81.861539,51.050725517734655,131.84390000000002,1.9280000000000002,0.23267144216684604,0.7,1.3699999999999999,0.024494897427831695,0.04999999999999982,4.4,0.7999999999999999,2.0,7.8,1.6,4.0,1.787948717359978,7.8,1.6,13.381611358925285,0.0,0.0,0.6,0.8,1.0,0.4,0.6,0.6,0.0,0.0,0.8,0.4,0.8,0.0,0.0,1.0,0.8,0.7209133238548092,0.24,0.8,0.474684711442157,217
2025,2026,2028,Co-Mo-Ni-Pd-Pt,CO2RR,0,,2022,3,1,3,3,1,5,"Microscale Combinatorial Libraries for the Discovery of High‐Entropy Materials provides electrocatalytic activity maps for reaction and reaction as well as reaction reactions. Activity optima in the system Ru-Rh-Pd-Ir-Pt are identified, and active noble-metal lean compositions in the system Co-Ni-Mo-Pd-Pt are discovered. This illustrates that the proposed microlibraries are a holistic discovery platform to master the multidimensionality challenge of polyelemental systems.",0.0154138746516568,0.1339285714285714,0.0011130554382001,0.0071428571428571,0.0092310244237863,0.325,0.1639630261839397,0.4928571428571429,0.0760927652305574,0.5928571428571429,0.1095715192293371,0.375,0.002599228305089,0.0214285714285714,0.5648777618304905,0.8321428571428572,0.002188139533866,0.0214285714285714,0.3113095238095238,5.0,44.2,18.48675201326615,51.0,103.01411900000001,49.89180326614226,136.3906,2.086,0.1609471963098457,0.3999999999999999,1.3800000000000001,0.03999999999999994,0.09999999999999987,4.8,0.7483314773547882,2.0,9.0,1.5491933384829668,4.0,2.8985507246376763,9.0,1.5491933384829668,13.381611358925285,0.4,0.4,0.8,0.4,0.6,0.8,0.4,0.8,0.2,0.4,0.4,0.2,0.4,0.2,0.4,0.6,0.4,0.6989311654816591,0.39999999999999997,0.4,0.46976863535878344,218
2025,2026,2028,Ag-Au-Cu-Ir-Pd-Pt-Rh,OER,0,,2025,0,1,0,1,63,7,"A Radical-Assisted Approach to High-Entropy Alloy Nanoparticle Electrocatalysts under Ambient Conditions ient conditions. These isopropanol radicals verified by electron paramagnetic resonance spectroscopy impose very large overpotentials to reduce diverse metal ions into HEA nanoparticles with five to seven different elements. Specially, the PtPdIrRhAuAgCu HEA nanoparticles on a reduced electrochemical graphene oxide (rEGO) support (PtPdIrRhAuAgCu-rEGO) demonstrate superior activity for the reaction ( reaction ) across the entire pH range, with very small overpotentials of 11, 30",0.6264053635068966,0.7875,0.5261933016047239,0.7125,0.0459667518832764,0.7875,0.1489703588120963,0.4321428571428571,0.0308995349946272,0.2607142857142857,0.6412565197500167,0.8357142857142857,0.0537030588585671,0.3785714285714285,0.4598359259401464,0.4857142857142857,0.0803399259713841,0.3571428571428571,0.5597222222222222,7.0,57.285714285714285,18.797524804492486,50.0,137.85818128571427,51.207177837107,133.420569,2.19,0.20375054776438203,0.6400000000000001,1.3928571428571428,0.08630747123996123,0.25,5.285714285714286,0.6998542122237652,2.0,10.142857142857142,0.8329931278350429,2.0,6.196433832612602,10.142857142857142,0.8329931278350429,16.17919719230721,0.8571428571428571,0.5714285714285714,1.0,0.14285714285714285,0.0,0.5714285714285714,0.14285714285714285,0.7142857142857143,0.5714285714285714,0.5714285714285714,0.0,0.0,0.14285714285714285,0.14285714285714285,0.8571428571428571,0.0,0.14285714285714285,0.45460641744511343,0.39999999999999997,0.14285714285714285,0.46968549666210546,219
2025,2026,2028,Co-Cu-Mo-Ni-Pd,CO2RR,0,,2022,3,1,3,1,1,5,A hollow PdCuMoNiCo high-entropy alloy as an efficient bi-functional electrocatalyst for reaction and formic acid oxidation A hollow PdCuMoNiCo high-entropy alloy as an efficient bi-functional electrocatalyst for reaction and formic acid oxidation A hollow PdCuMoNiCo high-entropy alloy on carbon hybrid was developed as a high-performance bi-functional electrocatalyst for t,0.0154138746516568,0.1339285714285714,0.0334347021170517,0.3017857142857142,0.0017156983240673,0.1035714285714285,0.0732892960274378,0.2142857142857142,0.0226619876586685,0.2035714285714285,0.0347070276300095,0.1892857142857142,0.0335546259627682,0.3107142857142857,0.347372366552128,0.0678571428571428,0.0452458291670923,0.2821428571428571,0.2007936507936507,5.0,34.4,7.964923100695951,19.0,76.706519,20.32919332871435,47.726600000000005,2.0100000000000002,0.13971399357258396,0.3200000000000003,1.3800000000000001,0.03999999999999994,0.09999999999999987,4.4,0.4898979485566356,1.0,9.2,1.7204650534085253,5.0,2.8985507246376763,9.2,1.7204650534085253,13.381611358925285,0.2,0.2,0.8,0.6,0.6,0.6,0.4,0.8,0.4,0.2,0.4,0.2,0.6,0.4,0.2,0.6,0.6,0.7137944073977422,0.26,0.6,0.4684954650764655,220
2025,2026,2028,Co-Ir-Mn-Ni-Zn,CO2RR,0,,2023,2,1,2,2,1,5,"Tailored Electronic Structure of Ir in High Entropy Alloy for Highly Active and Durable Bifunctional Electrocatalyst for Water Splitting under an Acidic Environment Ir site, resulting in the d‐band center being far away from the Fermi level. Downshifting of the d‐band center weakens the adsorption energy with reaction intermediates, which is beneficial for catalytic reactions. Despite low Ir content, ZnNiCoIrMn delivers only 50 mV overpotential for reaction at −50 mA cm −2 and 237 mV overpotential for the reaction at 10 mA cm −2 . Furthermore, ZnNiCoIrMn shows almost constant voltage for the reaction and reaction for 100 h and a high stability number of 3.4 × 10 5 n",0.0154138746516568,0.1339285714285714,0.0055632031785596,0.0571428571428571,0.001985783613778,0.1535714285714285,0.085972971953823,0.2571428571428571,0.0464008864912223,0.375,0.0516754797613254,0.2571428571428571,0.0028676498975864,0.0285714285714285,0.4527416055162666,0.4321428571428571,0.0035692977845904,0.0392857142857142,0.1926587301587301,5.0,37.4,19.865548066942427,52.0,86.038128,53.196128592536,137.278955,1.8379999999999999,0.2263978798487301,0.6500000000000001,1.3599999999999999,0.019999999999999928,0.04999999999999982,4.4,0.7999999999999999,2.0,9.4,1.624807680927192,5.0,1.4705882352941124,9.4,1.624807680927192,13.381611358925285,0.2,0.2,0.6,0.8,0.6,0.4,0.8,0.4,0.0,0.2,0.6,0.0,0.6,0.0,0.2,0.6,0.8,0.7459332488117716,0.31999999999999995,0.6,0.46847640321496004,221
2025,2026,2028,Co-Fe-Ni-Pt-Ru-Zn,CO2RR,0,,2024,1,1,1,2,1,6,"Stimulating Electron Delocalization of Lanthanide Elements through High-Entropy Confinement to Promote Electrocatalytic Water Splitting the delocalization of 4f electrons can be achieved through the interaction between the multimetal active site and RE, which benefits to regulate the adsorption strength of the HEA surface. Herein, the RE Ce-modified hexagonal-close-packed PtRuFeCoNiZn-Ce/C HEAs are synthesized and showed an excellent electrocatalytic activity for reaction and reaction with ultralow overpotentials of 4, 7 and 156, 132 mV, respectively, to reach 10 mA cm –2 in 0.5 M H 2",0.0154138746516568,0.1339285714285714,0.0046960523482392,0.0410714285714285,0.0039664547819069,0.2160714285714285,0.0721424408747389,0.2107142857142857,0.0244810869329868,0.2357142857142857,0.0612804269498261,0.2928571428571428,0.0063400628669757,0.0857142857142857,0.6422498360190261,0.9464285714285714,0.0085869978423628,0.0928571428571428,0.2505952380952381,6.0,38.833333333333336,18.533003594188994,52.0,89.1724325,49.795604944388565,139.239,1.9583333333333337,0.21674998398051973,0.6299999999999999,1.3499999999999999,0.028867513459481253,0.09999999999999987,4.5,0.7637626158259734,2.0,9.5,1.3844373104863459,4.0,2.138334330331945,9.5,1.3844373104863459,14.897517127344186,0.3333333333333333,0.3333333333333333,0.8333333333333334,0.6666666666666666,0.5,0.5,0.6666666666666666,0.6666666666666666,0.0,0.3333333333333333,0.3333333333333333,0.0,0.5,0.0,0.3333333333333333,0.5,0.6666666666666666,0.7092832797420598,0.3333333333333333,0.5,0.4672195077321418,222
2025,2026,2028,Co-Cu-Fe-Mn-Mo-Ni-Pd-Pt,CO2RR,0,,2024,1,1,1,2,1,8,"Design of Experiment Is All You Need: Utilizing AI for High-Entropy Alloy Water Splitting Catalyst nt is reduced from 32 to 16. Among these combinations, ABCE was found to be optimal synthesis condition (fig.1b). Afterward, we searched the optimal composition of HEAs, starting with grid searching the six-dimensional compositional field. MnFeCoNiCuMoPdPt - octonary alloy was the targeted alloy where the compositions of noble metal were fixed. Binomial distribution design was used to make the distance between neighboring points in 6-dimension compositional space equal (fig. 1c-d). 8C3 = 56",0.0154138746516568,0.1339285714285714,0.0041163848597426,0.0214285714285714,0.0077502851795205,0.2714285714285714,0.0755323717592819,0.2357142857142857,0.0331634761076262,0.275,0.0576579318281057,0.2821428571428571,0.0056773517703027,0.0785714285714285,0.4737016629767056,0.5535714285714286,0.009117368061353,0.1035714285714285,0.2172619047619047,8.0,37.625,16.933232857313456,53.0,86.17495500000001,45.09915147188727,140.14595500000001,1.96375,0.2228753855857573,0.7299999999999998,1.38125,0.03479852726768757,0.09999999999999987,4.5,0.7071067811865476,2.0,8.875,1.6153559979150107,5.0,2.5193503904208194,8.875,1.6153559979150107,17.289438964613282,0.25,0.25,0.75,0.625,0.625,0.5,0.5,0.75,0.25,0.25,0.375,0.125,0.625,0.25,0.25,0.625,0.625,0.6802294547126166,0.2875,0.625,0.46683669355664215,223
2025,2026,2028,Co-Cu-Fe-Ir-Mo-Ni-Pd,CO2RR,0,,2024,1,1,1,1,1,7,"IrPdCuFeNiCoMo Based Core‐Shell Icosahedron Nanocrystals and Nanocages for Efficient and Robust Acidic reaction IrPdCuFeNiCoMo Based Core‐Shell Icosahedron Nanocrystals and Nanocages for Efficient and Robust Acidic reaction Abstract Facets engineering of high entropy alloy (HEA) nanocrystals might be achieved via shape‐controlled synthesis, which is promis",0.0154138746516568,0.1339285714285714,0.0240142307550537,0.1589285714285714,0.010942430645392,0.3982142857142857,0.0348275928344235,0.0321428571428571,0.0093493909244166,0.0607142857142857,0.0304559468215951,0.0428571428571428,0.0578536488376372,0.3964285714285714,0.3782426858581472,0.1678571428571428,0.134549305890727,0.4392857142857143,0.2033730158730158,7.0,39.285714285714285,17.05214092728774,51.0,90.22779928571427,45.61403223768823,136.372,2.011428571428571,0.1540341865049604,0.3700000000000001,1.3785714285714286,0.03642156795423411,0.09999999999999987,4.571428571428571,0.7284313590846835,2.0,9.0,1.5118578920369088,5.0,2.64197902258693,9.0,1.5118578920369088,16.17919719230721,0.2857142857142857,0.2857142857142857,0.8571428571428571,0.5714285714285714,0.5714285714285714,0.5714285714285714,0.5714285714285714,0.7142857142857143,0.2857142857142857,0.2857142857142857,0.2857142857142857,0.14285714285714285,0.5714285714285714,0.2857142857142857,0.2857142857142857,0.5714285714285714,0.5714285714285714,0.7204474329783773,0.2857142857142857,0.5714285714285714,0.46479494417922745,224
2025,2026,2028,Co-Cu-Mg-Ni-Zn,CO2RR,0,,2021,4,1,4,1,1,5,CoNiCuMgZn high entropy alloy nanoparticles embedded onto graphene sheets via anchoring and alloying strategy as efficient electrocatalysts for reaction,0.0154138746516568,0.1339285714285714,0.0369693645734339,0.3232142857142857,0.0017156983240673,0.1035714285714285,0.0635611105073851,0.1714285714285714,0.0201301635677049,0.1785714285714285,0.0325628091054629,0.1428571428571428,0.0373424074759494,0.3214285714285714,0.4958237726457986,0.6285714285714286,0.0489230120415023,0.3,0.2559523809523809,5.0,25.2,6.675327707311455,18.0,54.177319,15.161079304120932,41.104000000000006,1.73,0.23091123835794564,0.5999999999999999,1.3800000000000001,0.05999999999999996,0.1499999999999999,3.8,0.39999999999999997,1.0,8.8,3.54400902933387,10.0,4.347826086956519,8.8,3.54400902933387,13.381611358925285,0.0,0.0,0.6,0.8,0.4,0.2,0.4,0.6,0.2,0.0,0.4,0.0,0.6,0.2,0.0,0.4,0.8,0.5557534374972644,0.12,0.6,0.45990460267775074,225
2025,2026,2028,Ir-Mo-Pd-Sn-Zn,ORR,0,,2025,0,1,0,1,29,5,Exploring the electrocatalytic performance of PdIrSnZnMo high entropy alloy (HEA) towards the reaction in an acidic medium: a theoretically supported approach Exploring the electrocatalytic performance of PdIrSnZnMo high entropy alloy (HEA) towards the reaction in an acidic medium: a theoretically supported approach The present study highlights the reaction electrocatalytic performance of PdIrSnZnMo HEA with the delivery of a low overpot,0.3635271858410283,0.4928571428571429,0.2952071380385401,0.5232142857142857,0.009961666763347,0.3517857142857143,0.1869507824225333,0.5678571428571428,0.043843020313464,0.35,0.3040166948634803,0.4928571428571429,0.0526488057379536,0.3714285714285714,0.4225404864458332,0.2928571428571428,0.0886400912216384,0.375,0.4242063492063492,5.0,49.0,15.517731793016658,47.0,115.73920000000001,42.11808254609889,126.808,2.034,0.2116223050625809,0.5500000000000003,1.4,0.04472135954999574,0.09999999999999987,5.0,0.6324555320336759,2.0,10.2,2.7129319932501073,8.0,3.194382824999696,8.2,2.85657137141714,13.381611358925285,0.4,0.4,0.4,0.2,0.2,0.6,0.2,0.2,0.4,0.4,0.0,0.2,0.0,0.2,0.4,0.2,0.2,0.644229502831213,0.27999999999999997,0.0,0.45616170799222105,226
2025,2026,2028,Cu-Mn-Mo-Ni-Pt,CO2RR,0,,2024,1,1,1,1,1,5,A dual-phase PtNiCuMnMo high-entropy alloy as high-performance electrocatalyst for reaction,0.0154138746516568,0.1339285714285714,0.0273190395570639,0.2375,0.0137971177214097,0.4589285714285714,0.0512623883693472,0.1107142857142857,0.0075789026807091,0.0392857142857142,0.0319258023445105,0.1035714285714285,0.0305620826290333,0.3,0.415990781101264,0.275,0.0543653726854697,0.3178571428571428,0.2196428571428571,5.0,40.4,19.68349562450735,53.0,93.640289,52.76538665444312,140.14595500000001,1.9600000000000002,0.2516346558008256,0.7299999999999998,1.3800000000000001,0.03999999999999994,0.09999999999999987,4.6,0.8,2.0,8.8,1.9390719429665317,5.0,2.8985507246376763,8.8,1.9390719429665317,13.381611358925285,0.2,0.2,0.6,0.6,0.6,0.6,0.4,0.6,0.2,0.2,0.4,0.2,0.6,0.2,0.2,0.6,0.6,0.6354499438379732,0.26,0.6,0.4534742688656776,227
2025,2026,2028,Co-Cu-Fe-Mn-N-Ni,ORR,0,,2021,4,1,4,1,29,6,High entropy alloy nitrides with integrated nanowire/nanosheet architecture for efficient alkaline reaction reactions High entropy alloy nitrides with integrated nanowire/nanosheet architecture for efficient alkaline reaction reactions We report the in situ synthesis of FeCoNiCuMnN high entropy alloy nitrides with unique integrated nanowire/nanosheet architecture on carbon cloth by hydrothermal reaction and subsequent calcination.,0.3635271858410283,0.4928571428571429,0.3729093479187431,0.6285714285714286,0.1301057804887127,0.9642857142857144,0.1123857119975151,0.3428571428571428,0.0663022903337436,0.5321428571428571,0.2938345166649138,0.4321428571428571,0.1131493772018991,0.5107142857142857,0.4236875647436395,0.3035714285714285,0.1986057214741094,0.5,0.523015873015873,6.0,23.666666666666668,7.564537145273478,22.0,50.99372333333334,16.768086426307878,49.5393,2.018333333333333,0.47319540243845243,1.49,1.25,0.2692582403567252,0.7499999999999999,3.6666666666666665,0.7453559924999299,2.0,10.0,2.581988897471611,8.0,21.540659228538015,8.333333333333334,1.9720265943665387,14.897517127344186,0.0,0.0,0.6666666666666666,0.8333333333333334,0.6666666666666666,0.16666666666666666,0.6666666666666666,0.6666666666666666,0.16666666666666666,0.0,0.5,0.0,0.8333333333333334,0.6666666666666666,0.0,0.6666666666666666,0.8333333333333334,0.0187632182930833,0.15,0.8333333333333334,0.45098610834506786,228
2025,2026,2028,Co-Ni-Pd-Pt-Ru,CO2RR,0,,2024,1,1,1,2,1,5,"Size‐Adjustable High‐Entropy Alloy Nanoparticles as an Efficient Platform for Electrocatalysis ses, such as the reaction ( reaction ), reaction ( reaction ), CO 2 electroreduction (CO 2 RR) and NO 3 − electroreduction (NO 3 RR). Under the guidance of theoretical calculations, we synthesize a range of ultrasmall PtRuPdCoNi HEA nanoparticles with adjustable sizes (1.7, 2.3, 3.0, and 3.9 nm) using a one‐step spatially confined approach, without any further treatment. Experimentally, the smaller size of HEAs is more favorable for the reaction and reaction performances, a",0.0154138746516568,0.1339285714285714,0.0050156630825412,0.05,0.0048074163809582,0.2428571428571428,0.1121318841619287,0.3392857142857143,0.0565717093244089,0.4357142857142857,0.0616213252287525,0.3,0.0076160211284117,0.1071428571428571,0.5255206473573465,0.7321428571428571,0.0112016428474629,0.1357142857142857,0.2751984126984126,5.0,44.6,18.456435192094922,51.0,104.040119,49.78841878348261,136.3906,2.094,0.16536021286875516,0.3999999999999999,1.3499999999999999,0.03162277660168375,0.09999999999999987,4.8,0.7483314773547882,2.0,9.4,0.8,2.0,2.342427896421019,9.4,0.8,13.381611358925285,0.6,0.6,1.0,0.4,0.4,0.8,0.6,0.8,0.2,0.6,0.4,0.0,0.4,0.2,0.6,0.4,0.4,0.7319900377245052,0.54,0.4,0.44943629703163723,229
2025,2026,2028,Co-Cu-In-Mo-Ni,CO2RR,0,,2025,0,1,0,1,1,5,"High-Entropy Alloy Electron-Penetrated Nitrogen-Doped Carbon Interface Breaking Activity–Stability Trade-off in Acidic reaction to H2O2 n activity–stability trade-off. Herein, we propose to construct a high-entropy alloy electron-penetrated and stable nitrogen-doped carbon interface for acidic electrosynthesis of H 2 O 2 . As a proof of concept, a typical catalyst with the MoNiCuCoIn high-entropy alloy encapsulated in few-layer nitrogen-doped carbon (MoNiCuCoIn@CN) is developed. The experimental results and theoretical calculations confirm that the MoNiCuCoIn core activates the outer carbon layer via interfacial electr",0.0154138746516568,0.1339285714285714,0.0246834012891072,0.1892857142857142,0.0010947473740016,0.0535714285714285,0.0987649307821931,0.2964285714285714,0.0399915374670241,0.3142857142857143,0.0383190948391953,0.2357142857142857,0.0135724144388625,0.1892857142857142,0.4827618775922759,0.5714285714285714,0.0131804318044974,0.1464285714285714,0.2367063492063491,5.0,35.0,8.87693640846886,22.0,78.386119,22.89921071590556,56.1246,1.9259999999999997,0.12579348154813114,0.3800000000000001,1.4100000000000001,0.07999999999999996,0.19999999999999996,4.4,0.48989794855663565,1.0,9.8,2.315167380558045,7.0,5.673758865248224,7.8,2.925747767665559,13.381611358925285,0.0,0.0,0.6,0.6,0.6,0.4,0.4,0.6,0.4,0.0,0.4,0.2,0.6,0.4,0.0,0.6,0.6,0.5431502366751737,0.12,0.6,0.44746292814540917,230
2025,2026,2028,Al-Co-Mo-Ni-Ru,CO2RR,0,,2020,5,1,5,3,1,5,"Rugged High-Entropy Alloy Nanowires with in Situ Formed Surface Spinel Oxide As Highly Stable Electrocatalyst in Zn–Air Batteries ically and chemically stable HEAs can not only significantly reduce the noble-metal contents but also effectively enhance the flexibility in their electronic structures suitable for broad catalytic functionalities. Specifically, our etched Al–Ni–Co–Ru–Mo nanowires exhibit a similarly high electrocatalytic activity as commercial Pt/C for reaction . Its reaction activity is much higher than the commercial RuO 2 and among the highest ever-reported Ru-based reaction catalysts. Its reaction catalytic activity is ev",0.0154138746516568,0.1339285714285714,0.0013704907275202,0.0142857142857142,0.017074661306852,0.4892857142857142,0.1543583049556171,0.4428571428571428,0.1062401241507033,0.7785714285714286,0.0984106361453618,0.3607142857142857,0.0015318079146624,0.0071428571428571,0.5638127837059286,0.8285714285714286,0.0008514725577326,0.0071428571428571,0.3402777777777778,5.0,30.8,11.303096920755834,31.0,68.32362672,27.294976683711692,74.0884614,1.9520000000000004,0.21385976713725285,0.5900000000000001,1.34,0.06633249580710798,0.19999999999999996,4.2,0.7483314773547882,2.0,9.2,2.315167380558045,7.0,4.950186254261789,7.2,2.4819347291981715,13.381611358925285,0.2,0.2,0.6,0.4,0.6,0.6,0.6,0.4,0.0,0.2,0.4,0.2,0.4,0.0,0.2,0.6,0.4,0.5285360564769067,0.26,0.4,0.445685816943072,231
2025,2026,2028,Co-Fe-Ir-Pd-Pt,CO2RR,0,,2020,5,1,5,1,1,5,"Synthesis of high-entropy alloy nanoparticles on supports by the fast moving bed pyrolysis ry (MnCoNiCuRhPdSnIrPtAu) HEA-NPs at 923 K. Fast moving bed pyrolysis strategy ensures the mixed metal precursors rapidly and simultaneously pyrolyzed at high temperatures, resulting in nuclei with a small size. The representative quinary (FeCoPdIrPt) HEA-NPs exhibit high stability (150 h) toward reaction with high mass activity, which is 26 times higher than the commercial Pt/C at an overpotential of 100 mV. Our strategy provides an improved methodology for synthesizi",0.0154138746516568,0.1339285714285714,0.040861908399583,0.3464285714285714,0.0107592747158856,0.3928571428571428,0.0557238836731521,0.1285714285714285,0.0197347249562587,0.175,0.03020300547742,0.0392857142857142,0.0325227068054839,0.3071428571428571,0.3889178318466715,0.2214285714285714,0.0551519843054924,0.3214285714285714,0.2295634920634921,5.0,50.8,22.938177782901587,52.0,121.69983900000003,61.42945544244784,139.239,2.078,0.1850837648201484,0.44999999999999973,1.3699999999999999,0.024494897427831695,0.04999999999999982,5.0,0.8944271909999159,2.0,9.2,0.7483314773547883,2.0,1.787948717359978,9.2,0.7483314773547883,13.381611358925285,0.6,0.6,1.0,0.4,0.4,0.6,0.6,0.8,0.2,0.6,0.2,0.0,0.4,0.2,0.6,0.4,0.4,0.7542246979974976,0.48,0.4,0.4415709808278207,232
2025,2026,2028,Au-Co-Cu-Fe-Ni-Pd-Pt,CO2RR,0,,2025,0,1,0,1,1,7,FeCoNiCuAuPtPd High-Entropy Alloy Nanoclusters for Superior reaction Electrocatalysis,0.0154138746516568,0.1339285714285714,0.021690318141189,0.1267857142857142,0.0010947473740016,0.0535714285714285,0.1017430338953754,0.3035714285714285,0.0271436666679085,0.25,0.0326777866196923,0.15,0.0110218644500037,0.1464285714285714,0.3358499913692574,0.0357142857142857,0.0142730293172021,0.1607142857142857,0.1511904761904762,7.0,44.714285714285715,22.282050980965987,53.0,105.0697377142857,59.732808756588504,141.121569,2.0771428571428574,0.24777376119091765,0.71,1.3642857142857143,0.0225876975726312,0.04999999999999982,4.714285714285714,0.880630571852711,2.0,9.857142857142858,0.989743318610787,3.0,1.6556427540148522,9.857142857142858,0.989743318610787,16.17919719230721,0.42857142857142855,0.2857142857142857,1.0,0.5714285714285714,0.42857142857142855,0.42857142857142855,0.42857142857142855,1.0,0.42857142857142855,0.2857142857142857,0.2857142857142857,0.0,0.5714285714285714,0.42857142857142855,0.42857142857142855,0.42857142857142855,0.5714285714285714,0.7189415881553922,0.2857142857142857,0.5714285714285714,0.4408610478751891,233
2025,2026,2028,Ce-Co-Fe-Ni-Pt-Ru-Zn,ORR,0,,2024,1,1,1,2,29,7,"Stimulating Electron Delocalization of Lanthanide Elements through High-Entropy Confinement to Promote Electrocatalytic Water Splitting the delocalization of 4f electrons can be achieved through the interaction between the multimetal active site and RE, which benefits to regulate the adsorption strength of the HEA surface. Herein, the RE Ce-modified hexagonal-close-packed PtRuFeCoNiZn-Ce/C HEAs are synthesized and showed an excellent electrocatalytic activity for reaction and reaction with ultralow overpotentials of 4, 7 and 156, 132 mV, respectively, to reach 10 mA cm –2 in 0.5 M H 2 SO",0.3635271858410283,0.4928571428571429,0.0681102972887857,0.375,0.0107009899098466,0.3892857142857143,0.2861343083348697,0.7714285714285715,0.217994219621579,0.975,0.463698396693195,0.6464285714285715,0.0775812772640264,0.4464285714285714,0.6419854339810814,0.9357142857142856,0.135490221755842,0.4428571428571428,0.6083333333333334,7.0,41.57142857142857,18.422479613288782,52.0,96.45008499999999,49.428319122482016,139.239,1.8385714285714285,0.35542443727499223,1.1599999999999997,1.4214285714285713,0.1769930241909124,0.55,4.714285714285714,0.880630571852711,2.0,8.571428571428571,2.610809554642438,9.0,12.451770546094341,8.571428571428571,2.610809554642438,16.17919719230721,0.2857142857142857,0.2857142857142857,0.7142857142857143,0.5714285714285714,0.42857142857142855,0.42857142857142855,0.5714285714285714,0.5714285714285714,0.0,0.2857142857142857,0.2857142857142857,0.0,0.42857142857142855,0.5714285714285714,0.2857142857142857,0.42857142857142855,0.5714285714285714,0.10120289390750543,0.2857142857142857,0.42857142857142855,0.4398251538865374,234
2025,2026,2028,Ag-Au-Pd-Pt-Ru,OER,0,,2023,2,1,2,1,63,5,"Chelating Co-reduction Strategy for the Synthesis of High-Entropy Alloy Aerogels alicylic acid, and 4,4′-bipyridine) with a certain strong coordination capacity can adjust the reduction potential of different metal components, which is the key to synthesize single-phase solid solution alloys successfully. The optimized AgRuPdAuPt HEAA can be an excellent electrocatalyst for reaction ( reaction ) with an ultrasmall overpotential of 22 mV at 10 mA cm –2 and excellent stability for 24 h in an alkaline solution. In situ Raman spectroscopy unveils the enhanc",0.6264053635068966,0.7875,0.6095726194348902,0.8857142857142857,0.0216764163964244,0.575,0.1673275181586863,0.5,0.0432227717181442,0.3392857142857143,0.6263549343237331,0.7571428571428571,0.1219942910094484,0.5285714285714286,0.4483522750167923,0.425,0.2901670676459539,0.5785714285714286,0.5974206349206349,5.0,58.8,16.117071694324625,35.0,141.48175379999998,44.59612749836624,95.896569,2.2299999999999995,0.1951409746824075,0.6100000000000001,1.4,0.10488088481701516,0.30000000000000004,5.4,0.48989794855663565,1.0,10.0,1.0954451150103321,3.0,7.49149177264394,10.0,1.0954451150103321,13.381611358925285,1.0,0.6,1.0,0.0,0.0,0.6,0.2,0.8,0.6,0.6,0.0,0.0,0.0,0.2,1.0,0.0,0.0,0.37645435250045867,0.42,0.0,0.4397755914644233,235
2025,2026,2028,Cu-Fe-Mo-Ni-Pt-Ru,CO2RR,0,,2022,3,1,3,3,1,6,Convex Cube‐Shaped Pt34Fe5Ni20Cu31Mo9Ru High Entropy Alloy Catalysts toward High‐Performance Multifunctional Electrocatalysis Convex Cube‐Shaped Pt34Fe5Ni20Cu31Mo9Ru High Entropy Alloy Catalysts toward High‐Performance Multifunctional Electrocatalysis Abstract High entropy alloy (HEA) catalysts exhibit excellent multifunctional catalytic performance due to the synergistic effect of multi‐metal componen,0.0154138746516568,0.1339285714285714,0.0010418683290878,0.0035714285714285,0.0074460814211943,0.2678571428571428,0.1556019373312867,0.4571428571428571,0.0737841713979393,0.5785714285714286,0.0941835918260153,0.3571428571428571,0.0022807156563274,0.0107142857142857,0.3543021012683861,0.1,0.0019101828071458,0.0142857142857142,0.2136904761904762,6.0,41.166666666666664,17.873785895053746,52.0,95.02973333333334,48.123396243638325,139.239,2.046666666666667,0.17220788470785986,0.44999999999999973,1.366666666666667,0.04714045207910312,0.1499999999999999,4.666666666666667,0.7453559924999298,2.0,8.833333333333334,1.6749792701868151,5.0,3.449301371641691,8.833333333333334,1.6749792701868151,14.897517127344186,0.3333333333333333,0.3333333333333333,0.8333333333333334,0.5,0.5,0.6666666666666666,0.5,0.6666666666666666,0.16666666666666666,0.3333333333333333,0.16666666666666666,0.16666666666666666,0.5,0.16666666666666666,0.3333333333333333,0.5,0.5,0.6552498915477882,0.2833333333333333,0.5,0.43940234841671744,236
2025,2026,2028,Al-Co-Cr-Ni-Ti-V,CO2RR,0,,2025,0,1,0,1,1,6,"Heat Treatment-Assisted Optimization of the Water Splitting Performance of CoCrNi0.5Ti0.3V0.2Al0.4 Eutectic High-Entropy Alloy Heat Treatment-Assisted Optimization of the Water Splitting Performance of CoCrNi0.5Ti0.3V0.2Al0.4 Eutectic High-Entropy Alloy In this study, the synergistic tuning mechanism of heat treatment (600, 800, and 1000 °C) and dealloying (40, 60, and 80 °C) on the microstructure and electrocatalytic performance of an FCC + BCC-type CoCrNi0.5T",0.0154138746516568,0.1339285714285714,0.0231396591597418,0.1446428571428571,0.0026589423399418,0.1875,0.0649950829395132,0.1892857142857142,0.0239657984990588,0.2214285714285714,0.0325833713741753,0.1464285714285714,0.0118501051285627,0.1678571428571428,0.4286501218066083,0.35,0.0144503263295863,0.1678571428571428,0.1898809523809524,6.0,22.833333333333332,4.879093722768149,15.0,49.235455599999995,10.732661205512565,31.951656399999997,1.705,0.1393735986476635,0.3699999999999999,1.3499999999999999,0.04999999999999997,0.1499999999999999,3.8333333333333335,0.3726779962499649,1.0,7.833333333333333,3.131382371342656,9.0,3.7037037037037015,6.166666666666667,2.544056253745625,14.897517127344186,0.0,0.0,0.3333333333333333,0.8333333333333334,0.8333333333333334,0.16666666666666666,0.3333333333333333,0.3333333333333333,0.0,0.0,0.6666666666666666,0.5,0.5,0.0,0.0,0.8333333333333334,0.8333333333333334,0.661697740205895,0.19999999999999998,0.5,0.4389557506331971,237
2025,2026,2028,Cu-Ir-Ni-Pd-Pt,CO2RR,0,,2022,3,1,3,1,1,5,"Quinary, Senary, and Septenary High Entropy Alloy Nanoparticle Catalysts from Core@Shell Nanoparticles and the Significance of Intraparticle Heterogeneity l distributions, was observed for NPs containing Ir and Ru, with the phase stabilities of the HEAs studied by atomistic simulations. The quinary HEA NPs were found to be durable catalysts for the reaction , with all but the PdCuPtNiIr NPs presenting better activities than commercial Pt. Density functional theory (DFT) calculations for PdCuPtNiCo and PdCuPtNiIr surfaces (the two extremes in performance) found agreement with experiment by weighting the adsorption energy c",0.0154138746516568,0.1339285714285714,0.0334347021170517,0.3017857142857142,0.0017156983240673,0.1035714285714285,0.1086208634721039,0.325,0.0321924736667616,0.2678571428571428,0.0350737762484698,0.2,0.0159582783903482,0.2071428571428571,0.3256907166529315,0.0142857142857142,0.0203770941069071,0.2035714285714285,0.1952380952380952,5.0,51.6,22.096153511414606,50.0,123.19208,59.8864341749081,136.3906,2.098,0.16029971927611106,0.3799999999999999,1.36,0.019999999999999928,0.04999999999999982,5.0,0.8944271909999159,2.0,10.0,0.6324555320336759,2.0,1.4705882352941122,10.0,0.6324555320336759,13.381611358925285,0.6,0.6,1.0,0.4,0.2,0.8,0.4,0.8,0.4,0.6,0.2,0.0,0.4,0.4,0.6,0.2,0.4,0.792201961212605,0.48,0.4,0.4375177312209243,238
2025,2026,2028,Co-Cu-Mo-Ni-Zn,CO2RR,0,,2025,0,1,0,1,1,5,Structural reorganization of high-entropy alloy CoNiCuMoZn for enhanced reaction performance,0.0154138746516568,0.1339285714285714,0.0246834012891072,0.1892857142857142,0.0010947473740016,0.0535714285714285,0.0415604321553401,0.0642857142857142,0.002269317363802,0.0035714285714285,0.0300249295877189,0.0321428571428571,0.0067996712396205,0.0964285714285714,0.4265934686708472,0.3071428571428571,0.0102081342001768,0.1214285714285714,0.1113095238095238,5.0,31.2,5.491812087098393,15.0,68.504319,13.96239997421088,37.2466,1.9,0.16161683080669545,0.5100000000000002,1.3699999999999999,0.03999999999999995,0.09999999999999987,4.2,0.39999999999999997,1.0,9.6,2.0591260281974,6.0,2.919708029197077,9.6,2.0591260281974,13.381611358925285,0.0,0.0,0.6,0.8,0.6,0.4,0.4,0.6,0.2,0.0,0.4,0.2,0.6,0.2,0.0,0.6,0.8,0.6970871965375032,0.12,0.6,0.4372154446755367,239
2025,2026,2028,Al-Cu-Fe-Ni-Ti,CO2RR,0,,2023,2,1,2,1,1,5,"Defect-Engineered High-Entropy Alloy (Al–Cu–Fe–Ni–Ti) Unlocks Enhanced reaction Performance Defect-Engineered High-Entropy Alloy (Al–Cu–Fe–Ni–Ti) Unlocks Enhanced reaction Performance This dataset contains DFT inputs, initial and optimized structural models for H adsorption on AlCuFeNiTi High Entropy Alloy models, including quasi-random structural models and Cu-clusteres mo",0.0154138746516568,0.1339285714285714,0.030227383262486,0.2732142857142857,0.0017965214675209,0.1375,0.0395654448503193,0.0571428571428571,0.0055950469302724,0.0285714285714285,0.029992711923825,0.0285714285714285,0.0221947236005301,0.25,0.3496918706654723,0.0785714285714285,0.0291094876014622,0.2464285714285714,0.1371031746031746,5.0,23.6,5.817215828899594,16.0,50.58658772,12.852331874154324,36.5644614,1.7579999999999998,0.15354478174135383,0.3699999999999999,1.35,0.05477225575051658,0.1499999999999999,3.8,0.39999999999999997,1.0,9.2,3.059411708155671,9.0,4.057204129667895,7.2,3.1874754901018454,13.381611358925285,0.0,0.0,0.6,0.8,0.6,0.2,0.4,0.6,0.2,0.0,0.2,0.2,0.6,0.2,0.0,0.6,0.8,0.6288003843526392,0.06,0.6,0.4343365438772203,240
2025,2026,2028,B-Co-Cu-Fe-Mn-Ru,ORR,0,,2024,1,1,1,1,29,6,"FeCoCuMnRuB Nanobox with Dual Driving of High-Entropy and Electron-Trap Effects as the Efficient Electrocatalyst for reaction FeCoCuMnRuB Nanobox with Dual Driving of High-Entropy and Electron-Trap Effects as the Efficient Electrocatalyst for reaction High-entropy borides hold potential as electrocatalysts for reaction . However, the synthesis of the tailored na",0.3635271858410283,0.4928571428571429,0.3031732534034222,0.5464285714285714,0.0233719037152562,0.6,0.1150065644021399,0.3571428571428571,0.0539716908009111,0.4142857142857143,0.2959021754633566,0.4392857142857143,0.0469157528654374,0.3571428571428571,0.4113416731487738,0.2714285714285714,0.0720250941941979,0.3357142857142857,0.4238095238095238,6.0,26.0,11.372481406154654,39.0,57.523873333333334,26.223764679242706,90.25899999999999,1.9000000000000004,0.1989137166378093,0.6500000000000001,1.275,0.19311050377094113,0.5499999999999999,3.8333333333333335,0.8975274678557507,3.0,9.333333333333334,2.054804667656325,6.0,15.14592186438754,7.666666666666667,2.42670329642684,14.897517127344186,0.16666666666666666,0.16666666666666666,0.6666666666666666,0.6666666666666666,0.5,0.16666666666666666,0.6666666666666666,0.5,0.16666666666666666,0.16666666666666666,0.3333333333333333,0.0,0.6666666666666666,0.5,0.16666666666666666,0.5,0.6666666666666666,0.21076039835353347,0.21666666666666665,0.6666666666666666,0.43227573855367907,241
2025,2026,2028,Ag-Al-Cu-Ni-Ti,ORR,0,,2023,2,1,2,1,29,5,Novel high entropy alloy (AgAlCuNiTi) hybridized MoS2/Si nanowires heterostructure with plasmonic enhanced photocatalytic activity Novel high entropy alloy (AgAlCuNiTi) hybridized MoS2/Si nanowires heterostructure with plasmonic enhanced photocatalytic activity Hydrogen has garnered widespread attention as a pivotal indicator for future sustainable development. Current research aims to utilize clean energy,0.3635271858410283,0.4928571428571429,0.3403109277072668,0.5982142857142857,0.0078494709577187,0.2875,0.1439001432043517,0.4214285714285714,0.0437769370069886,0.3464285714285714,0.2993323375265385,0.4571428571428571,0.0813850296715699,0.45,0.3324979802280932,0.0321428571428571,0.1213153551752728,0.4142857142857143,0.3888888888888889,5.0,27.8,11.160645142642965,34.0,60.99122772,26.60135978125482,80.88666140000001,1.778,0.16749925372968077,0.3899999999999999,1.3900000000000001,0.11575836902790228,0.3500000000000001,4.0,0.6324555320336759,2.0,9.8,3.059411708155671,9.0,8.327940217834696,7.8,3.54400902933387,13.381611358925285,0.2,0.0,0.6,0.6,0.4,0.2,0.2,0.6,0.4,0.0,0.2,0.2,0.4,0.6,0.2,0.4,0.6,0.3414344082299682,0.06,0.4,0.4314303224689905,242
2025,2026,2028,Co-Ir-Mn-Ni-Ru,CO2RR,0,,2025,0,1,0,1,1,5,Constructing CoNiRuIrMn high-entropy alloy network for boosting electrocatalytic activity toward alkaline reaction,0.0154138746516568,0.1339285714285714,0.0246834012891072,0.1892857142857142,0.0010947473740016,0.0535714285714285,0.0399018344348681,0.0607142857142857,0.0099702383002618,0.0678571428571428,0.03012140819306,0.0357142857142857,0.0416566663937919,0.3464285714285714,0.4437912327634505,0.4,0.082091358977761,0.3678571428571429,0.1839285714285714,5.0,40.2,19.610201426808448,52.0,93.170328,52.3358297072897,137.278955,1.948,0.2414456460572442,0.6500000000000001,1.3499999999999999,0.03162277660168375,0.09999999999999987,4.6,0.7999999999999999,2.0,8.6,1.019803902718557,3.0,2.342427896421019,8.6,1.019803902718557,13.381611358925285,0.4,0.4,0.8,0.6,0.6,0.6,1.0,0.4,0.0,0.4,0.6,0.0,0.6,0.0,0.4,0.6,0.6,0.6787302344925629,0.45999999999999996,0.6,0.43038692749062596,243
2025,2026,2028,Mo-Ni-Pd-Pt-Rh,CO2RR,0,,2023,2,2,0,1,1,5,"Surface Reconstruction of PtRhNiMoPd Nanocrystals Facilitates reaction from Acidic Electrolytic Water High-entropy alloy nanocrystal assembled by nanosheets with d–d electron interaction for reaction Surface Reconstruction of PtRhNiMoPd Nanocrystals Facilitates reaction from Acidic Electrolytic Water The development and design of Pt-based alloy catalysts with high activity and stability are important for the reaction , especially in acidic medi High-entropy alloy nanocrystal assembled by nanosheets with d–d electron interaction for reaction Unique PtMoPdRhNi high-entropy alloy nanocrystals (NCs) catalysts assembled by radial nanosheets with multiple active sites with different local chemical environments and the interaction of d–d electron for superior reaction performance.",0.0247677549561598,0.2946428571428571,0.0402519761102349,0.3428571428571428,0.001747238530966,0.1178571428571428,0.0617460803074525,0.1678571428571428,0.0147228110331408,0.1321428571428571,0.0324660533597337,0.1321428571428571,0.0949244476894833,0.4821428571428571,0.4556253062782814,0.4392857142857143,0.2479580583998246,0.5428571428571428,0.2946428571428571,5.0,47.8,16.424372134118247,50.0,111.80858,44.980287641872636,136.3906,2.166,0.1361763562443936,0.3699999999999999,1.3799999999999997,0.03999999999999994,0.09999999999999987,5.0,0.6324555320336759,2.0,9.0,1.5491933384829668,4.0,2.898550724637677,9.0,1.5491933384829668,13.381611358925285,0.6,0.6,0.8,0.2,0.4,1.0,0.2,0.6,0.2,0.6,0.2,0.2,0.2,0.2,0.6,0.4,0.2,0.7162707535274755,0.48,0.2,0.4294705117725283,244
2025,2026,2028,Ag-Au-Cu-Ir-Pd-Pt-Rh,ORR,0,,2025,0,1,0,1,29,7,"A Radical-Assisted Approach to High-Entropy Alloy Nanoparticle Electrocatalysts under Ambient Conditions ient conditions. These isopropanol radicals verified by electron paramagnetic resonance spectroscopy impose very large overpotentials to reduce diverse metal ions into HEA nanoparticles with five to seven different elements. Specially, the PtPdIrRhAuAgCu HEA nanoparticles on a reduced electrochemical graphene oxide (rEGO) support (PtPdIrRhAuAgCu-rEGO) demonstrate superior activity for the reaction ( reaction ) across the entire pH range, with very small overpotentials of 11, 30",0.3635271858410283,0.4928571428571429,0.2684392135229888,0.4607142857142857,0.0254961794895967,0.6285714285714286,0.1917672310047172,0.5821428571428572,0.0612404212798993,0.475,0.3163000385800252,0.5392857142857143,0.0231120893783875,0.2571428571428571,0.4598359528471612,0.4892857142857142,0.029070495426193,0.2428571428571428,0.463095238095238,7.0,57.285714285714285,18.797524804492486,50.0,137.85818128571427,51.207177837107,133.420569,2.19,0.20375054776438203,0.6400000000000001,1.3928571428571428,0.08630747123996123,0.25,5.285714285714286,0.6998542122237652,2.0,10.142857142857142,0.8329931278350429,2.0,6.196433832612602,10.142857142857142,0.8329931278350429,16.17919719230721,0.8571428571428571,0.5714285714285714,1.0,0.14285714285714285,0.0,0.5714285714285714,0.14285714285714285,0.7142857142857143,0.5714285714285714,0.5714285714285714,0.0,0.0,0.14285714285714285,0.7142857142857143,0.8571428571428571,0.0,0.14285714285714285,0.45460641744511343,0.39999999999999997,0.14285714285714285,0.42620335380496255,245
2025,2026,2028,Co-Cu-Mo-Ni-Ru,CO2RR,0,,2025,0,1,0,1,1,5,"S1-MatAgent: A planner driven multi-agent system for material discovery ovel composition optimization algorithm based on gradients of machine learning interatomic potential, achieving 27.7 % improvement in material performance. S1-MatAgent designed 13 high-performance catalysts from 20 million candidates, with Ni4Co4Cu1Mo3Ru4 exhibiting an overpotential of 18.6 mV at 10 mA cm-2 and maintaining 97.5 % activity after 500 hours at 500 mA cm-2. The universal MAS framework offers a universal and scalable solution for material discovery, significantly improving desig",0.0154138746516568,0.1339285714285714,0.0246834012891072,0.1892857142857142,0.0010947473740016,0.0535714285714285,0.0244116601203656,0.0142857142857142,0.0039727603526786,0.0214285714285714,0.0325131527379761,0.1392857142857143,0.0297690180469272,0.2892857142857143,0.3426206781431752,0.0464285714285714,0.0423037132104189,0.275,0.1291666666666666,5.0,34.0,7.402702209328699,17.0,75.63651899999999,18.82203102898951,42.376599999999996,2.0100000000000002,0.13971399357258396,0.3200000000000003,1.3599999999999999,0.04898979485566353,0.1499999999999999,4.4,0.4898979485566356,1.0,8.8,1.7204650534085253,5.0,3.602190798210554,8.8,1.7204650534085253,13.381611358925285,0.2,0.2,0.8,0.6,0.6,0.6,0.6,0.6,0.2,0.2,0.4,0.2,0.6,0.2,0.2,0.6,0.6,0.6680578026155053,0.26,0.6,0.4225423407846515,246
2025,2026,2028,Al-Cr-Fe-Mo-Ni,CO2RR,0,,2022,3,1,3,1,1,5,"Sputter‐Deposited High Entropy Alloy Thin Film Electrocatalyst for Enhanced reaction Performance talysts are prepared and characterized. The surface electronic structure modification due to the addition of a metal is studied experimentally and theoretically using density functional theory calculation. It is demonstrated that sputtered FeNiMoCrAl HEA thin film exhibits reaction performance superior to all the reported HEA catalysts with robust electrocatalytic activity having a low overpotential of 220 mV at 10 mA cm –2 , and excellent electrochemical stability at different constant cur",0.0154138746516568,0.1339285714285714,0.0334347021170517,0.3017857142857142,0.0017156983240673,0.1035714285714285,0.0454841371025958,0.075,0.0038467923513795,0.0178571428571428,0.0322068313621414,0.1214285714285714,0.0213222926705929,0.2392857142857143,0.4276943853551962,0.3178571428571428,0.0347765620409293,0.2535714285714285,0.1738095238095238,5.0,26.6,9.28654941299512,29.0,57.89120772,22.102945562039245,68.9584614,1.834,0.19622436138257657,0.55,1.3699999999999999,0.06782329983125265,0.19999999999999996,4.0,0.6324555320336759,2.0,8.6,2.6532998322843198,7.0,4.950605827098735,6.6,2.33238075793812,13.381611358925285,0.0,0.0,0.4,0.6,0.8,0.4,0.4,0.4,0.0,0.0,0.4,0.4,0.6,0.0,0.0,0.8,0.6,0.5408535682707787,0.12,0.6,0.41847035619551937,247
2025,2026,2028,Au-Co-Cu-Ir-Mn-Ni-Pd-Pt-Rh-Sn,CO2RR,0,,2020,5,1,5,1,1,10,"Synthesis of high-entropy alloy nanoparticles on supports by the fast moving bed pyrolysis , and zeolite, which is vital to their practical applications, are largely unexplored. Herein, we present a fast moving bed pyrolysis strategy to immobilize HEA-NPs on granular supports with a narrow size distribution of 2 nm up to denary (MnCoNiCuRhPdSnIrPtAu) HEA-NPs at 923 K. Fast moving bed pyrolysis strategy ensures the mixed metal precursors rapidly and simultaneously pyrolyzed at high temperatures, resulting in nuclei with a small size. The representative quinary (FeCoPdIrPt) HEA-NPs exhibi",0.0154138746516568,0.1339285714285714,0.0296941973629311,0.2571428571428571,0.0104650153469266,0.3857142857142857,0.0748784610015487,0.225,0.0136549535027076,0.1142857142857142,0.0292736045495029,0.0178571428571428,0.0273863329507712,0.2785714285714286,0.3841651278359225,0.2,0.0560486905880601,0.325,0.2152777777777778,10.0,48.4,21.091230405075947,54.0,114.84137090000002,56.4771712799589,142.028524,2.0700000000000003,0.26758176320519306,0.99,1.3699999999999999,0.033166247903553936,0.09999999999999987,4.9,0.8306623862918076,2.0,10.0,1.7320508075688772,7.0,2.420894007558682,9.0,2.0,19.144757680463048,0.5,0.4,0.8,0.4,0.3,0.5,0.4,0.6,0.4,0.4,0.3,0.0,0.4,0.4,0.5,0.3,0.4,0.6553346552650505,0.37,0.4,0.41647539657951516,248
2025,2026,2028,Co-Cu-Fe-Mn-Mo-Ni-O,ORR,0,,2025,0,1,0,1,29,7,Open-Air Pulsed Laser-Deposited NiCoCuFeMoMnO x High-Entropy Oxide Thin Films for Efficient Electrocatalytic reaction Open-Air Pulsed Laser-Deposited NiCoCuFeMoMnO x High-Entropy Oxide Thin Films for Efficient Electrocatalytic reaction High-entropy materials have garnered significant attention as possible non-noble metal-based electrocatalysts for the production of hydrogen via water,0.3635271858410283,0.4928571428571429,0.2684392135229888,0.4607142857142857,0.0254961794895967,0.6285714285714286,0.1174254050608418,0.3642857142857142,0.0431149604507286,0.3357142857142857,0.3223689291048628,0.5678571428571428,0.1088929610683834,0.5035714285714286,0.4592238682792735,0.4785714285714286,0.1710460080942946,0.475,0.4785714285714285,7.0,26.428571428571427,9.209577977877826,34.0,57.69929142857143,21.543943088937137,79.9406,2.0957142857142856,0.5730833183716992,1.89,1.2714285714285716,0.2762725657973388,0.85,3.857142857142857,0.8329931278350429,3.0,9.571428571428571,3.0639443699324596,10.0,21.729302927880575,8.142857142857142,1.8070158058105026,16.17919719230721,0.0,0.0,0.5714285714285714,0.7142857142857143,0.7142857142857143,0.2857142857142857,0.5714285714285714,0.5714285714285714,0.14285714285714285,0.0,0.42857142857142855,0.14285714285714285,0.7142857142857143,0.5714285714285714,0.0,0.7142857142857143,0.7142857142857143,0.0,0.12857142857142856,0.7142857142857143,0.4096428571428571,249
2025,2026,2028,Al-Co-Fe-Ni-Pd-Y,ORR,0,,2025,0,1,0,1,29,6,"Dealloying-driven nanospherical architecture in AlYNiPdCoFe high-entropy alloy ribbons: controllable synthesis and mechanistic insights into enhanced reaction Dealloying-driven nanospherical architecture in AlYNiPdCoFe high-entropy alloy ribbons: controllable synthesis and mechanistic insights into enhanced reaction Amorphous YNiPdCoFe HEA boosts reaction through synergistic effects, abundant active sites, fast mass/electron transport, and en",0.3635271858410283,0.4928571428571429,0.2816298699054317,0.4767857142857143,0.0362789329895958,0.7125,0.1225760676613034,0.3785714285714285,0.0467722229125985,0.3785714285714285,0.2787158695352133,0.3910714285714285,0.174885252906461,0.6107142857142858,0.3593887752510765,0.1303571428571428,0.4424812367441411,0.6928571428571428,0.4738095238095239,6.0,29.833333333333332,10.446955962809879,33.0,65.96316393333333,25.45367266996707,79.4384614,1.7750000000000001,0.3022554107593996,0.9800000000000002,1.425,0.17500000000000002,0.55,4.166666666666667,0.6871842709362768,2.0,8.833333333333334,3.023059524536176,10.0,12.280701754385964,7.166666666666667,3.0230595245361758,14.897517127344186,0.16666666666666666,0.16666666666666666,0.6666666666666666,0.5,0.5,0.3333333333333333,0.5,0.6666666666666666,0.16666666666666666,0.16666666666666666,0.3333333333333333,0.0,0.5,0.6666666666666666,0.16666666666666666,0.5,0.5,0.13842121246842026,0.21666666666666665,0.5,0.4080739827881452,250
2025,2026,2028,C-Co-Cu-Fe-Mn-N-Ni,ORR,0,,2025,0,1,0,1,29,7,"Highly Active and Stable MXene-Supported High-Entropy Alloy Catalysts for the reaction ost-effectiveness and improved stability of nonprecious materials. However, its efficiency is restricted by the sluggish kinetics of the reaction ( reaction ). Herein, we report a catalyst derived from a high-entropy alloy (HEA), CuFeMnCoNi-NC/MXene, which exhibits remarkable reaction activity and durability. The catalyst achieves an overpotential of 267 mV at 10 mA cm –2 and a Tafel slope of 50.9 mV dec –1 . It also exhibits low charge-transfer resistance ( R ct = 3.4 Ω) and a large",0.3635271858410283,0.4928571428571429,0.2684392135229888,0.4607142857142857,0.0254961794895967,0.6285714285714286,0.123850754311409,0.3857142857142857,0.0603169318850992,0.4642857142857143,0.3187684573826175,0.5464285714285714,0.0386895831276504,0.3285714285714285,0.458487737272702,0.4678571428571428,0.0717047215843381,0.3321428571428571,0.4563492063492063,7.0,21.142857142857142,9.341590128155323,23.0,45.42472,20.666024068923402,51.5353,2.0942857142857143,0.47596089703903627,1.49,1.1714285714285713,0.3149343955006943,0.7499999999999999,3.4285714285714284,0.9035079029052513,2.0,10.571428571428571,2.770102775666474,8.0,26.884643518351954,7.714285714285714,2.3733211036908783,16.17919719230721,0.0,0.0,0.5714285714285714,0.7142857142857143,0.5714285714285714,0.14285714285714285,0.5714285714285714,0.5714285714285714,0.14285714285714285,0.0,0.42857142857142855,0.0,0.7142857142857143,0.5714285714285714,0.0,0.5714285714285714,0.7142857142857143,0.01682737207267461,0.12857142857142856,0.7142857142857143,0.4046910687646595,251
2025,2026,2028,Co-Fe-Ni-Pd-Y,ORR,0,,2025,0,1,0,1,29,5,"Dealloying-driven nanospherical architecture in AlYNiPdCoFe high-entropy alloy ribbons: controllable synthesis and mechanistic insights into enhanced reaction Dealloying-driven nanospherical architecture in AlYNiPdCoFe high-entropy alloy ribbons: controllable synthesis and mechanistic insights into enhanced reaction Amorphous YNiPdCoFe HEA boosts reaction through synergistic effects, abundant active sites, fast mass/electron transport, and en",0.3635271858410283,0.4928571428571429,0.2952071380385401,0.5232142857142857,0.009961666763347,0.3517857142857143,0.1398722380584708,0.4107142857142857,0.0447687591168224,0.3607142857142857,0.2787158695352133,0.3910714285714285,0.2042200406921656,0.6571428571428571,0.3593887752510765,0.1303571428571428,0.4875500379169326,0.7142857142857143,0.448015873015873,5.0,33.2,7.934733769950949,20.0,73.759489,20.316772273099488,50.575,1.8080000000000003,0.3210856583530321,0.9800000000000002,1.46,0.17146428199482247,0.44999999999999996,4.4,0.48989794855663565,1.0,8.0,2.6076809620810595,7.0,11.744128903754964,8.0,2.6076809620810595,13.381611358925285,0.2,0.2,0.8,0.6,0.6,0.4,0.6,0.8,0.2,0.2,0.4,0.0,0.6,0.8,0.2,0.6,0.6,0.1252400391528775,0.26,0.6,0.4031791546030061,252
2025,2026,2028,Cu-Pd-Pt-Rh-Ru,CO2RR,0,,2024,1,1,1,1,1,5,"An efficient and stable high-entropy alloy electrocatalyst for reaction ed reaction ( reaction ) activity in water electrolysis, yet the understanding of their structure and active sites in reaction environments remains unclear. Here, we systematically investigated the reaction activity and stability of PtPdRhRuCu/C through a combination of electrochemical measurements, in situ synchrotron radiation X-ray absorption spectroscopy (XAS) at the Cu K -edge and Pt L 3 -edge, and density functional theory (DFT) calculations. Uniformly sized PtPdRhRuCu HEA",0.0154138746516568,0.1339285714285714,0.0273190395570639,0.2375,0.0137971177214097,0.4589285714285714,0.0436627207575709,0.0714285714285714,0.0056207384754785,0.0321428571428571,0.0320999204703639,0.1142857142857142,0.0103266649758884,0.1428571428571428,0.515490887120636,0.7071428571428572,0.0162427319920082,0.1821428571428571,0.2311507936507936,5.0,48.4,16.057397049335236,49.0,113.8051,43.51496402894067,131.538,2.1719999999999997,0.14062716664997554,0.3799999999999999,1.3499999999999999,0.03162277660168375,0.09999999999999987,5.0,0.6324555320336759,2.0,9.6,1.0198039027185568,3.0,2.342427896421019,9.6,1.0198039027185568,13.381611358925285,0.8,0.8,1.0,0.2,0.0,0.8,0.2,0.6,0.4,0.8,0.0,0.0,0.2,0.4,0.8,0.0,0.2,0.7493031700776509,0.5599999999999999,0.2,0.4028088081661524,253
2025,2026,2028,Co-Mn-Ni-Ru-Ta,CO2RR,0,,2025,0,1,0,1,1,5,"The synergistic effect in a CoNiTaRuMn high-entropy alloy regulates Ru valence state for efficient reaction The synergistic effect in a CoNiTaRuMn high-entropy alloy regulates Ru valence state for efficient reaction A strategy leveraging CoNiTaRuMn HEA element synergies promotes Ru hydroxylation (Ru 0 to Ru 4+ ), highlighting HEA valence – state regulation, providing active",0.0154138746516568,0.1339285714285714,0.0246834012891072,0.1892857142857142,0.0010947473740016,0.0535714285714285,0.0497130182936964,0.0964285714285714,0.0140274817261155,0.1214285714285714,0.0315081312122216,0.0821428571428571,0.0239279254127576,0.2642857142857143,0.3828558464982377,0.1892857142857142,0.0359442562549049,0.2607142857142857,0.154563492063492,5.0,39.4,18.11739495622922,48.0,90.916504,48.0925194671154,126.009835,1.8079999999999998,0.2571692049993545,0.7000000000000002,1.3699999999999999,0.0509901951359278,0.1499999999999999,4.6,0.8,2.0,7.8,1.7204650534085253,5.0,3.7219120537173582,7.8,1.7204650534085253,13.381611358925285,0.2,0.2,0.6,0.6,0.8,0.4,0.8,0.4,0.0,0.2,0.6,0.2,0.6,0.0,0.2,0.8,0.6,0.5780572730088236,0.31999999999999995,0.6,0.4009707533312185,254
2025,2026,2028,Au-Ir-Os-Pd-Pt-Re-Rh-Ru,CO2RR,0,,2025,0,1,0,1,1,8,"Learning in Higher Dimensions: A Strategy for Alloy Electrocatalyst Discovery studying all constituent alloys individually. In addition, this top-down approach allows for a new way of comparing activity models constructed from experimental data with theoretical simulations. We introduce the approach by studying the Au-Ir-Os-Pd-Pt-Re-Rh-Ru high entropy alloy (HEA) composition space for the acidic reaction ( reaction ). By studying 200 compositions, we created a machine-learned activity model and provide evidence that the model can predict the activity of underlying",0.0154138746516568,0.1339285714285714,0.020329866638764,0.1178571428571428,0.0080257269678142,0.3035714285714285,0.1131725511195719,0.3464285714285714,0.0539101935676662,0.4071428571428571,0.0414122795882062,0.2464285714285714,0.0082416062934571,0.1178571428571428,0.5751304250711216,0.8464285714285714,0.006217215516752,0.0678571428571428,0.2875,8.0,65.0,15.540270267920054,35.0,158.887508625,43.05440054658491,95.896569,2.225,0.16332482971061074,0.6400000000000001,1.34375,0.02997394702070447,0.09999999999999987,5.625,0.4841229182759271,1.0,9.0,1.224744871391589,4.0,2.2306193131687047,9.0,1.224744871391589,17.289438964613282,0.875,0.75,0.875,0.0,0.0,0.625,0.25,0.375,0.25,0.75,0.0,0.125,0.0,0.25,0.875,0.0,0.0,0.7406823638466067,0.5249999999999999,0.0,0.39907970915398194,255
2025,2026,2028,Co-Cu-Fe-Ni-P,CO2RR,0,,2024,1,2,0,1,1,5,Self-supported FeCoNiCuP high-entropy alloy nanosheet arrays for efficient glycerol oxidation and reaction in seawater electrolytes Facile synthesis of NiCoCuFeP high-entropy alloy electrocatalysts via electroless deposition for high-efficient reaction Self-supported FeCoNiCuP high-entropy alloy nanosheet arrays for efficient glycerol oxidation and reaction in seawater electrolytes Self-supported FeCoNiCuP high entropy alloy nanosheet arrays electrocatalyst was developed for highly efficient glycerol o,0.0247677549561598,0.2946428571428571,0.0398531330821079,0.3357142857142857,0.0020471158650525,0.1714285714285714,0.0590138895522108,0.1428571428571428,0.0132610837719829,0.1071428571428571,0.0320373257707766,0.1107142857142857,0.0366375923931826,0.3142857142857143,0.4282205635512026,0.3285714285714285,0.0667541864517968,0.3285714285714285,0.2371031746031746,5.0,25.0,5.0990195135927845,14.0,53.5982714,11.578387319142326,32.572238,1.9419999999999997,0.12702755606560331,0.3599999999999999,1.2899999999999998,0.14628738838327796,0.3999999999999999,3.8,0.39999999999999997,1.0,10.6,2.4166091947189146,7.0,11.340107626610695,8.6,2.0591260281974,13.381611358925285,0.0,0.0,0.8,0.8,0.6,0.2,0.6,0.8,0.2,0.0,0.4,0.0,0.8,0.2,0.0,0.6,0.8,0.2610807107540776,0.12,0.8,0.3930206417976519,256
2025,2026,2028,B-Co-Cu-Fe-Ir-Mo-Ni,CO2RR,0,,2024,1,1,1,1,1,7,"Enhancing reaction reactions in nanoporous high-entropy catalysts using boron and phosphorus additives noble metals such as Ir or Ru enhances the reaction activity and durability, showing synergistic interactions between metals and light elements. This study used electrochemical evaluations to determine the best-performing catalyst, identifying CoCuFeMoNiIrB as the best catalyst for OERs in alkaline media. X-ray photoemission spectroscopy (XPS) analysis revealed that B effectively shifted the transition elements to higher valence states and induced excess electrons on the Ir-B surface to promo",0.0154138746516568,0.1339285714285714,0.0240142307550537,0.1589285714285714,0.010942430645392,0.3982142857142857,0.0591674596110965,0.1464285714285714,0.0242236572516523,0.2321428571428571,0.0362493808643309,0.2071428571428571,0.0605223005235351,0.4035714285714286,0.5773997940157306,0.8571428571428571,0.1046920487075389,0.3857142857142857,0.3248015873015873,7.0,33.42857142857143,20.444050079998078,72.0,76.56937071428571,52.51319766958727,181.406,1.9885714285714289,0.13505856628341142,0.3700000000000001,1.3000000000000003,0.18708286933869706,0.6,4.142857142857143,1.124858267715973,4.0,9.428571428571429,2.0603150145508513,7.0,14.390989949130539,8.0,2.5071326821120348,16.17919719230721,0.14285714285714285,0.14285714285714285,0.7142857142857143,0.5714285714285714,0.5714285714285714,0.42857142857142855,0.5714285714285714,0.5714285714285714,0.14285714285714285,0.14285714285714285,0.2857142857142857,0.14285714285714285,0.5714285714285714,0.14285714285714285,0.14285714285714285,0.5714285714285714,0.5714285714285714,0.255459003601612,0.1857142857142857,0.5714285714285714,0.38994127250905497,257
2025,2026,2028,Ag-Au-Pd-Pt-Ru,ORR,0,,2023,2,1,2,1,29,5,"Chelating Co-reduction Strategy for the Synthesis of High-Entropy Alloy Aerogels alicylic acid, and 4,4′-bipyridine) with a certain strong coordination capacity can adjust the reduction potential of different metal components, which is the key to synthesize single-phase solid solution alloys successfully. The optimized AgRuPdAuPt HEAA can be an excellent electrocatalyst for reaction ( reaction ) with an ultrasmall overpotential of 22 mV at 10 mA cm –2 and excellent stability for 24 h in an alkaline solution. In situ Raman spectroscopy unveils the enhanc",0.3635271858410283,0.4928571428571429,0.3403109277072668,0.5982142857142857,0.0078494709577187,0.2875,0.2103269916421828,0.6178571428571429,0.0725496578090423,0.575,0.3025806528214586,0.4821428571428571,0.0547532909801915,0.3857142857142857,0.4483523016437712,0.4285714285714285,0.1171750167016191,0.4,0.4742063492063491,5.0,58.8,16.117071694324625,35.0,141.48175379999998,44.59612749836624,95.896569,2.2299999999999995,0.1951409746824075,0.6100000000000001,1.4,0.10488088481701516,0.30000000000000004,5.4,0.48989794855663565,1.0,10.0,1.0954451150103321,3.0,7.49149177264394,10.0,1.0954451150103321,13.381611358925285,1.0,0.6,1.0,0.0,0.0,0.6,0.2,0.8,0.6,0.6,0.0,0.0,0.0,0.8,1.0,0.0,0.0,0.37645435250045867,0.42,0.0,0.3843291628929947,258
2025,2026,2028,Cu-Nb-Ni-Ti-Zr,CO2RR,0,,2025,0,1,0,1,1,5,Amorphous High-Entropy Alloy Nanoframes: Oxygen Vacancy-Mediated Electronic Regulation in Ni–Nb–Zr–Ti–Cu for Efficient reaction Amorphous High-Entropy Alloy Nanoframes: Oxygen Vacancy-Mediated Electronic Regulation in Ni–Nb–Zr–Ti–Cu for Efficient reaction High Resolution Image Download MS PowerPoint Slide Research on transition metal-based high-entropy alloys (HEAs) as electrocatalysts for the reaction ( reaction ) is advancing rapidly. In this s,0.0154138746516568,0.1339285714285714,0.0246834012891072,0.1892857142857142,0.0010947473740016,0.0535714285714285,0.0693634735253378,0.2,0.0266594910063968,0.2464285714285714,0.0339312175499816,0.1642857142857142,0.0042117861585701,0.0428571428571428,0.4570983217995046,0.45,0.0032132054853027,0.0321428571428571,0.1680555555555555,5.0,32.0,7.3484692283495345,19.0,70.847356,18.060638794409904,45.03938,1.6560000000000001,0.2222251110923335,0.5799999999999998,1.4200000000000002,0.0748331477354788,0.19999999999999996,4.4,0.4898979485566356,1.0,6.8,3.059411708155671,7.0,5.2699399813717465,6.8,3.059411708155671,13.381611358925285,0.0,0.0,0.4,0.6,0.8,0.2,0.2,0.4,0.2,0.0,0.2,0.6,0.4,0.2,0.0,0.8,0.6,0.501896323446203,0.06,0.4,0.38019389703386086,259
2025,2026,2028,Au-Ir-Pd-Pt-Ru,CO2RR,0,,2024,1,2,0,1,1,5,"In situ capturing site-to-site reactive species in CO 2 -laser-patterned high-entropy alloy nanoflowers for robust alkaline seawater electrolysis Cocktail Effect of 4 d /5 d Band Twisted High‐Entropy Alloys on Carbon Nanotube for Hydrazine Splitting (Small 29/2025) In situ capturing site-to-site reactive species in CO 2 -laser-patterned high-entropy alloy nanoflowers for robust alkaline seawater electrolysis CO 2 -laser method to synthesize AuRuIrPdPt high-entropy alloys (HEAs) for reaction in alkaline and seawater splitting. Optimized HEA-60 exhibits remarkable reaction activity and stability, surpassing those of commercial Pt/C. cktail Effect of 4 d /5 d Band Twisted High‐Entropy Alloys on Carbon Nanotube for Hydrazine Splitting (Small 29/2025) Hydrazine Splitting In article number 2410304, Myong Yong Choi and co-workers fabricated CNT-embedded high-entropy alloy (RuPdIrPtAu HEA/CNT) catalyst by a pulsed laser method, achieving dual-functional reaction and hydrazine oxidation reaction ( reaction and HzOR) activity. Notably, the HEA/CNT-10||HEA/CNT-10 device voltage required for overall hydrazine splitting (",0.0247677549561598,0.2946428571428571,0.0398531330821079,0.3357142857142857,0.0020471158650525,0.1714285714285714,0.055477771299453,0.125,0.0166499123152112,0.1392857142857143,0.0323629556585673,0.125,0.0201529071593042,0.2321428571428571,0.4621586576385743,0.4928571428571429,0.0287089185005967,0.2392857142857143,0.239484126984127,5.0,64.8,16.191355718407276,35.0,158.35151380000002,44.64375238456958,95.896569,2.2840000000000003,0.13169662106523455,0.33999999999999986,1.3499999999999999,0.03162277660168375,0.09999999999999987,5.6,0.4898979485566356,1.0,9.6,1.0198039027185568,3.0,2.342427896421019,9.6,1.0198039027185568,13.381611358925285,1.0,0.8,1.0,0.0,0.0,0.8,0.4,0.6,0.4,0.8,0.0,0.0,0.0,0.4,1.0,0.0,0.0,0.7555545519869696,0.5599999999999999,0.0,0.378434222738948,260
2025,2026,2028,Co-Fe-Mo-Ni-P,CO2RR,0,,2025,0,1,0,2,1,5,"Comparative Performance Analysis of Non-Precious Metal-Based and Iridium-Based Electrocatalysts in Seawater and Alkaline Electrolyzers chemical impedance spectroscopy (EIS), in both seawater and potassium hydroxide (KOH) electrolytes. The Ir-based results are compared to non-precious metal alloy electrocatalysts such as NiFeP and high entropy alloy (HEA) electrocatalysts (NiCoMoFeP and NiCoMoMnP). The electrocatalysts are employed as bifunctional catalysts for both reaction and reaction . To assess long-term stability, chronoamperometry and cycling durability tests are employed, alongside measurements of surface morphology chang",0.0154138746516568,0.1339285714285714,0.0045217677909025,0.0339285714285714,0.0007124760628687,0.0053571428571428,0.0732948882840072,0.2178571428571428,0.032160299902638,0.2642857142857143,0.0636609618855585,0.3178571428571428,0.0152916679719554,0.2035714285714285,0.6484161933180729,0.9535714285714286,0.0153903118340802,0.1785714285714285,0.256547619047619,5.0,27.6,8.593020423576334,27.0,60.0770714,20.757098515434084,64.966238,1.9940000000000002,0.15027973915335363,0.3599999999999999,1.31,0.15937377450509227,0.44999999999999996,4.0,0.6324555320336759,2.0,9.6,3.006659275674582,9.0,12.165936985121547,7.6,1.8547236990991407,13.381611358925285,0.0,0.0,0.6,0.6,0.8,0.4,0.6,0.6,0.0,0.0,0.4,0.2,0.6,0.0,0.0,0.8,0.6,0.24480418259265244,0.12,0.6,0.36688768334922434,261
2025,2026,2028,Fe-Ir-Mn-Pt-Ru,CO2RR,0,,2025,0,1,0,1,1,5,High-temperature shock synthesis of PtRuIrMnFe high-entropy alloy nanocatalysts for an efficient reaction,0.0154138746516568,0.1339285714285714,0.0246834012891072,0.1892857142857142,0.0010947473740016,0.0535714285714285,0.0656957472537043,0.1928571428571428,0.0125545042112231,0.0964285714285714,0.0310680321530961,0.0642857142857142,0.0162170868474764,0.2107142857142857,0.3676487790079665,0.1357142857142857,0.0211796274064508,0.2071428571428571,0.1426587301587301,5.0,50.0,23.45207879911715,53.0,119.830809,62.54602454265119,140.14595500000001,2.0119999999999996,0.27895519353473236,0.7299999999999998,1.3599999999999999,0.037416573867739354,0.09999999999999987,5.0,0.8944271909999159,2.0,8.4,1.0198039027185568,3.0,2.751218666745541,8.4,1.0198039027185568,13.381611358925285,0.6,0.6,0.8,0.4,0.4,0.6,0.8,0.4,0.0,0.6,0.2,0.0,0.4,0.0,0.6,0.4,0.4,0.6259021511872273,0.48,0.4,0.3639670739275967,262
2025,2026,2028,Ga-In-Mo-Ni-Pd,CO2RR,0,,2022,3,1,3,1,1,5,"High-Entropy Alloy Nanosheets for Fine-Tuning reaction electrolyzers. Tuning the hydrogen binding energy (HBE) of materials is an effective way to optimize the reaction electrocatalysts, particularly for applications in an acidic environment. Here, we report the discovery of a Pt-free combination, PdMoGaInNi, which has the HBE optimum, via computer-facilitated screening. As the exploratory example of the two-dimensional high-entropy alloy (HEA) for reaction , the PdMoGaInNi HEA nanosheets were synthesized to realize the predicted Pt-free combination",0.0154138746516568,0.1339285714285714,0.0334347021170517,0.3017857142857142,0.0017156983240673,0.1035714285714285,0.0611668004012082,0.1607142857142857,0.0176568867345812,0.1535714285714285,0.0353025816126155,0.2035714285714285,0.0124662924927757,0.175,0.5233140333766949,0.7214285714285714,0.0130809851238446,0.1428571428571428,0.2329365079365079,5.0,39.2,8.280096617793781,21.0,89.11888,21.485861371087733,56.1246,1.972,0.17565876010037193,0.42000000000000015,1.4100000000000001,0.08602325267042625,0.25,4.6,0.48989794855663565,1.0,10.4,2.5768197453450252,7.0,6.100939905703989,6.4,3.1368774282716245,13.381611358925285,0.2,0.2,0.4,0.2,0.4,0.6,0.2,0.4,0.4,0.2,0.2,0.2,0.2,0.4,0.2,0.4,0.2,0.4804777740589804,0.19999999999999998,0.2,0.3589647607891227,263
2025,2026,2028,Cu-Ir-Pt-Ru-Sn,CO2RR,0,,2024,1,1,1,1,1,5,Rapid co-reduction synthesis of ultrafine multi-principal element alloy nanocatalysts for efficient reaction multi-principal element alloy nanocatalysts for efficient reaction A rapid co-reduction strategy was developed for the synthesis of ultrafine and composition-tunable multi-principal element alloy nanoparticles. The as-synthesized RuPtIrSnCu/C catalyst showed improved reaction performance.,0.0154138746516568,0.1339285714285714,0.0273190395570639,0.2375,0.0137971177214097,0.4589285714285714,0.0610564744670506,0.1571428571428571,0.0102027082876539,0.0714285714285714,0.0291304159525863,0.0142857142857142,0.0073889322511895,0.1,0.3429060608521823,0.0571428571428571,0.0093759060094123,0.1107142857142857,0.1490079365079365,5.0,55.6,19.147845831842286,49.0,134.12539999999998,51.773218241094504,131.538,2.1079999999999997,0.14945233353815526,0.3799999999999999,1.36,0.04898979485566353,0.1499999999999999,5.2,0.7483314773547882,2.0,10.4,2.0591260281974,6.0,3.6021907982105534,8.4,2.4166091947189146,13.381611358925285,0.6,0.6,0.8,0.2,0.0,0.6,0.4,0.4,0.4,0.6,0.0,0.0,0.2,0.4,0.6,0.0,0.2,0.6612409646396054,0.42,0.2,0.3534258608204531,264
2025,2026,2028,Au-Mo-Pd-Pt-W,CO2RR,0,,2025,0,1,0,1,1,5,Tailoring platinum content in a PdAuMoWPt high-entropy alloy for efficient and durable reaction across a broad pH range Tailoring platinum content in a PdAuMoWPt high-entropy alloy for efficient and durable reaction across a broad pH range The development of highly efficient reaction ( reaction ) electrocatalysts that combine low overpotentials with broad pH adaptability remai,0.0154138746516568,0.1339285714285714,0.0246834012891072,0.1892857142857142,0.0010947473740016,0.0535714285714285,0.0613138767950145,0.1642857142857142,0.0117228864052148,0.0928571428571428,0.0315054254879611,0.0785714285714285,0.0224489029446107,0.2535714285714285,0.3716599802545585,0.1571428571428571,0.0370726878202113,0.2642857142857143,0.1541666666666666,5.0,63.8,16.302147097851865,37.0,155.6501138,44.82332502139262,101.026569,2.308,0.13481839637082169,0.3799999999999999,1.3799999999999997,0.03999999999999994,0.09999999999999987,5.6,0.48989794855663565,1.0,8.6,2.1540659228538015,5.0,2.898550724637677,8.6,2.1540659228538015,13.381611358925285,0.6,0.4,0.6,0.0,0.4,0.8,0.0,0.6,0.4,0.4,0.2,0.4,0.0,0.4,0.6,0.4,0.0,0.7172213254389758,0.33999999999999997,0.0,0.35054139763169273,265
2025,2026,2028,Au-Ir-Pd-Pt-Rh-Ru,CO2RR,0,,2025,0,1,0,1,1,6,An acanthosphere-like PtRuRhPdAuIr high-entropy alloy as an efficient electrocatalyst for reaction in both acidic and alkaline electrolytes An acanthosphere-like PtRuRhPdAuIr high-entropy alloy as an efficient electrocatalyst for reaction in both acidic and alkaline electrolytes An acanthosphere-like PtRuRhPdAuIr high-entropy alloy (HEA) was fabricated for the first time by the electrochemical method,0.0154138746516568,0.1339285714285714,0.0231396591597418,0.1446428571428571,0.0026589423399418,0.1875,0.0573614238245748,0.1392857142857143,0.0149918149876888,0.1357142857142857,0.0316350880893961,0.0928571428571428,0.0134540275659925,0.1857142857142857,0.4031971011153828,0.2535714285714285,0.0181720705360119,0.1928571428571428,0.1628968253968254,6.0,61.5,16.520189667999176,35.0,149.1105115,45.6931921262748,95.896569,2.283333333333333,0.12023125864580951,0.33999999999999986,1.3499999999999999,0.028867513459481253,0.09999999999999987,5.5,0.5,1.0,9.5,0.9574271077563381,3.0,2.138334330331945,9.5,0.9574271077563381,14.897517127344186,1.0,0.8333333333333334,1.0,0.0,0.0,0.8333333333333334,0.3333333333333333,0.5,0.3333333333333333,0.8333333333333334,0.0,0.0,0.0,0.3333333333333333,1.0,0.0,0.0,0.7768463874763569,0.5833333333333334,0.0,0.34802415433814515,266
2025,2026,2028,Au-Pd-Pt-Rh-Ru,CO2RR,0,,2023,2,1,2,1,1,5,Quinary RuRhPdPtAu high-entropy alloy as an efficient electrocatalyst for the reaction Quinary RuRhPdPtAu high-entropy alloy as an efficient electrocatalyst for the reaction Quinary RuRhPdPtAu high-entropy alloy nanoparticles (HEA-NPs) were prepared for the first time from a deep eutectic solvent by an electrochemical method,0.0154138746516568,0.1339285714285714,0.030227383262486,0.2732142857142857,0.0017965214675209,0.1375,0.0602211163890782,0.1535714285714285,0.0079884402596473,0.05,0.0311705845635851,0.0678571428571428,0.014998416380901,0.2,0.3785877522505936,0.1785714285714285,0.021471524903069,0.2107142857142857,0.1561507936507936,5.0,58.4,16.426807358704856,35.0,140.48921380000002,45.381502000641646,95.896569,2.3,0.1252198067399882,0.33999999999999986,1.3499999999999999,0.03162277660168375,0.09999999999999987,5.4,0.48989794855663565,1.0,9.6,1.0198039027185568,3.0,2.342427896421019,9.6,1.0198039027185568,13.381611358925285,1.0,0.8,1.0,0.0,0.0,0.8,0.2,0.6,0.4,0.8,0.0,0.0,0.0,0.4,1.0,0.0,0.0,0.760088322014642,0.5599999999999999,0.0,0.3422943537472497,267
2025,2026,2028,Ag-Ir-Pd-Pt-Ru,CO2RR,0,,2021,4,3,0,2,1,5,"Bayesian Optimization of High-Entropy Alloy Compositions for\n Electrocatalytic reaction Ab Initio to activity: Machine learning assisted optimization of high-entropy alloy catalytic activity. Facile One-Pot Block Copolymer-Mediated Solvothermal Approach for Synthesis of High-Entropy Alloy with Enhanced reaction Activity ian optimization on a model based on density functional\ntheory (DFT) to predict the most active compositions for the electrochemical\noxygen reduction reaction ( reaction ) with the least possible number of sampled\ncompositions for the two HEAs Ag-Ir-Pd-Pt-Ru and Ir-Pd-Pt-Rh-Ru. The discovered\noptima are then scrutinized with DFT and subjected to experimental validation\nwhere optimal catalytic activities are verified for Ag-Pd, Ir-Pt, and Pd-Ru\nbinary systems. This study offers insight into e present our choice of method, however, we also acknowledge that alternative options are available. We apply the developed methodology to predict the net catalytic activity of any alloy composition, within the composition space spanned by Ag-Ir-Pd-Pt-Ru, for the reaction . Based on first-principle calculations, a graph convolution neural network is used to predict adsorption energies of *OH and *O. Subsequently, taking competitive co-adsorption of reaction intermediates in for Synthesis of High-Entropy Alloy with Enhanced reaction Activity High Resolution Image Download MS PowerPoint Slide Herein, we introduce a straightforward synthesis approach for highly active dendritic multimetallic high-entropy alloy (DMHEA@PtIrPdAgRu) nanoparticles with sufficient entropic mixing, featuring uniform distribution of five noble group metals (Pt, Ir, Pd, Ag, and Ru) via a block copolymer-mediated one-pot solvothermal reduction method for reaction ( reaction ). In",0.0351698496501777,0.3392857142857143,0.0123206506748183,0.1035714285714285,0.0017075570420164,0.0875,0.2056286881817635,0.6,0.1461120440812655,0.9,0.0683492683690296,0.3392857142857143,0.0046142659078403,0.0535714285714285,0.6107016963855979,0.8857142857142857,0.0038562886019155,0.0428571428571428,0.3724206349206349,5.0,58.4,15.628179676469042,34.0,140.53184000000002,43.439755402884124,94.01400000000001,2.162,0.12006664815842909,0.34999999999999987,1.4,0.10488088481701516,0.30000000000000004,5.4,0.48989794855663565,1.0,9.6,1.0198039027185568,3.0,7.49149177264394,9.6,1.0198039027185568,13.381611358925285,1.0,0.8,1.0,0.0,0.0,0.8,0.4,0.6,0.4,0.8,0.0,0.0,0.0,0.4,1.0,0.0,0.0,0.42900638106724354,0.5599999999999999,0.0,0.3402912000344588,268
2025,2026,2028,Ir-Mo-Pd-Sn-Zn,CO2RR,0,,2025,0,1,0,1,1,5,Exploring the electrocatalytic performance of PdIrSnZnMo high entropy alloy (HEA) towards the reaction in an acidic medium: a theoretically supported approach Exploring the electrocatalytic performance of PdIrSnZnMo high entropy alloy (HEA) towards the reaction in an acidic medium: a theoretically supported approach The present study highlights the reaction electrocatalytic performance of PdIrSnZnMo HEA with the delivery of a low overpot,0.0154138746516568,0.1339285714285714,0.0246834012891072,0.1892857142857142,0.0010947473740016,0.0535714285714285,0.0667675113488611,0.1964285714285714,0.0230097309199448,0.2071428571428571,0.0319826626927221,0.1071428571428571,0.0055936830434666,0.075,0.4225404441458105,0.2857142857142857,0.0062611015657615,0.0714285714285714,0.1466269841269841,5.0,49.0,15.517731793016658,47.0,115.73920000000001,42.11808254609889,126.808,2.034,0.2116223050625809,0.5500000000000003,1.4,0.04472135954999574,0.09999999999999987,5.0,0.6324555320336759,2.0,10.2,2.7129319932501073,8.0,3.194382824999696,8.2,2.85657137141714,13.381611358925285,0.4,0.4,0.4,0.2,0.2,0.6,0.2,0.2,0.4,0.4,0.0,0.2,0.0,0.4,0.4,0.2,0.2,0.644229502831213,0.27999999999999997,0.0,0.33125099370650674,269
2025,2026,2028,Co-Mn-Mo-Ni-P,CO2RR,0,,2025,0,1,0,2,1,5,"Comparative Performance Analysis of Non-Precious Metal-Based and Iridium-Based Electrocatalysts in Seawater and Alkaline Electrolyzers ance spectroscopy (EIS), in both seawater and potassium hydroxide (KOH) electrolytes. The Ir-based results are compared to non-precious metal alloy electrocatalysts such as NiFeP and high entropy alloy (HEA) electrocatalysts (NiCoMoFeP and NiCoMoMnP). The electrocatalysts are employed as bifunctional catalysts for both reaction and reaction . To assess long-term stability, chronoamperometry and cycling durability tests are employed, alongside measurements of surface morphology changes via post-op",0.0154138746516568,0.1339285714285714,0.0045217677909025,0.0339285714285714,0.0007124760628687,0.0053571428571428,0.084420701323596,0.25,0.0238336619327577,0.2178571428571428,0.0635285110014275,0.3142857142857143,0.004956331529105,0.0607142857142857,0.6487812502299454,0.9607142857142856,0.0056858079191766,0.0607142857142857,0.2263888888888888,5.0,27.4,8.639444426582072,27.0,59.8956804,20.79721300765068,64.966238,1.938,0.2312920232087566,0.6399999999999999,1.31,0.15937377450509227,0.44999999999999996,4.0,0.6324555320336759,2.0,9.4,3.1368774282716245,9.0,12.165936985121547,7.4,1.8547236990991407,13.381611358925285,0.0,0.0,0.4,0.6,0.8,0.4,0.6,0.4,0.0,0.0,0.6,0.2,0.6,0.0,0.0,0.8,0.6,0.18809558375387034,0.18,0.6,0.3303036751261611,270
2025,2026,2028,Ag-Al-Cu-Ni-Ti,CO2RR,0,,2023,2,1,2,1,1,5,Novel high entropy alloy (AgAlCuNiTi) hybridized MoS2/Si nanowires heterostructure with plasmonic enhanced photocatalytic activity Novel high entropy alloy (AgAlCuNiTi) hybridized MoS2/Si nanowires heterostructure with plasmonic enhanced photocatalytic activity Hydrogen has garnered widespread attention as a pivotal indicator for future sustainable development. Current research aims to utilize clean energy,0.0154138746516568,0.1339285714285714,0.030227383262486,0.2732142857142857,0.0017965214675209,0.1375,0.0496605978963071,0.0928571428571428,0.0131967555969266,0.1035714285714285,0.0313013541728129,0.0714285714285714,0.0088877192468407,0.1285714285714285,0.3324979438691783,0.025,0.0087773779157763,0.1,0.1184523809523809,5.0,27.8,11.160645142642965,34.0,60.99122772,26.60135978125482,80.88666140000001,1.778,0.16749925372968077,0.3899999999999999,1.3900000000000001,0.11575836902790228,0.3500000000000001,4.0,0.6324555320336759,2.0,9.8,3.059411708155671,9.0,8.327940217834696,7.8,3.54400902933387,13.381611358925285,0.2,0.0,0.6,0.6,0.4,0.2,0.2,0.6,0.4,0.0,0.2,0.2,0.4,0.4,0.2,0.4,0.6,0.3414344082299682,0.06,0.4,0.3097338938975619,271
2025,2026,2028,B-Co-Cu-Fe-Mn-Ru,CO2RR,0,,2024,1,1,1,1,1,6,"FeCoCuMnRuB Nanobox with Dual Driving of High-Entropy and Electron-Trap Effects as the Efficient Electrocatalyst for reaction FeCoCuMnRuB Nanobox with Dual Driving of High-Entropy and Electron-Trap Effects as the Efficient Electrocatalyst for reaction High-entropy borides hold potential as electrocatalysts for reaction . However, the synthesis of the tailored na",0.0154138746516568,0.1339285714285714,0.0256147892340452,0.2142857142857142,0.0114317174566983,0.4107142857142857,0.0389071651258133,0.05,0.0126887750033203,0.1,0.0308076109796732,0.0535714285714285,0.0049577586225244,0.0642857142857142,0.4113416300208267,0.2642857142857143,0.0050268525554783,0.05,0.1490079365079365,6.0,26.0,11.372481406154654,39.0,57.523873333333334,26.223764679242706,90.25899999999999,1.9000000000000004,0.1989137166378093,0.6500000000000001,1.275,0.19311050377094113,0.5499999999999999,3.8333333333333335,0.8975274678557507,3.0,9.333333333333334,2.054804667656325,6.0,15.14592186438754,7.666666666666667,2.42670329642684,14.897517127344186,0.16666666666666666,0.16666666666666666,0.6666666666666666,0.6666666666666666,0.5,0.16666666666666666,0.6666666666666666,0.5,0.16666666666666666,0.16666666666666666,0.3333333333333333,0.0,0.6666666666666666,0.16666666666666666,0.16666666666666666,0.5,0.6666666666666666,0.21076039835353347,0.21666666666666665,0.6666666666666666,0.30861502426796483,272
2025,2026,2028,Ce-Co-Fe-Ni-Pt-Ru-Zn,CO2RR,0,,2024,1,1,1,2,1,7,"Stimulating Electron Delocalization of Lanthanide Elements through High-Entropy Confinement to Promote Electrocatalytic Water Splitting the delocalization of 4f electrons can be achieved through the interaction between the multimetal active site and RE, which benefits to regulate the adsorption strength of the HEA surface. Herein, the RE Ce-modified hexagonal-close-packed PtRuFeCoNiZn-Ce/C HEAs are synthesized and showed an excellent electrocatalytic activity for reaction and reaction with ultralow overpotentials of 4, 7 and 156, 132 mV, respectively, to reach 10 mA cm –2 in 0.5 M H 2 SO",0.0154138746516568,0.1339285714285714,0.00439671802137,0.0285714285714285,0.0038262125565879,0.2107142857142857,0.1216825045902398,0.375,0.0503089308428627,0.3892857142857143,0.0613829569703418,0.2964285714285714,0.008441191543079,0.125,0.6419854015836645,0.9321428571428572,0.0099074072525817,0.1142857142857142,0.289484126984127,7.0,41.57142857142857,18.422479613288782,52.0,96.45008499999999,49.428319122482016,139.239,1.8385714285714285,0.35542443727499223,1.1599999999999997,1.4214285714285713,0.1769930241909124,0.55,4.714285714285714,0.880630571852711,2.0,8.571428571428571,2.610809554642438,9.0,12.451770546094341,8.571428571428571,2.610809554642438,16.17919719230721,0.2857142857142857,0.2857142857142857,0.7142857142857143,0.5714285714285714,0.42857142857142855,0.42857142857142855,0.5714285714285714,0.5714285714285714,0.0,0.2857142857142857,0.2857142857142857,0.0,0.42857142857142855,0.0,0.2857142857142857,0.42857142857142855,0.5714285714285714,0.10120289390750543,0.2857142857142857,0.42857142857142855,0.29634301102939453,273
2025,2026,2028,Co-Cu-Fe-Mn-N-Ni,CO2RR,0,,2021,4,1,4,1,1,6,High entropy alloy nitrides with integrated nanowire/nanosheet architecture for efficient alkaline reaction reactions High entropy alloy nitrides with integrated nanowire/nanosheet architecture for efficient alkaline reaction reactions We report the in situ synthesis of FeCoNiCuMnN high entropy alloy nitrides with unique integrated nanowire/nanosheet architecture on carbon cloth by hydrothermal reaction and subsequent calcination.,0.0154138746516568,0.1339285714285714,0.0346845628809821,0.3107142857142857,0.0017156983240673,0.1035714285714285,0.059469394456793,0.15,0.0115292074390105,0.0892857142857142,0.0305120652693944,0.0464285714285714,0.0127492786887768,0.1785714285714285,0.4236875240191792,0.2964285714285714,0.015245907458831,0.175,0.1648809523809523,6.0,23.666666666666668,7.564537145273478,22.0,50.99372333333334,16.768086426307878,49.5393,2.018333333333333,0.47319540243845243,1.49,1.25,0.2692582403567252,0.7499999999999999,3.6666666666666665,0.7453559924999299,2.0,10.0,2.581988897471611,8.0,21.540659228538015,8.333333333333334,1.9720265943665387,14.897517127344186,0.0,0.0,0.6666666666666666,0.8333333333333334,0.6666666666666666,0.16666666666666666,0.6666666666666666,0.6666666666666666,0.16666666666666666,0.0,0.5,0.0,0.8333333333333334,0.16666666666666666,0.0,0.6666666666666666,0.8333333333333334,0.0187632182930833,0.15,0.8333333333333334,0.28982539405935354,274
2025,2026,2028,Ag-Au-Cu-Ir-Pd-Pt-Rh,CO2RR,0,,2025,0,1,0,1,1,7,"A Radical-Assisted Approach to High-Entropy Alloy Nanoparticle Electrocatalysts under Ambient Conditions ient conditions. These isopropanol radicals verified by electron paramagnetic resonance spectroscopy impose very large overpotentials to reduce diverse metal ions into HEA nanoparticles with five to seven different elements. Specially, the PtPdIrRhAuAgCu HEA nanoparticles on a reduced electrochemical graphene oxide (rEGO) support (PtPdIrRhAuAgCu-rEGO) demonstrate superior activity for the reaction ( reaction ) across the entire pH range, with very small overpotentials of 11, 30",0.0154138746516568,0.1339285714285714,0.021690318141189,0.1267857142857142,0.0010947473740016,0.0535714285714285,0.0648049724449742,0.1857142857142857,0.0084447770589972,0.0535714285714285,0.0338087911124351,0.1607142857142857,0.0023889781315767,0.0142857142857142,0.4598359001089301,0.4821428571428571,0.0019682598946052,0.0178571428571428,0.1365079365079365,7.0,57.285714285714285,18.797524804492486,50.0,137.85818128571427,51.207177837107,133.420569,2.19,0.20375054776438203,0.6400000000000001,1.3928571428571428,0.08630747123996123,0.25,5.285714285714286,0.6998542122237652,2.0,10.142857142857142,0.8329931278350429,2.0,6.196433832612602,10.142857142857142,0.8329931278350429,16.17919719230721,0.8571428571428571,0.5714285714285714,1.0,0.14285714285714285,0.0,0.5714285714285714,0.14285714285714285,0.7142857142857143,0.5714285714285714,0.5714285714285714,0.0,0.0,0.14285714285714285,0.5714285714285714,0.8571428571428571,0.0,0.14285714285714285,0.45460641744511343,0.39999999999999997,0.14285714285714285,0.2792390680906769,275
2025,2026,2028,Co-Cu-Fe-Mn-Mo-Ni-O,CO2RR,0,,2025,0,1,0,1,1,7,Open-Air Pulsed Laser-Deposited NiCoCuFeMoMnO x High-Entropy Oxide Thin Films for Efficient Electrocatalytic reaction Open-Air Pulsed Laser-Deposited NiCoCuFeMoMnO x High-Entropy Oxide Thin Films for Efficient Electrocatalytic reaction High-entropy materials have garnered significant attention as possible non-noble metal-based electrocatalysts for the production of hydrogen via water,0.0154138746516568,0.1339285714285714,0.021690318141189,0.1267857142857142,0.0010947473740016,0.0535714285714285,0.0497555127237373,0.1,0.0143048518466349,0.1285714285714285,0.0347328378148787,0.1928571428571428,0.0122176493805024,0.1714285714285714,0.4592238260481864,0.4714285714285714,0.0128508088698356,0.1392857142857143,0.1686507936507936,7.0,26.428571428571427,9.209577977877826,34.0,57.69929142857143,21.543943088937137,79.9406,2.0957142857142856,0.5730833183716992,1.89,1.2714285714285716,0.2762725657973388,0.85,3.857142857142857,0.8329931278350429,3.0,9.571428571428571,3.0639443699324596,10.0,21.729302927880575,8.142857142857142,1.8070158058105026,16.17919719230721,0.0,0.0,0.5714285714285714,0.7142857142857143,0.7142857142857143,0.2857142857142857,0.5714285714285714,0.5714285714285714,0.14285714285714285,0.0,0.42857142857142855,0.14285714285714285,0.7142857142857143,0.14285714285714285,0.0,0.7142857142857143,0.7142857142857143,0.0,0.12857142857142856,0.7142857142857143,0.2701785714285714,276
2025,2026,2028,C-Co-Cu-Fe-Mn-N-Ni,CO2RR,0,,2025,0,1,0,1,1,7,"Highly Active and Stable MXene-Supported High-Entropy Alloy Catalysts for the reaction ost-effectiveness and improved stability of nonprecious materials. However, its efficiency is restricted by the sluggish kinetics of the reaction ( reaction ). Herein, we report a catalyst derived from a high-entropy alloy (HEA), CuFeMnCoNi-NC/MXene, which exhibits remarkable reaction activity and durability. The catalyst achieves an overpotential of 267 mV at 10 mA cm –2 and a Tafel slope of 50.9 mV dec –1 . It also exhibits low charge-transfer resistance ( R ct = 3.4 Ω) and a large",0.0154138746516568,0.1339285714285714,0.021690318141189,0.1267857142857142,0.0010947473740016,0.0535714285714285,0.0749339129522991,0.2285714285714285,0.0168358701438244,0.1428571428571428,0.0341828581185787,0.1678571428571428,0.0040571520255262,0.0357142857142857,0.4584876866191378,0.4607142857142857,0.0050033427063764,0.0464285714285714,0.1551587301587301,7.0,21.142857142857142,9.341590128155323,23.0,45.42472,20.666024068923402,51.5353,2.0942857142857143,0.47596089703903627,1.49,1.1714285714285713,0.3149343955006943,0.7499999999999999,3.4285714285714284,0.9035079029052513,2.0,10.571428571428571,2.770102775666474,8.0,26.884643518351954,7.714285714285714,2.3733211036908783,16.17919719230721,0.0,0.0,0.5714285714285714,0.7142857142857143,0.5714285714285714,0.14285714285714285,0.5714285714285714,0.5714285714285714,0.14285714285714285,0.0,0.42857142857142855,0.0,0.7142857142857143,0.14285714285714285,0.0,0.5714285714285714,0.7142857142857143,0.01682737207267461,0.12857142857142856,0.7142857142857143,0.26915535447894523,277
2025,2026,2028,Co-Fe-Ni-Pd-Y,CO2RR,0,,2025,0,1,0,1,1,5,"Dealloying-driven nanospherical architecture in AlYNiPdCoFe high-entropy alloy ribbons: controllable synthesis and mechanistic insights into enhanced reaction Dealloying-driven nanospherical architecture in AlYNiPdCoFe high-entropy alloy ribbons: controllable synthesis and mechanistic insights into enhanced reaction Amorphous YNiPdCoFe HEA boosts reaction through synergistic effects, abundant active sites, fast mass/electron transport, and en",0.0154138746516568,0.1339285714285714,0.0246834012891072,0.1892857142857142,0.0010947473740016,0.0535714285714285,0.0458251725426831,0.0785714285714285,0.0037830837259277,0.0142857142857142,0.0283972907716032,0.0053571428571428,0.0253177371007336,0.2714285714285714,0.3593887396100617,0.1160714285714285,0.048481198463655,0.2928571428571428,0.1283730158730158,5.0,33.2,7.934733769950949,20.0,73.759489,20.316772273099488,50.575,1.8080000000000003,0.3210856583530321,0.9800000000000002,1.46,0.17146428199482247,0.44999999999999996,4.4,0.48989794855663565,1.0,8.0,2.6076809620810595,7.0,11.744128903754964,8.0,2.6076809620810595,13.381611358925285,0.2,0.2,0.8,0.6,0.6,0.4,0.6,0.8,0.2,0.2,0.4,0.0,0.6,0.2,0.2,0.6,0.6,0.1252400391528775,0.26,0.6,0.25933986888872035,278
2025,2026,2028,Al-Co-Fe-Ni-Pd-Y,CO2RR,0,,2025,0,1,0,1,1,6,"Dealloying-driven nanospherical architecture in AlYNiPdCoFe high-entropy alloy ribbons: controllable synthesis and mechanistic insights into enhanced reaction Dealloying-driven nanospherical architecture in AlYNiPdCoFe high-entropy alloy ribbons: controllable synthesis and mechanistic insights into enhanced reaction Amorphous YNiPdCoFe HEA boosts reaction through synergistic effects, abundant active sites, fast mass/electron transport, and en",0.0154138746516568,0.1339285714285714,0.0231396591597418,0.1446428571428571,0.0026589423399418,0.1875,0.0469625471136735,0.0857142857142857,0.009705239936256,0.0642857142857142,0.0283972907716032,0.0053571428571428,0.021002778949747,0.2357142857142857,0.3593887396100617,0.1160714285714285,0.0420618195886282,0.2714285714285714,0.1382936507936508,6.0,29.833333333333332,10.446955962809879,33.0,65.96316393333333,25.45367266996707,79.4384614,1.7750000000000001,0.3022554107593996,0.9800000000000002,1.425,0.17500000000000002,0.55,4.166666666666667,0.6871842709362768,2.0,8.833333333333334,3.023059524536176,10.0,12.280701754385964,7.166666666666667,3.0230595245361758,14.897517127344186,0.16666666666666666,0.16666666666666666,0.6666666666666666,0.5,0.5,0.3333333333333333,0.5,0.6666666666666666,0.16666666666666666,0.16666666666666666,0.3333333333333333,0.0,0.5,0.16666666666666666,0.16666666666666666,0.5,0.5,0.13842121246842026,0.21666666666666665,0.5,0.25709183993100226,279
2025,2026,2028,Ag-Au-Pd-Pt-Ru,CO2RR,0,,2023,2,1,2,1,1,5,"Chelating Co-reduction Strategy for the Synthesis of High-Entropy Alloy Aerogels alicylic acid, and 4,4′-bipyridine) with a certain strong coordination capacity can adjust the reduction potential of different metal components, which is the key to synthesize single-phase solid solution alloys successfully. The optimized AgRuPdAuPt HEAA can be an excellent electrocatalyst for reaction ( reaction ) with an ultrasmall overpotential of 22 mV at 10 mA cm –2 and excellent stability for 24 h in an alkaline solution. In situ Raman spectroscopy unveils the enhanc",0.0154138746516568,0.1339285714285714,0.030227383262486,0.2732142857142857,0.0017965214675209,0.1375,0.055790490576135,0.1321428571428571,0.0133253196691674,0.1107142857142857,0.0317729293063353,0.0964285714285714,0.0058288472379403,0.0821428571428571,0.4483522494544154,0.4214285714285714,0.0084517900585247,0.0892857142857142,0.1640873015873016,5.0,58.8,16.117071694324625,35.0,141.48175379999998,44.59612749836624,95.896569,2.2299999999999995,0.1951409746824075,0.6100000000000001,1.4,0.10488088481701516,0.30000000000000004,5.4,0.48989794855663565,1.0,10.0,1.0954451150103321,3.0,7.49149177264394,10.0,1.0954451150103321,13.381611358925285,1.0,0.6,1.0,0.0,0.0,0.6,0.2,0.8,0.6,0.6,0.0,0.0,0.0,0.6,1.0,0.0,0.0,0.37645435250045867,0.42,0.0,0.2447755914644233,280
