"cutoff_year","horizon_start","horizon_end","system_id","reaction_id","label","first_edge_year","system_first_year","system_age","system_paper_count","system_recency","system_reaction_degree","reaction_system_count","element_count","score_popularity","percentile_popularity","score_logistic_topology","percentile_logistic_topology","score_random_forest_topology","percentile_random_forest_topology","score_random_forest_chemistry","percentile_random_forest_chemistry","score_random_forest_hybrid","percentile_random_forest_hybrid","score_logistic_text","percentile_logistic_text","score_logistic_text_hybrid","percentile_logistic_text_hybrid","score_lsa_text_embedding","percentile_lsa_text_embedding","score_pu_logistic_hybrid","percentile_pu_logistic_hybrid","ensemble_score"
"2025","2026","2028","Co-Cu-Fe-Mn-Ni","HER","0","","2023","2","5","0","1","63","5","0.8898385436030111","1.0","0.8988848251253766","1.0","0.1522807057560843","0.9821428571428571","0.30234616955395865","0.7928571428571428","0.18166886996476983","0.9357142857142857","0.6710271496963754","0.9285714285714286","0.8045920613395757","1.0","0.5696953500011456","0.8392857142857143","1.0","0.9714285714285714","0.9388888888888888"
"2025","2026","2028","Co-Cu-Fe-Ni-Zn","HER","0","","2021","4","4","0","1","63","5","0.861484622477535","0.9964285714285714","0.848292281262402","0.9964285714285714","0.08118176147866125","0.8928571428571429","0.33158887921952784","0.8535714285714285","0.11943565857507364","0.8214285714285714","0.6860380804423566","0.95","0.5848777148681764","0.9571428571428572","0.5949911217300731","0.8714285714285714","0.9655213561878698","0.9285714285714286","0.9186507936507938"
"2025","2026","2028","Co-Fe-Ni-Pt-Ru","OER","0","","2024","1","2","0","1","63","5","0.7495347567472388","0.9464285714285714","0.675231779794557","0.9535714285714286","0.0431026552221013","0.7714285714285715","0.4037286847427048","0.9392857142857143","0.1328043443011663","0.8571428571428571","0.6601080551354873","0.8964285714285715","0.7614729913949422","0.9964285714285714","0.531928780385784","0.7678571428571429","1.0","0.9714285714285714","0.8999999999999999"
"2025","2026","2028","Co-Cr-Fe-Mo-Ni","ORR","0","","2020","5","9","0","2","29","5","0.8500729346209318","0.9928571428571429","0.7923140406511509","0.9928571428571429","0.2615603771775986","1.0","0.20823029752775896","0.6071428571428571","0.17956901561300861","0.9285714285714286","0.47395671503594544","0.6678571428571428","0.5079782158355503","0.9321428571428572","0.7133225578810446","0.9821428571428571","0.9271478829084828","0.9214285714285714","0.8916666666666665"
"2025","2026","2028","Co-Fe-Ga-Ni-Zn","HER","0","","2020","5","2","4","1","63","5","0.7495347567472388","0.9464285714285714","0.7573195298370159","0.9785714285714285","0.10468912932560165","0.9178571428571428","0.3369031390842645","0.8571428571428571","0.11032542903064893","0.8","0.6639167636328559","0.9035714285714286","0.6160948034599885","0.9714285714285714","0.498312401160401","0.6428571428571429","1.0","0.9714285714285714","0.8876984126984128"
"2025","2026","2028","Co-Cu-Fe-Mn-Ni","ORR","0","","2023","2","5","0","1","29","5","0.7318105194571123","0.9267857142857143","0.7480067663084016","0.975","0.15372050921775526","0.9857142857142858","0.2526523728753352","0.7142857142857143","0.18564674450977536","0.9392857142857143","0.34111180688908144","0.5964285714285714","0.6349753834325085","0.9785714285714285","0.5696953883795731","0.8428571428571429","1.0","0.9714285714285714","0.8811507936507936"
"2025","2026","2028","Al-Co-Fe-Mo-Ni","HER","0","","2022","3","3","0","1","63","5","0.8187546221687015","0.9785714285714285","0.7732095414504564","0.9821428571428571","0.04809186788554136","0.8178571428571428","0.34517386717518267","0.875","0.13127048460990948","0.85","0.6356648630544427","0.8178571428571428","0.6596888293679951","0.9857142857142858","0.47353776474344667","0.5464285714285714","1.0","0.9714285714285714","0.8694444444444445"
"2025","2026","2028","Co-Cu-Ni-Pt-Ru","OER","0","","2022","3","2","1","1","63","5","0.7495347567472388","0.9464285714285714","0.6998275241513718","0.9678571428571429","0.10126273163331002","0.9142857142857143","0.21322161331095094","0.6285714285714286","0.08810580652868333","0.6607142857142857","0.6666430720145595","0.9142857142857143","0.619776551744228","0.975","0.5572528831826682","0.8071428571428572","1.0","0.9714285714285714","0.8650793650793651"
"2025","2026","2028","Co-Fe-Mn-Ni-V","OER","0","","2024","1","3","0","2","63","5","0.8187546221687015","0.9785714285714285","0.3772181758165284","0.6321428571428571","0.12286227721601378","0.9464285714285714","0.6397646316100355","1.0","0.2691909760518497","0.9857142857142858","0.7903166002204255","0.9785714285714285","0.21430877278393748","0.6714285714285714","0.6244345126486976","0.9035714285714286","0.41081005577396834","0.6571428571428571","0.8615079365079366"
"2025","2026","2028","Co-Fe-Ni-Pd-Pt","HER","0","","2022","3","3","0","2","63","5","0.8187546221687015","0.9785714285714285","0.37961903954312615","0.6410714285714286","0.04122789112680191","0.7625","0.6161639730987054","0.9964285714285714","0.2545858144938783","0.9821428571428571","0.7918169787306709","0.9821428571428571","0.23746263532645798","0.7107142857142857","0.6422424407747013","0.9428571428571428","0.49914455930252866","0.7285714285714285","0.8583333333333333"
"2025","2026","2028","Co-Cr-Fe-Ni","ORR","0","","2021","4","6","0","2","29","4","0.7728279749719699","0.9642857142857143","0.48540532402752495","0.6857142857142857","0.18731725855699363","0.9964285714285714","0.3908140008956943","0.9357142857142857","0.3018287008229481","1.0","0.44763939764404975","0.6357142857142857","0.27591490486113607","0.7571428571428571","0.5973733667748652","0.8821428571428571","0.648622495732222","0.8035714285714286","0.8511904761904763"
"2025","2026","2028","Co-Cu-Ni-Pd-Pt","HER","0","","2021","4","3","0","1","63","5","0.8187546221687015","0.9785714285714285","0.7750234557106934","0.9857142857142858","0.05658816138273744","0.8357142857142857","0.3593129755064713","0.8857142857142857","0.09563244487591052","0.7","0.6793623087531246","0.9464285714285714","0.47597294735919254","0.9107142857142857","0.46648888931059695","0.5142857142857142","0.8255235996183361","0.8678571428571429","0.8472222222222222"
"2025","2026","2028","B-Co-Cu-Fe-Ir-Mo-Ni","HER","0","","2024","1","1","1","1","63","7","0.6264053635068966","0.7875","0.54945971550599","0.7482142857142857","0.06785773719538639","0.8767857142857143","0.2874442756457316","0.775","0.10073166642408066","0.7392857142857143","0.6620807663056405","0.9","0.6010384944991782","0.9642857142857143","0.5773997969058291","0.8607142857142858","1.0","0.9714285714285714","0.8470238095238095"
"2025","2026","2028","Co-Cu-Fe-Ni-Zn","ORR","0","","2021","4","4","0","1","29","5","0.6777065661465951","0.9214285714285714","0.6512150923158909","0.9357142857142857","0.1388690634822352","0.975","0.23150354791829247","0.6857142857142857","0.16761694685869993","0.9178571428571428","0.35674580069408235","0.6035714285714285","0.37313406081103445","0.8392857142857143","0.5949911440229172","0.875","0.6277167181994571","0.7964285714285714","0.838888888888889"
"2025","2026","2028","Co-Fe-Ni-V","OER","0","","2025","0","1","0","1","63","4","0.6264053635068966","0.7875","0.5752644060743946","0.8089285714285714","0.02938434692698005","0.6517857142857143","0.5448480563826009","0.9892857142857143","0.14737419635610433","0.9035714285714286","0.6472071721805805","0.85","0.6049232190916658","0.9678571428571429","0.47766308020449666","0.5642857142857143","1.0","0.9714285714285714","0.8327380952380952"
"2025","2026","2028","Co-Cu-Ni-Pd-Pt","OER","0","","2021","4","3","0","1","63","5","0.8187546221687015","0.9785714285714285","0.7768559237740112","0.9892857142857143","0.16249296647329525","0.9892857142857143","0.17106175003337076","0.5142857142857142","0.09251222416904147","0.6928571428571428","0.6750937163577357","0.9392857142857143","0.47929254095136675","0.9178571428571428","0.46648889971727847","0.5178571428571429","0.8308216603820915","0.8714285714285714","0.8234126984126985"
"2025","2026","2028","Co-Cu-Fe-Ni-P","OER","0","","2024","1","2","0","1","63","5","0.7495347567472388","0.9464285714285714","0.675231779794557","0.9535714285714286","0.0431026552221013","0.7714285714285715","0.3661999815938161","0.9","0.13850119208897194","0.8714285714285714","0.6283561194457258","0.7714285714285715","0.47403747977698735","0.9071428571428571","0.42822058164307736","0.33214285714285713","0.9435802188623399","0.925","0.8198412698412699"
"2025","2026","2028","Co-Fe-Mn-Ni-Pt","HER","0","","2023","2","2","1","2","63","5","0.7495347567472388","0.9464285714285714","0.29067126996574916","0.49642857142857144","0.06604071973926906","0.8642857142857143","0.35469010747621577","0.8785714285714286","0.17175502677320625","0.9214285714285714","0.7923070985511609","0.9857142857142858","0.2133302351255107","0.6678571428571428","0.6115691625358408","0.8964285714285715","0.43214055722520806","0.6892857142857143","0.8162698412698411"
"2025","2026","2028","Co-Cr-Ni-Pt","HER","0","","2024","1","1","1","1","63","4","0.6264053635068966","0.7875","0.5979622617382132","0.8517857142857143","0.017672849220944354","0.49464285714285716","0.36896103558878657","0.9107142857142857","0.10430678693388311","0.7714285714285715","0.7034612012673573","0.9642857142857143","0.5528316788029041","0.9392857142857143","0.5064698996614259","0.6714285714285714","0.9936143841028074","0.9357142857142857","0.8140873015873016"
"2025","2026","2028","Co-Cr-Ni-Pt","OER","0","","2024","1","1","1","1","63","4","0.6264053635068966","0.7875","0.6004935046612725","0.8589285714285714","0.02021955496840807","0.5482142857142858","0.3682119549270086","0.9071428571428571","0.09660691780090674","0.7035714285714286","0.6993714633355976","0.9607142857142857","0.5561184454311073","0.9428571428571428","0.5064699192482687","0.675","0.9980085078094388","0.9392857142857143","0.8136904761904762"
"2025","2026","2028","Co-Fe-Ni-Pt-Rh","OER","0","","2021","4","1","4","1","63","5","0.6264053635068966","0.7875","0.657873890440714","0.9410714285714286","0.0315652703369831","0.6660714285714285","0.3376444503762731","0.8607142857142858","0.09714533185425576","0.7142857142857143","0.6318291231638972","0.7964285714285714","0.6527847005174311","0.9821428571428571","0.48841273123249024","0.6035714285714285","1.0","0.9714285714285714","0.8136904761904762"
"2025","2026","2028","Al-Cr-Fe-Ni","HER","0","","2023","2","2","2","1","63","4","0.7495347567472388","0.9464285714285714","0.7282007241409632","0.9714285714285714","0.08636006718598521","0.8964285714285715","0.31698312056637123","0.825","0.11014163931674657","0.7964285714285714","0.6278931695403255","0.7642857142857142","0.4206550384973449","0.8714285714285714","0.4283360441135415","0.34285714285714286","0.8359513178258006","0.8821428571428571","0.8107142857142856"
"2025","2026","2028","Ag-Ir-Pd-Pt-Ru","HER","0","","2021","4","3","0","2","63","5","0.8187546221687015","0.9785714285714285","0.382065132719362","0.6464285714285715","0.05217015179612991","0.8214285714285714","0.6149382629851781","0.9928571428571429","0.28604743893813117","0.9928571428571429","0.7925990770336675","0.9892857142857143","0.09780355874053719","0.4857142857142857","0.6107016976566333","0.8892857142857142","0.14705721028275298","0.45357142857142857","0.8055555555555555"
"2025","2026","2028","Co-Cu-Ni-Pt-Ru","ORR","0","","2022","3","2","1","1","29","5","0.5037648985160553","0.6196428571428572","0.4351305976069702","0.6785714285714286","0.11159720864917831","0.9285714285714286","0.3902019752250631","0.9321428571428572","0.2462680776203374","0.9785714285714285","0.3410521765588376","0.5928571428571429","0.40460115561226584","0.8642857142857143","0.5572528986298589","0.8107142857142857","0.7746169029575417","0.8392857142857143","0.8049603174603175"
"2025","2026","2028","Co-Fe-Mn-Ni","HER","0","","2019","6","2","0","2","63","4","0.7495347567472388","0.9464285714285714","0.29354001269766583","0.5","0.11100010598909439","0.925","0.4274831132595643","0.9571428571428572","0.20466482385820545","0.9714285714285714","0.7950800950505402","0.9964285714285714","0.1348235138974025","0.5392857142857143","0.561550328319279","0.825","0.26327428985504364","0.5535714285714286","0.8015873015873016"
"2025","2026","2028","Mo-Ni-Pd-Pt-Rh","OER","0","","2023","2","2","0","1","63","5","0.7495347567472388","0.9464285714285714","0.6775024891536399","0.9607142857142857","0.05494608000545367","0.8321428571428572","0.2417833597879907","0.7035714285714286","0.06638886768672742","0.5357142857142857","0.6315582106269128","0.7928571428571428","0.7130971773324133","0.9928571428571429","0.4556253221463838","0.44285714285714284","1.0","0.9714285714285714","0.7976190476190477"
"2025","2026","2028","Co-Cr-Fe-Mn-Ni-V","HER","0","","2022","3","1","3","1","63","6","0.6264053635068966","0.7875","0.6160865413328848","0.8964285714285715","0.05398762238168893","0.825","0.21506418853787285","0.6428571428571429","0.05953528745231346","0.4607142857142857","0.6689147279631299","0.9214285714285714","0.4910886346850294","0.9214285714285714","0.5452959067023875","0.7892857142857143","0.8422392243839509","0.8857142857142857","0.7922619047619048"
"2025","2026","2028","Co-Cu-Fe-Mn-Ni-Zn","OER","0","","2025","0","1","0","1","63","6","0.6264053635068966","0.7875","0.5426545168160604","0.7375","0.06225888740411232","0.8589285714285714","0.47619077266196114","0.975","0.1379233071136677","0.8678571428571429","0.6403586591343248","0.8321428571428572","0.24650350853329536","0.7321428571428571","0.48725335701526906","0.5928571428571429","0.5224637197117689","0.7392857142857143","0.7914682539682539"
"2025","2026","2028","Co-Cu-Mn-Ni-Ru","OER","0","","2024","1","1","1","1","63","5","0.6264053635068966","0.7875","0.5845201721795854","0.8375","0.019943473745682706","0.5339285714285714","0.4352585411481699","0.9642857142857143","0.1020494480704664","0.75","0.6455118489013069","0.8464285714285714","0.3164390709232426","0.7928571428571428","0.5361142498811312","0.7785714285714286","0.5657359848461805","0.775","0.7851190476190477"
"2025","2026","2028","Co-Cu-Fe-Ir-Mo-Ni-Pd","HER","0","","2024","1","1","1","1","63","7","0.6264053635068966","0.7875","0.54945971550599","0.7482142857142857","0.06785773719538639","0.8767857142857143","0.4597048964471439","0.9714285714285714","0.12853846804546945","0.8464285714285714","0.6206825402257437","0.7178571428571429","0.5894911285330721","0.9607142857142857","0.37824268833471275","0.17142857142857143","1.0","0.9714285714285714","0.783531746031746"
"2025","2026","2028","Co-Fe-Mo-Ni","HER","0","","2022","3","1","3","1","63","4","0.6264053635068966","0.7875","0.6468677942229993","0.9267857142857143","0.011215755764892898","0.40535714285714286","0.4474669951649402","0.9678571428571429","0.11491713380639895","0.8178571428571428","0.6289424832508115","0.7785714285714286","0.7078059311245148","0.9892857142857143","0.443454865607843","0.39285714285714285","1.0","0.9714285714285714","0.7819444444444446"
"2025","2026","2028","Co-Cu-Mg-Ni-Zn","OER","0","","2021","4","1","4","1","63","5","0.6264053635068966","0.7875","0.657873890440714","0.9410714285714286","0.0315652703369831","0.6660714285714285","0.25770077464174174","0.7214285714285714","0.08919567375464069","0.6714285714285714","0.6322736332084468","0.8071428571428572","0.4789731845890494","0.9142857142857143","0.49582383351989257","0.6321428571428571","0.8432513634179083","0.8892857142857142","0.7811507936507938"
"2025","2026","2028","Cr-Cu-Ir-Ni-Pt","HER","0","","2023","2","1","2","1","63","5","0.6264053635068966","0.7875","0.6070612593272128","0.8714285714285714","0.03555319863068054","0.6892857142857143","0.3266958484319091","0.8464285714285714","0.08826646635139675","0.6642857142857143","0.6657033158875748","0.9107142857142857","0.3430687000968016","0.8107142857142857","0.5030658043604269","0.6607142857142857","0.5892723444258474","0.7785714285714286","0.7799603174603175"
"2025","2026","2028","Co-Cr-Cu-Fe-Ni","HER","0","","2022","3","3","0","2","63","5","0.8187546221687015","0.9785714285714285","0.37961903954312615","0.6410714285714286","0.04122789112680191","0.7625","0.3900893967837123","0.9285714285714286","0.202974953786166","0.9678571428571429","0.7584936965938672","0.9678571428571429","0.1375667042683214","0.5428571428571428","0.49526408706450187","0.625","0.2762266446649195","0.5714285714285714","0.7761904761904761"
"2025","2026","2028","Co-Fe-Ni-Pt-Ru","ORR","0","","2024","1","2","0","1","29","5","0.5037648985160553","0.6196428571428572","0.4072173388758838","0.6642857142857143","0.039114074928383265","0.7321428571428571","0.2668768593131315","0.7392857142857143","0.18905766784761618","0.9428571428571428","0.33450615639221","0.5821428571428572","0.570978009399367","0.95","0.5319287954172452","0.7714285714285715","1.0","0.9714285714285714","0.7748015873015874"
"2025","2026","2028","Co-Ir-Mn-Ni-Ru","HER","0","","2025","0","1","0","1","63","5","0.6264053635068966","0.7875","0.5564232091858533","0.7625","0.023416202463058363","0.6125","0.4213576285187125","0.9535714285714286","0.10523180686433958","0.775","0.6179972401576785","0.7142857142857143","0.5040902945804558","0.925","0.44379124116976487","0.4035714285714286","1.0","0.9714285714285714","0.7672619047619047"
"2025","2026","2028","Co-Fe-Mo-Ni-Zn","HER","0","","2024","1","1","1","1","63","5","0.6264053635068966","0.7875","0.5819581792597157","0.8196428571428571","0.02201798412435227","0.5910714285714286","0.5100242404471932","0.9821428571428571","0.11120162183913737","0.8071428571428572","0.6239372499087846","0.7392857142857143","0.42688220622516926","0.8857142857142857","0.43771223400811893","0.375","0.8520179053408026","0.8964285714285715","0.7648809523809524"
"2025","2026","2028","Co-Cr-Fe-Mn-Ni-Pt","HER","0","","2025","0","1","0","2","63","6","0.6264053635068966","0.7875","0.17404945147411338","0.43214285714285716","0.04749823717673796","0.8107142857142857","0.2945217786507703","0.7857142857142857","0.12515936479888795","0.8392857142857143","0.8378474294821856","1.0","0.21885803451330885","0.6785714285714286","0.7242157498186346","0.9892857142857143","0.1946479884209254","0.49642857142857144","0.7577380952380953"
"2025","2026","2028","Co-Cu-Fe-Mn-N-Ni","OER","0","","2021","4","1","4","1","63","6","0.6264053635068966","0.7875","0.6428301903328154","0.9214285714285714","0.095820004083947","0.9035714285714286","0.37282907603167703","0.9142857142857143","0.13621546235383425","0.8642857142857143","0.6165232451686288","0.7107142857142857","0.2343269201000382","0.7","0.4236875439660435","0.3","0.44870987279938584","0.7","0.7557539682539682"
"2025","2026","2028","Co-Cu-Fe-Mo-Ni","ORR","0","","2024","1","5","0","2","29","5","0.7318105194571123","0.9267857142857143","0.3452345864747037","0.6142857142857143","0.1391591914575332","0.9785714285714285","0.18366479709465588","0.5464285714285714","0.12427373213118306","0.8321428571428572","0.47389648167816684","0.6642857142857143","0.18114149478459363","0.625","0.685124258271642","0.975","0.348267215103643","0.6214285714285714","0.7537698412698413"
"2025","2026","2028","Au-Ir-Os-Pd-Pt-Re-Rh-Ru","HER","0","","2025","0","1","0","1","63","8","0.6264053635068966","0.7875","0.507040664457433","0.6892857142857143","0.02613168236174836","0.6392857142857142","0.4275502528178804","0.9607142857142857","0.10922649302806729","0.7892857142857143","0.6923454072410168","0.9571428571428572","0.16271313085207068","0.5892857142857143","0.5751304280295167","0.85","0.22277768109042312","0.5214285714285715","0.7537698412698411"
"2025","2026","2028","Co-Fe-Ni-Pt-Rh","ORR","0","","2021","4","1","4","1","29","5","0.3635271858410283","0.4928571428571429","0.3885072701785009","0.6517857142857143","0.06617877856870832","0.8696428571428572","0.34201770678483895","0.8714285714285714","0.19763759413234747","0.9535714285714286","0.30755431983391895","0.5214285714285715","0.4393926497196994","0.8892857142857142","0.4884127536859697","0.6071428571428571","0.9142082488219972","0.9178571428571428","0.7527777777777778"
"2025","2026","2028","Co-Cu-Fe-Ni-Pd","OER","0","","2023","2","1","2","1","63","5","0.6264053635068966","0.7875","0.6095726194348902","0.8857142857142857","0.021676416396424432","0.575","0.27736804649340235","0.7571428571428571","0.07970471614438875","0.6035714285714285","0.6294458829397247","0.7821428571428571","0.3647289375076785","0.8285714285714286","0.506628164182007","0.6821428571428572","0.6402828796501756","0.8","0.7446428571428572"
"2025","2026","2028","Cu-Mn-Mo-Ni-Pt","HER","0","","2024","1","1","1","1","63","5","0.6264053635068966","0.7875","0.5819581792597157","0.8196428571428571","0.02201798412435227","0.5910714285714286","0.35960328736326524","0.8892857142857142","0.10203971059669315","0.7464285714285714","0.6320675019813357","0.8035714285714286","0.4243722670425312","0.8821428571428571","0.41599079025099495","0.2785714285714286","0.8731387182537955","0.9035714285714286","0.7446428571428572"
"2025","2026","2028","Co-Cr-Fe-Ni-Pt","OER","0","","2024","1","1","1","1","63","5","0.6264053635068966","0.7875","0.5845201721795854","0.8375","0.019943473745682706","0.5339285714285714","0.47626252206071645","0.9785714285714285","0.1265515100152238","0.8428571428571429","0.6118243816249224","0.6928571428571428","0.5673018044890444","0.9464285714285714","0.354323614432049","0.10714285714285714","1.0","0.9714285714285714","0.7442460317460317"
"2025","2026","2028","Co-Ni-Pd-Pt-Ru","OER","0","","2024","1","1","1","2","63","5","0.6264053635068966","0.7875","0.20159876244650346","0.4446428571428571","0.04608760482053113","0.7982142857142858","0.3213183863446591","0.8392857142857143","0.165451026073374","0.9142857142857143","0.7703550851112866","0.9714285714285714","0.15388564539749075","0.575","0.525520672330493","0.7357142857142858","0.36029421187676275","0.6285714285714286","0.7438492063492065"
"2025","2026","2028","Co-Fe-Mn-Ni-W","HER","0","","2023","2","1","2","1","63","5","0.6264053635068966","0.7875","0.6070612593272128","0.8714285714285714","0.03555319863068054","0.6892857142857143","0.19031778094103294","0.575","0.05396179011674975","0.4107142857142857","0.6494494998498253","0.8642857142857143","0.5721621245339672","0.9535714285714286","0.4679517944097135","0.5357142857142857","1.0","0.9714285714285714","0.7398809523809524"
"2025","2026","2028","Cr-Cu-Fe-Mn-Ni","HER","0","","2023","2","1","2","1","63","5","0.6264053635068966","0.7875","0.6070612593272128","0.8714285714285714","0.03555319863068054","0.6892857142857143","0.340006739405891","0.8678571428571429","0.07905315286861583","0.5964285714285714","0.624679100172395","0.75","0.29676406434524893","0.7821428571428571","0.46752573004599557","0.525","0.5990244593625326","0.7857142857142857","0.739484126984127"
"2025","2026","2028","Co-Fe-Mn-Ni-Rh","HER","0","","2025","0","1","0","1","63","5","0.6264053635068966","0.7875","0.5564232091858533","0.7625","0.023416202463058363","0.6125","0.2725176161090066","0.7464285714285714","0.07421304918436004","0.5821428571428572","0.6516550031800695","0.8785714285714286","0.30964533966845775","0.7892857142857143","0.5128497316372818","0.7","0.5654142266045462","0.7714285714285715","0.7367063492063493"
"2025","2026","2028","Co-Cr-Fe-Mn-Mo-Ni","HER","0","","2021","4","1","4","2","63","6","0.6264053635068966","0.7875","0.24221756847574946","0.45357142857142857","0.13410910656381045","0.9678571428571429","0.42094141784361444","0.95","0.14115533870624222","0.8857142857142857","0.7939641256637012","0.9928571428571429","0.08782569254546074","0.4607142857142857","0.5018443465744815","0.6535714285714286","0.1309777643061758","0.4357142857142857","0.7319444444444445"
"2025","2026","2028","Co-Cu-Fe-Mn-Ni-Ru","HER","0","","2025","0","1","0","1","63","6","0.6264053635068966","0.7875","0.5400375119641653","0.7267857142857143","0.008977033183012299","0.31607142857142856","0.36422868908775713","0.8964285714285715","0.0804775346405221","0.6142857142857143","0.6507562099267866","0.8714285714285714","0.3170733052055926","0.7964285714285714","0.5298967507190292","0.7571428571428571","0.6261938763782832","0.7928571428571428","0.7287698412698413"
"2025","2026","2028","Al-Cr-Fe-Mo-Ni","HER","0","","2022","3","1","3","1","63","5","0.6264053635068966","0.7875","0.6316111404031914","0.9035714285714286","0.02125478228220954","0.5607142857142857","0.2842435012055196","0.7678571428571429","0.10363643368467491","0.7607142857142857","0.6341706449930073","0.8142857142857143","0.3375250484300546","0.8071428571428572","0.4276943882441144","0.32142857142857145","0.720212727555946","0.8178571428571428","0.7267857142857141"
"2025","2026","2028","Mo-Ni-Pd-Pt-Rh","ORR","0","","2023","2","2","0","1","29","5","0.5037648985160553","0.6196428571428572","0.40972381649472467","0.6714285714285714","0.059536983130315316","0.8428571428571429","0.22329500801297486","0.6607142857142857","0.13270253398933565","0.8535714285714285","0.307306392967576","0.5178571428571429","0.5088851909165653","0.9357142857142857","0.4556253386753483","0.44642857142857145","1.0","0.9714285714285714","0.7244047619047619"
"2025","2026","2028","Au-Ir-Pd-Pt-Ru","OER","0","","2024","1","2","0","1","63","5","0.7495347567472388","0.9464285714285714","0.675231779794557","0.9535714285714286","0.0431026552221013","0.7714285714285715","0.15625228052698487","0.4607142857142857","0.06334845977107653","0.4928571428571429","0.6307929835500798","0.7892857142857143","0.32769326174239305","0.8","0.4621586696160526","0.49642857142857144","0.6586490637223564","0.8071428571428572","0.7242063492063492"
"2025","2026","2028","Co-Cu-Mo-Ni-Pd","HER","0","","2022","3","1","3","1","63","5","0.6264053635068966","0.7875","0.6316111404031914","0.9035714285714286","0.02125478228220954","0.5607142857142857","0.36760158019755396","0.9035714285714286","0.08681219616103883","0.6428571428571429","0.6519227062471455","0.8821428571428571","0.448101641405326","0.8964285714285715","0.3473723688101572","0.07142857142857142","0.8114830393105429","0.8607142857142858","0.7232142857142856"
"2025","2026","2028","Co-Mn-Ni-Ru-Ta","OER","0","","2025","0","1","0","1","63","5","0.6264053635068966","0.7875","0.5590231129327117","0.7875","0.013699422865592404","0.4303571428571429","0.5121802906073951","0.9857142857142858","0.14345835679144117","0.8928571428571429","0.6243301045570641","0.7464285714285714","0.3674716317480782","0.8321428571428572","0.382855867231868","0.19285714285714287","0.7372814764382256","0.825","0.7200396825396826"
"2025","2026","2028","Au-Ir-Os-Pd-Pt-Re-Rh-Ru","OER","0","","2025","0","1","0","1","63","8","0.6264053635068966","0.7875","0.5096749513856635","0.6928571428571428","0.057737615636747154","0.8392857142857143","0.2543727879638959","0.7178571428571429","0.06385676635307631","0.5","0.6881703215863693","0.9535714285714286","0.16453392257947963","0.5964285714285714","0.575130449354523","0.8535714285714285","0.22581611266410345","0.525","0.7184523809523811"
"2025","2026","2028","Co-Cu-In-Mo-Ni","HER","0","","2025","0","1","0","1","63","5","0.6264053635068966","0.7875","0.5564232091858533","0.7625","0.023416202463058363","0.6125","0.3621211773088886","0.8928571428571429","0.0652055264524702","0.5178571428571429","0.6748615659638714","0.9357142857142857","0.2434339281310437","0.7214285714285714","0.4827618798593343","0.575","0.4009088060534643","0.6428571428571429","0.716468253968254"
"2025","2026","2028","Co-Fe-Ga-Ni-Zn","ORR","0","","2020","5","2","4","1","29","5","0.5037648985160553","0.6196428571428572","0.5102872260236825","0.6964285714285714","0.09408001488529566","0.9","0.16246388335969847","0.4785714285714286","0.12205336544459593","0.8285714285714286","0.333948545950694","0.5785714285714286","0.4040497026557747","0.8607142857142858","0.49831242693186456","0.6464285714285715","0.7715930382784535","0.8357142857142857","0.7160714285714286"
"2025","2026","2028","Co-Fe-Ir-Pd-Pt","OER","0","","2020","5","1","5","1","63","5","0.6264053635068966","0.7875","0.6809177728871273","0.9642857142857143","0.08016190634193276","0.8892857142857142","0.18544165374643312","0.5571428571428572","0.060747818326350685","0.46785714285714286","0.6140379145547893","0.7035714285714286","0.44340799428403543","0.8928571428571429","0.3889178494620377","0.225","0.8829463021678988","0.9071428571428571","0.710515873015873"
"2025","2026","2028","Co-Cr-Fe-Ni-V","HER","0","","2025","0","1","0","1","63","5","0.6264053635068966","0.7875","0.5564232091858533","0.7625","0.023416202463058363","0.6125","0.3731640321872668","0.9178571428571428","0.10363889419090809","0.7642857142857142","0.6151223325690087","0.7071428571428572","0.3707956156026235","0.8357142857142857","0.36892063480213494","0.15","0.7950580260646387","0.8535714285714285","0.7101190476190475"
"2025","2026","2028","Au-Co-Cu-Ir-Mn-Ni-Pd-Pt-Rh-Sn","OER","0","","2020","5","1","5","1","63","10","0.6264053635068966","0.7875","0.605197653752186","0.8642857142857143","0.12557318205852164","0.9535714285714286","0.18828019455906858","0.5714285714285714","0.0673615172933209","0.5392857142857143","0.6063760799693592","0.6892857142857143","0.40022406778703795","0.8571428571428571","0.3841651448745713","0.20357142857142857","0.8882000644253389","0.9107142857142857","0.708531746031746"
"2025","2026","2028","Co-Cu-Fe-Ir-Ni","ORR","0","","2022","3","3","2","2","29","5","0.6046236309460021","0.6482142857142857","0.19773998488897793","0.4392857142857143","0.11730215065482792","0.9428571428571428","0.3743540463870325","0.9214285714285714","0.2932776386415595","0.9964285714285714","0.4270697249636958","0.6142857142857143","0.10522718051647424","0.49642857142857144","0.5259692442002512","0.7428571428571429","0.23001407273739347","0.5321428571428571","0.7037698412698413"
"2025","2026","2028","Co-Cu-Ni-Pt-Zn","HER","0","","2024","1","1","1","1","63","5","0.6264053635068966","0.7875","0.5819581792597157","0.8196428571428571","0.02201798412435227","0.5910714285714286","0.40861691453740795","0.9428571428571428","0.09714533054012062","0.7107142857142857","0.6535359679471499","0.8892857142857142","0.15149544868679318","0.5678571428571428","0.4317447885663422","0.36428571428571427","0.32522421032687726","0.6035714285714285","0.6974206349206349"
"2025","2026","2028","Co-Cu-Mo-Ni-Ru","OER","0","","2025","0","1","0","1","63","5","0.6264053635068966","0.7875","0.5590231129327117","0.7875","0.013699422865592404","0.4303571428571429","0.38696249707842895","0.925","0.10005950172333668","0.7321428571428571","0.6319067981100804","0.8","0.4210036427003503","0.875","0.3426206992641608","0.05","0.7938094410882749","0.85","0.6930555555555555"
"2025","2026","2028","Co-Fe-Ni-Pd-Y","HER","0","","2025","0","1","0","1","63","5","0.6264053635068966","0.7875","0.5564232091858533","0.7625","0.023416202463058363","0.6125","0.30370029410703087","0.8035714285714286","0.09465820976799612","0.6964285714285714","0.6035640470878157","0.6767857142857143","0.3778932195984372","0.8464285714285714","0.3593887417368096","0.12321428571428572","0.8349385077600527","0.875","0.6871031746031746"
"2025","2026","2028","Cu-Ir-Ni-Pd-Pt","HER","0","","2022","3","1","3","1","63","5","0.6264053635068966","0.7875","0.6316111404031914","0.9035714285714286","0.02125478228220954","0.5607142857142857","0.3562503267819941","0.8821428571428571","0.08211972264316149","0.625","0.6543901043820828","0.8928571428571429","0.2749633576977703","0.7535714285714286","0.3256907185310439","0.017857142857142856","0.5360752126737682","0.7571428571428571","0.6867063492063493"
"2025","2026","2028","Al-Co-Fe-Mo-Ni","ORR","0","","2022","3","3","0","1","29","5","0.6046236309460021","0.6482142857142857","0.5323643544288876","0.7178571428571429","0.18445439170284086","0.9928571428571429","0.10626314593171056","0.31785714285714284","0.08044073200524361","0.6107142857142858","0.30691525786549273","0.5142857142857142","0.4502361147181612","0.9","0.47353778709162275","0.55","0.8899813367072209","0.9142857142857143","0.6851190476190477"
"2025","2026","2028","Co-Cu-Mo-Ni-Pd","OER","0","","2022","3","1","3","1","63","5","0.6264053635068966","0.7875","0.6340601791623008","0.9142857142857143","0.01991920978874382","0.5178571428571429","0.22758633520281843","0.675","0.07050253956369697","0.5642857142857143","0.6474783690114365","0.8535714285714285","0.4513942924406765","0.9035714285714286","0.3473723850867141","0.075","0.8168265392163568","0.8642857142857143","0.6839285714285714"
"2025","2026","2028","Cu-Fe-Ni-Pt-Rh","OER","0","","2024","1","1","1","2","63","5","0.6264053635068966","0.7875","0.20159876244650346","0.4446428571428571","0.04608760482053113","0.7982142857142858","0.3194186781204618","0.8321428571428572","0.13866887246287","0.875","0.7739986642190262","0.975","0.07520575086812203","0.43214285714285716","0.486299926023191","0.5857142857142857","0.10993734155538028","0.3964285714285714","0.6807539682539683"
"2025","2026","2028","Al-Cu-Fe-Ni-Ti","OER","0","","2023","2","1","2","1","63","5","0.6264053635068966","0.7875","0.6095726194348902","0.8857142857142857","0.021676416396424432","0.575","0.3286690680724813","0.85","0.08203845173562395","0.6214285714285714","0.6123292412535304","0.6964285714285714","0.349771289190639","0.8142857142857143","0.3496918910569778","0.08214285714285714","0.6634864852950422","0.8107142857142857","0.6803571428571429"
"2025","2026","2028","Cu-Fe-Mn-Ni-Pd","OER","0","","2024","1","1","1","1","63","5","0.6264053635068966","0.7875","0.5845201721795854","0.8375","0.019943473745682706","0.5339285714285714","0.305984599953348","0.8142857142857143","0.07127337959615454","0.5678571428571428","0.6642526425498498","0.9071428571428571","0.25467392244104153","0.7428571428571429","0.40176676740556533","0.25","0.4165157289910061","0.6642857142857143","0.6783730158730159"
"2025","2026","2028","Ga-In-Mo-Ni-Pd","OER","0","","2022","3","1","3","1","63","5","0.6264053635068966","0.7875","0.6340601791623008","0.9142857142857143","0.01991920978874382","0.5178571428571429","0.18046820622763302","0.5392857142857143","0.050864856656313705","0.39285714285714285","0.6514921203301305","0.875","0.23027289275271157","0.6928571428571428","0.523314058389034","0.725","0.4033381526403293","0.6464285714285715","0.6767857142857142"
"2025","2026","2028","Al-Co-Cr-Ni-Ti-V","HER","0","","2025","0","1","0","1","63","6","0.6264053635068966","0.7875","0.5400375119641653","0.7267857142857143","0.008977033183012299","0.31607142857142856","0.3187729088325744","0.8285714285714286","0.1389240018867681","0.8785714285714286","0.6369530383416702","0.8214285714285714","0.2190191547617219","0.6821428571428572","0.42865012433000904","0.3535714285714286","0.4277455395973616","0.675","0.674404761904762"
"2025","2026","2028","Co-Ir-Ni-Pt","OER","0","","2025","0","1","0","1","63","4","0.6264053635068966","0.7875","0.5752644060743946","0.8089285714285714","0.02938434692698005","0.6517857142857143","0.20564886113163977","0.6035714285714285","0.0652091507509029","0.5214285714285715","0.627016640566391","0.7607142857142857","0.40867821216607036","0.8678571428571429","0.3868825971812552","0.21428571428571427","0.7762266353170213","0.8428571428571429","0.6732142857142857"
"2025","2026","2028","Co-Cr-Fe-Mn","HER","0","","2021","4","1","4","1","63","4","0.6264053635068966","0.7875","0.6702814533910275","0.9464285714285714","0.03091338296516313","0.6607142857142857","0.2829606865754196","0.7642857142857142","0.10419580913842062","0.7678571428571429","0.6040614701688771","0.6821428571428572","0.15914918583190624","0.5785714285714286","0.39850840452328995","0.2357142857142857","0.35223521924093587","0.625","0.6720238095238095"
"2025","2026","2028","Co-Cr-Fe-Mn-Ni","CO2RR","0","","2021","4","16","0","3","1","5","0.2044208489292578","0.38571428571428573","0.5486134264312003","0.7428571428571429","0.029818276045455745","0.6571428571428571","0.18455704744413814","0.5535714285714286","0.12470651742593297","0.8357142857142857","0.11830990194000734","0.3821428571428571","0.2875268346291731","0.775","0.7675177899311346","0.9964285714285714","0.4825242049552944","0.7107142857142857","0.6710317460317461"
"2025","2026","2028","Co-Cr-Fe-Mn-Ni-V","ORR","0","","2022","3","1","3","1","29","6","0.3635271858410283","0.4928571428571429","0.34889165464665406","0.6178571428571429","0.10481296079837851","0.9214285714285714","0.1465382911752366","0.42857142857142855","0.09034012528316539","0.6785714285714286","0.3389678303927675","0.5892857142857143","0.2896110492646733","0.7785714285714286","0.5452959485840432","0.7928571428571428","0.4946289480138563","0.725","0.6694444444444444"
"2025","2026","2028","Cu-Fe-Mn-Ni-Pd","HER","0","","2024","1","1","1","1","63","5","0.6264053635068966","0.7875","0.5819581792597157","0.8196428571428571","0.02201798412435227","0.5910714285714286","0.30521517057058295","0.8107142857142857","0.05792776498733694","0.45","0.6685937450444709","0.9178571428571428","0.25215667656799085","0.7392857142857143","0.40176674652228866","0.24642857142857144","0.4118361341526844","0.6607142857142857","0.6692460317460318"
"2025","2026","2028","Co-Fe-Ni-V","ORR","0","","2025","0","1","0","1","29","4","0.3635271858410283","0.4928571428571429","0.30915726727942605","0.5517857142857143","0.032900638545527265","0.6803571428571429","0.22661003623584589","0.6678571428571428","0.10274837660712813","0.7535714285714286","0.3219413432224855","0.5607142857142857","0.3896203763216814","0.8535714285714285","0.47766310055981576","0.5678571428571428","0.8353524695287109","0.8785714285714286","0.6674603174603175"
"2025","2026","2028","Cu-Mn-Ni-Zn","OER","0","","2024","1","1","1","1","63","4","0.6264053635068966","0.7875","0.6004935046612725","0.8589285714285714","0.02021955496840807","0.5482142857142858","0.2925092728376739","0.7785714285714286","0.06851995713575645","0.55","0.6714739343267402","0.9321428571428572","0.1675347201911344","0.6035714285714285","0.44427529718914854","0.4142857142857143","0.20911193923749066","0.5107142857142857","0.6648809523809524"
"2025","2026","2028","Co-Cr-Fe-Ni-Ti","ORR","0","","2025","0","2","0","2","29","5","0.5037648985160553","0.6196428571428572","0.10875289396134809","0.40535714285714286","0.11459782217977592","0.9375","0.22793563735959696","0.6785714285714286","0.193643087320061","0.9464285714285714","0.48135676940735084","0.6714285714285714","0.048054868270232344","0.3607142857142857","0.6296209480340824","0.9107142857142857","0.1191335910610876","0.4107142857142857","0.6601190476190476"
"2025","2026","2028","Co-Cu-Fe-Mn-Mo-Ni-O","HER","0","","2025","0","1","0","1","63","7","0.6264053635068966","0.7875","0.5235648024319747","0.7035714285714286","0.010449499602526753","0.37857142857142856","0.23623730335298676","0.6964285714285714","0.0900586487503193","0.675","0.6520974412422946","0.8857142857142857","0.22435339003870622","0.6892857142857143","0.45922382856817295","0.475","0.39369929579929863","0.6357142857142857","0.658531746031746"
"2025","2026","2028","Co-Fe-Ir-Pd-Pt","ORR","0","","2020","5","1","5","1","29","5","0.3635271858410283","0.4928571428571429","0.4135200911740286","0.675","0.09764452284749311","0.9107142857142857","0.30297955923804676","0.7964285714285714","0.16134192602382","0.9107142857142857","0.29166064324208385","0.425","0.24931447002474","0.7357142857142858","0.38891786781103527","0.22857142857142856","0.5303619268296892","0.75","0.6583333333333333"
"2025","2026","2028","B-Co-Cu-Fe-Ir-Mo-Ni","ORR","0","","2024","1","1","1","1","29","7","0.3635271858410283","0.4928571428571429","0.2893800365992717","0.49107142857142855","0.014025669837956656","0.4767857142857143","0.18247514474683277","0.5428571428571428","0.10702264374528099","0.7821428571428571","0.3321233001927273","0.575","0.38892562701925326","0.85","0.5773998424493222","0.8642857142857143","0.7598137863726709","0.8321428571428572","0.6563492063492062"
"2025","2026","2028","Co-Cr-Fe-Ni-Pt","ORR","0","","2024","1","1","1","1","29","5","0.3635271858410283","0.4928571428571429","0.31733033300139324","0.5660714285714286","0.04044585296234544","0.7482142857142857","0.4095823839650627","0.9464285714285714","0.19368813363384946","0.95","0.28973684438914526","0.4107142857142857","0.353411113780611","0.8214285714285714","0.35432363268394584","0.11071428571428571","0.8058809451025168","0.8571428571428571","0.6559523809523808"
"2025","2026","2028","Co-Cu-In-Mo-Ni","OER","0","","2025","0","1","0","1","63","5","0.6264053635068966","0.7875","0.5590231129327117","0.7875","0.013699422865592404","0.4303571428571429","0.22566765157337837","0.6642857142857143","0.04163542701622651","0.32857142857142857","0.6705621113521527","0.925","0.2458927274559477","0.7285714285714285","0.48276189620097615","0.5785714285714286","0.4055168662853294","0.6535714285714286","0.6537698412698413"
"2025","2026","2028","Co-Fe-Ni-Ru","ORR","0","","2023","2","2","0","2","29","4","0.5037648985160553","0.6196428571428572","0.11746772416841318","0.41785714285714287","0.11249565653035598","0.9321428571428572","0.22072459540730394","0.6535714285714286","0.1431530813264335","0.8892857142857142","0.46061774133875044","0.6392857142857142","0.08862905457203833","0.4642857142857143","0.5468820811913266","0.8","0.15079276240025755","0.4642857142857143","0.6533730158730159"
"2025","2026","2028","Co-Cu-Ni-Pt-Zn","OER","0","","2024","1","1","1","1","63","5","0.6264053635068966","0.7875","0.5845201721795854","0.8375","0.019943473745682706","0.5339285714285714","0.3206173897017251","0.8357142857142857","0.059052353428996424","0.45714285714285713","0.6491011420344611","0.8607142857142858","0.1532136825216058","0.5714285714285714","0.43174480748941957","0.3678571428571429","0.3292583622923869","0.6071428571428571","0.6509920634920634"
"2025","2026","2028","Au-Ir-Pd-Pt-Rh-Ru","OER","0","","2025","0","1","0","1","63","6","0.6264053635068966","0.7875","0.5426545168160604","0.7375","0.06225888740411232","0.8589285714285714","0.2055076170261998","0.5964285714285714","0.05128000823209626","0.3964285714285714","0.6253034980900577","0.7535714285714286","0.24424966852973706","0.725","0.40319712011522163","0.2571428571428571","0.5038559428586922","0.7321428571428571","0.6494047619047618"
"2025","2026","2028","Co-Cr-Fe-Ni-W","HER","0","","2025","0","1","0","1","63","5","0.6264053635068966","0.7875","0.5564232091858533","0.7625","0.023416202463058363","0.6125","0.2339638674660476","0.6928571428571428","0.04001003612841925","0.31785714285714284","0.6296660795883355","0.7857142857142857","0.42178146733568267","0.8785714285714286","0.35402129527632775","0.09285714285714286","0.8701797682810066","0.9","0.6478174603174603"
"2025","2026","2028","Co-Cu-Fe-Ni","ORR","0","","2024","1","2","0","2","29","4","0.5037648985160553","0.6196428571428572","0.11639656729560056","0.4142857142857143","0.09763240808255841","0.9071428571428571","0.3388762700810244","0.8642857142857143","0.2717735850926693","0.9892857142857143","0.40833538916243545","0.6071428571428571","0.04606298423124686","0.35","0.5113533451760627","0.6928571428571428","0.1009927140418328","0.3821428571428571","0.647420634920635"
"2025","2026","2028","B-Co-Cu-Fe-Mn-Ru","HER","0","","2024","1","1","1","1","63","6","0.6264053635068966","0.7875","0.5657796428331738","0.8035714285714286","0.0704293093450042","0.8821428571428571","0.2676187103286695","0.7428571428571429","0.0790956138221325","0.6","0.6234668576421056","0.7357142857142858","0.10435690378148031","0.48928571428571427","0.41134163259433015","0.26785714285714285","0.1857784597573526","0.4857142857142857","0.6438492063492063"
"2025","2026","2028","Co-Cr-Cu-Fe-Mn-Ni","HER","0","","2025","0","1","0","1","63","6","0.6264053635068966","0.7875","0.5400375119641653","0.7267857142857143","0.008977033183012299","0.31607142857142856","0.21786569482190005","0.6464285714285715","0.054116486999555874","0.41785714285714287","0.6216268921629919","0.725","0.28055215117177745","0.7678571428571429","0.4893219420516476","0.6142857142857143","0.6227581810898601","0.7892857142857143","0.6434523809523811"
"2025","2026","2028","Al-Co-Fe-Ni-Pd-Y","HER","0","","2025","0","1","0","1","63","6","0.6264053635068966","0.7875","0.5400375119641653","0.7267857142857143","0.008977033183012299","0.31607142857142856","0.3009754351012088","0.7892857142857143","0.09865965791194622","0.7214285714285714","0.6035640470878157","0.6767857142857143","0.33408472607009365","0.8035714285714286","0.3593887417368096","0.12321428571428572","0.7864230069938614","0.8464285714285714","0.643452380952381"
"2025","2026","2028","Cu-Nb-Ni-Ti-Zr","OER","0","","2025","0","1","0","1","63","5","0.6264053635068966","0.7875","0.5590231129327117","0.7875","0.013699422865592404","0.4303571428571429","0.31645555257861613","0.8214285714285714","0.09974574671898585","0.7285714285714285","0.6421167420513558","0.8392857142857143","0.09110337642385267","0.46785714285714286","0.457098339894687","0.45357142857142857","0.12656476332549568","0.42142857142857143","0.6375"
"2025","2026","2028","Cu-Mn-Ni-Zn","HER","0","","2024","1","1","1","1","63","4","0.6264053635068966","0.7875","0.5979622617382132","0.8517857142857143","0.017672849220944354","0.49464285714285716","0.24478440848081318","0.7071428571428572","0.05644446299650349","0.43214285714285716","0.675767242823978","0.9428571428571428","0.16568730625507597","0.6","0.44427525137834734","0.4107142857142857","0.2062576991530353","0.5071428571428571","0.6371031746031746"
"2025","2026","2028","Co-Fe-Mo-Ni","ORR","0","","2022","3","1","3","1","29","4","0.3635271858410283","0.4928571428571429","0.37952013963316694","0.6357142857142857","0.05438107061356674","0.8285714285714286","0.12677629687923986","0.3892857142857143","0.08342642805931168","0.6285714285714286","0.30079916567553855","0.4714285714285714","0.5057815318516902","0.9285714285714286","0.4434549077094632","0.3964285714285714","0.9696086398204176","0.9321428571428572","0.6337301587301587"
"2025","2026","2028","Au-Ir-Pd-Pt-Ru","ORR","0","","2024","1","2","0","1","29","5","0.5037648985160553","0.6196428571428572","0.4072173388758838","0.6642857142857143","0.039114074928383265","0.7321428571428571","0.18694395985534326","0.5642857142857143","0.12086519267998733","0.825","0.306607101898717","0.5107142857142857","0.16888272980276262","0.6071428571428571","0.46215868209235955","0.5","0.33402115586065995","0.6107142857142858","0.6259920634920636"
"2025","2026","2028","Co-Fe-Mn-Mo-Ni","ORR","0","","2021","4","3","3","2","29","5","0.6046236309460021","0.6482142857142857","0.21478484939172304","0.45","0.1278792201721269","0.9571428571428572","0.21479936602850952","0.6392857142857142","0.1565210683305275","0.9071428571428571","0.43691682666555787","0.6178571428571429","0.1051182557193303","0.4928571428571429","0.43840224519339","0.38571428571428573","0.2212874483125438","0.5178571428571429","0.6240079365079365"
"2025","2026","2028","Fe-Ir-Mn-Pt-Ru","OER","0","","2025","0","1","0","1","63","5","0.6264053635068966","0.7875","0.5590231129327117","0.7875","0.013699422865592404","0.4303571428571429","0.23664225887417828","0.7","0.06430929018898265","0.5107142857142857","0.6209183201254025","0.7214285714285714","0.28091477599366865","0.7714285714285715","0.36764883199304926","0.1392857142857143","0.5542532685886659","0.7642857142857142","0.6236111111111112"
"2025","2026","2028","Ga-In-Mo-Ni-Pd","ORR","0","","2022","3","1","3","1","29","5","0.3635271858410283","0.4928571428571429","0.36406821307995446","0.6232142857142857","0.06002094943601644","0.8482142857142857","0.21900869609873155","0.65","0.0970794852556374","0.7071428571428572","0.3260631308908778","0.5714285714285714","0.11088819137553212","0.5071428571428571","0.523314084443067","0.7285714285714285","0.17374653838095036","0.4785714285714286","0.623015873015873"
"2025","2026","2028","Co-Fe-Ni-Pt-Ru-Zn","ORR","0","","2024","1","1","1","2","29","6","0.3635271858410283","0.4928571428571429","0.07243176058661","0.3875","0.019444353708553276","0.5089285714285714","0.3154891822097523","0.8178571428571428","0.19985125033459417","0.9571428571428572","0.46325553253226015","0.6428571428571429","0.05929945700180375","0.4","0.6422498685630411","0.95","0.11889747872807341","0.40714285714285714","0.6182539682539683"
"2025","2026","2028","C-Co-Cu-Fe-Mn-N-Ni","HER","0","","2025","0","1","0","1","63","7","0.6264053635068966","0.7875","0.5235648024319747","0.7035714285714286","0.010449499602526753","0.37857142857142856","0.2585311351757095","0.7285714285714285","0.09146255949707774","0.6857142857142857","0.6483377714823679","0.8571428571428571","0.08697818858345797","0.45714285714285713","0.4584876896417051","0.4642857142857143","0.18502431309492634","0.48214285714285715","0.6160714285714285"
"2025","2026","2028","Cu-Pd-Pt-Rh-Ru","OER","0","","2024","1","1","1","1","63","5","0.6264053635068966","0.7875","0.5845201721795854","0.8375","0.019943473745682706","0.5339285714285714","0.11322937569118667","0.35","0.018978904173569545","0.16785714285714284","0.6288269158108066","0.775","0.19825535904391076","0.65","0.5154909104559285","0.7107142857142857","0.46824174340331864","0.7071428571428572","0.6132936507936508"
"2025","2026","2028","Co-Cu-Fe-Ni-Ti","ORR","0","","2024","1","1","1","2","29","5","0.3635271858410283","0.4928571428571429","0.07700475518668777","0.39285714285714285","0.028085639420880736","0.6464285714285715","0.22678336660750706","0.6714285714285714","0.1361786160975632","0.8607142857142858","0.46796283780540227","0.6517857142857143","0.08240505993833319","0.45357142857142857","0.6363527825695015","0.9232142857142858","0.12856090149230767","0.425","0.613095238095238"
"2025","2026","2028","Au-Co-Cu-Ir-Mn-Ni-Pd-Pt-Rh-Sn","ORR","0","","2020","5","1","5","1","29","10","0.3635271858410283","0.4928571428571429","0.3362043526044232","0.5821428571428572","0.1350137998679426","0.9714285714285714","0.21406530337598886","0.6357142857142857","0.10988497001539707","0.7928571428571428","0.28505052416920773","0.4035714285714286","0.21764195028273378","0.675","0.38416516262283273","0.20714285714285716","0.5358327864259523","0.7535714285714286","0.6126984126984127"
"2025","2026","2028","Au-Co-Cu-Fe-Ni-Pd-Pt","OER","0","","2025","0","1","0","1","63","7","0.6264053635068966","0.7875","0.5261933016047239","0.7125","0.04596675188327647","0.7875","0.21118983914387826","0.6214285714285714","0.053491824688379895","0.4035714285714286","0.6331203702549735","0.8107142857142857","0.20893119402185018","0.6642857142857143","0.3358500521537585","0.04285714285714286","0.4288418994062429","0.6821428571428572","0.6125"
"2025","2026","2028","Co-Cu-Mg-Ni-Zn","ORR","0","","2021","4","1","4","1","29","5","0.3635271858410283","0.4928571428571429","0.3885072701785009","0.6517857142857143","0.06617877856870832","0.8696428571428572","0.10688186656796153","0.32142857142857145","0.06581835772943945","0.5285714285714286","0.30796152121502435","0.5285714285714286","0.2770611233429575","0.7607142857142857","0.49582389692922296","0.6357142857142857","0.49050632548944284","0.7214285714285714","0.6123015873015873"
"2025","2026","2028","Cu-Ni-Pd-Pt","HER","0","","2022","3","1","3","1","63","4","0.6264053635068966","0.7875","0.6468677942229993","0.9267857142857143","0.011215755764892898","0.40535714285714286","0.2597228675898361","0.7321428571428571","0.06165134981538137","0.48214285714285715","0.6441737933855132","0.8428571428571429","0.19612480797144408","0.6428571428571429","0.32191678356417675","0.007142857142857143","0.4269027035131177","0.6714285714285714","0.6109126984126986"
"2025","2026","2028","Co-Fe-Mn-Ni-W","ORR","0","","2023","2","1","2","1","29","5","0.3635271858410283","0.4928571428571429","0.3403109277072668","0.5982142857142857","0.007849470957718792","0.2875","0.21182047357909542","0.625","0.10281266253453074","0.7571428571428571","0.31982902950111997","0.55","0.3610184464898582","0.825","0.46795183382765276","0.5392857142857143","0.7284671819665454","0.8214285714285714","0.6107142857142858"
"2025","2026","2028","Ce-Co-Fe-Ni-Pt-Ru-Zn","ORR","0","","2024","1","1","1","2","29","7","0.3635271858410283","0.4928571428571429","0.06811029728878576","0.375","0.01070098990984665","0.3892857142857143","0.2861343083348697","0.7714285714285715","0.21799421962157903","0.975","0.463698396693195","0.6464285714285715","0.07758127726402646","0.44642857142857145","0.6419854339810814","0.9357142857142857","0.135490221755842","0.44285714285714284","0.6083333333333334"
"2025","2026","2028","Co-Fe-Mo-Ni-P","ORR","0","","2025","0","1","0","2","29","5","0.3635271858410283","0.4928571428571429","0.06992020113037785","0.38035714285714284","0.032384946196481613","0.6732142857142858","0.1577632253860249","0.46785714285714286","0.11109206027766985","0.8035714285714286","0.47337692226429023","0.6607142857142857","0.13301546455539248","0.5357142857142857","0.6484162245501732","0.9571428571428572","0.2002298883942794","0.5035714285714286","0.6083333333333333"
"2025","2026","2028","Cu-Mn-Mo-Ni-Pt","ORR","0","","2024","1","1","1","1","29","5","0.3635271858410283","0.4928571428571429","0.31733033300139324","0.5660714285714286","0.04044585296234544","0.7482142857142857","0.24882786713976074","0.7107142857142857","0.09740328959954811","0.7178571428571429","0.3036278959425358","0.48928571428571427","0.2374927925651744","0.7142857142857143","0.4159909344366469","0.28214285714285714","0.5255094877298803","0.7464285714285714","0.6075396825396826"
"2025","2026","2028","Au-Pd-Pt-Rh-Ru","OER","0","","2023","2","1","2","1","63","5","0.6264053635068966","0.7875","0.6095726194348902","0.8857142857142857","0.021676416396424432","0.575","0.1572548160312178","0.4642857142857143","0.04156313508077374","0.325","0.6217185859822969","0.7285714285714285","0.26516623955441593","0.7464285714285714","0.37858777603507016","0.18214285714285713","0.5588447233333671","0.7678571428571429","0.6069444444444446"
"2025","2026","2028","Co-Cu-Mo-Ni-Zn","OER","0","","2025","0","1","0","1","63","5","0.6264053635068966","0.7875","0.5590231129327117","0.7875","0.013699422865592404","0.4303571428571429","0.3033016246070276","0.8","0.0611396117943066","0.4714285714285714","0.6125919480932078","0.7","0.13959632045200052","0.5464285714285714","0.426593570080619","0.3107142857142857","0.33600318036851096","0.6142857142857143","0.6053571428571429"
"2025","2026","2028","Cu-Ir-Ni-Pd-Pt","OER","0","","2022","3","1","3","1","63","5","0.6264053635068966","0.7875","0.6340601791623008","0.9142857142857143","0.01991920978874382","0.5178571428571429","0.1546160040353303","0.45","0.044765018417146515","0.35714285714285715","0.6499603557318009","0.8678571428571429","0.2776237588375561","0.7642857142857142","0.3256907320690457","0.02142857142857143","0.5413676641746613","0.7607142857142857","0.604563492063492"
"2025","2026","2028","Au-Co-Cu-Fe-Ni-Pd-Pt","HER","0","","2025","0","1","0","1","63","7","0.6264053635068966","0.7875","0.5235648024319747","0.7035714285714286","0.010449499602526753","0.37857142857142856","0.3037383629713382","0.8071428571428572","0.07030162486441204","0.5607142857142857","0.6376444191429895","0.825","0.2067406649704426","0.6607142857142857","0.3358499987745036","0.039285714285714285","0.4240855088125056","0.6678571428571428","0.6033730158730158"
"2025","2026","2028","Al-Co-Cr-Fe-Ni","ORR","0","","2020","5","3","0","2","29","5","0.6046236309460021","0.6482142857142857","0.1726011655056521","0.42857142857142855","0.1229769125441557","0.95","0.14092573751236845","0.4142857142857143","0.1452007113992697","0.8964285714285715","0.4461498558397592","0.6285714285714286","0.04034522315236184","0.3392857142857143","0.5269463244514141","0.75","0.07870838706898063","0.3464285714285714","0.6001984126984127"
"2025","2026","2028","Co-Ir-Ni-Pt","ORR","0","","2025","0","1","0","1","29","4","0.3635271858410283","0.4928571428571429","0.30915726727942605","0.5517857142857143","0.032900638545527265","0.6803571428571429","0.2582339664658702","0.725","0.14039645742433204","0.8821428571428571","0.3031778508628549","0.4857142857142857","0.22367764518451308","0.6857142857142857","0.386882621975758","0.21785714285714286","0.4286398660187369","0.6785714285714286","0.6000000000000001"
"2025","2026","2028","Cr-Cu-Ir-Ni-Pt","ORR","0","","2023","2","1","2","1","29","5","0.3635271858410283","0.4928571428571429","0.3403109277072668","0.5982142857142857","0.007849470957718792","0.2875","0.2733874768282863","0.75","0.11131893851700189","0.8107142857142857","0.3357341759995246","0.5857142857142857","0.180750164427655","0.6214285714285714","0.5030658481403595","0.6642857142857143","0.28877937266405207","0.575","0.5984126984126985"
"2025","2026","2028","Ag-Au-Pd-Pt-Ru","OER","0","","2023","2","1","2","1","63","5","0.6264053635068966","0.7875","0.6095726194348902","0.8857142857142857","0.021676416396424432","0.575","0.16732751815868632","0.5","0.04322277171814428","0.3392857142857143","0.6263549343237331","0.7571428571428571","0.1219942910094484","0.5285714285714286","0.44835227501679237","0.425","0.29016706764595396","0.5785714285714286","0.5974206349206349"
"2025","2026","2028","Cu-Ni-Pd-Pt","OER","0","","2022","3","1","3","1","63","4","0.6264053635068966","0.7875","0.6492717280605091","0.9321428571428572","0.02570014801224034","0.6357142857142857","0.17590981065266","0.5285714285714286","0.0358704919974129","0.29642857142857143","0.6396851998321177","0.8285714285714286","0.19823096457491912","0.6464285714285715","0.32191679740636403","0.010714285714285714","0.4316762489195276","0.6857142857142857","0.5946428571428571"
"2025","2026","2028","Co-Cu-Fe-Ir-Mo-Ni-Pd","ORR","0","","2024","1","1","1","1","29","7","0.3635271858410283","0.4928571428571429","0.2893800365992717","0.49107142857142855","0.014025669837956656","0.4767857142857143","0.26673310733814337","0.7357142857142858","0.11489396959860977","0.8142857142857143","0.2934406783723759","0.42857142857142855","0.37759649373977056","0.8428571428571429","0.3782427273615668","0.175","0.8507400026695675","0.8928571428571429","0.5944444444444446"
"2025","2026","2028","Au-Mo-Pd-Pt-W","OER","0","","2025","0","1","0","1","63","5","0.6264053635068966","0.7875","0.5590231129327117","0.7875","0.013699422865592404","0.4303571428571429","0.16356583342150835","0.48928571428571427","0.033370750411369936","0.28214285714285714","0.6243093071874122","0.7428571428571429","0.35242482769444855","0.8178571428571428","0.3716599991752096","0.16071428571428573","0.7480676542248549","0.8285714285714286","0.5918650793650794"
"2025","2026","2028","Co-Cu-Fe-Mn-Mo-Ni-Pd-Pt","ORR","0","","2024","1","1","1","2","29","8","0.3635271858410283","0.4928571428571429","0.06402886585109012","0.36428571428571427","0.027143387495966956","0.6428571428571429","0.29402031849005583","0.7821428571428571","0.20144591609288642","0.9607142857142857","0.4471908066665358","0.6321428571428571","0.05339851638704762","0.375","0.4737017214512308","0.5571428571428572","0.12561179350095122","0.41785714285714287","0.5805555555555555"
"2025","2026","2028","Co-Cr-Fe-Mn","ORR","0","","2021","4","1","4","1","29","4","0.3635271858410283","0.4928571428571429","0.4043369451614046","0.6571428571428571","0.06186188079734235","0.8535714285714285","0.28056191100544786","0.7607142857142857","0.17854948337136772","0.925","0.27913407624722464","0.3964285714285714","0.07404197078079733","0.42857142857142855","0.3985085213403649","0.2392857142857143","0.14943687096046282","0.45714285714285713","0.5789682539682539"
"2025","2026","2028","Co-Mn-Mo-Ni-P","ORR","0","","2025","0","1","0","2","29","5","0.3635271858410283","0.4928571428571429","0.06992020113037785","0.38035714285714284","0.032384946196481613","0.6732142857142858","0.1717790941649706","0.5178571428571429","0.10915541312265505","0.7857142857142857","0.47282248672029675","0.6571428571428571","0.046902817438715806","0.3535714285714286","0.6487812811896724","0.9642857142857143","0.08094526792844577","0.36428571428571427","0.5765873015873015"
"2025","2026","2028","Al-Cr-Fe-Ni","ORR","0","","2023","2","2","2","1","29","4","0.5037648985160553","0.6196428571428572","0.4721857391936102","0.6821428571428572","0.07571317940228811","0.8857142857142857","0.10164657726814215","0.3","0.05897232528505069","0.45357142857142857","0.2998549059825033","0.4607142857142857","0.234744951103622","0.7035714285714286","0.4283360851067581","0.3464285714285714","0.48852725862652707","0.7178571428571429","0.5744047619047619"
"2025","2026","2028","Co-Fe-Mn-Ni-Ru","ORR","0","","2024","1","2","0","2","29","5","0.5037648985160553","0.6196428571428572","0.10976244677088019","0.4107142857142857","0.04804452730802306","0.8142857142857143","0.1699509173332683","0.5107142857142857","0.08733687983063096","0.65","0.4429977706238361","0.625","0.04154889680259918","0.34285714285714286","0.5593520294208246","0.8178571428571428","0.08223093893267282","0.37142857142857144","0.5736111111111111"
"2025","2026","2028","Co-Cu-Fe-Ni-Pd","ORR","0","","2023","2","1","2","1","29","5","0.3635271858410283","0.4928571428571429","0.3403109277072668","0.5982142857142857","0.007849470957718792","0.2875","0.23081906009256212","0.6821428571428572","0.08918817629168842","0.6678571428571428","0.30537968746704947","0.5035714285714286","0.1931256449711589","0.6357142857142857","0.5066281867279926","0.6857142857142857","0.32061869928487896","0.6","0.5726190476190476"
"2025","2026","2028","Ag-Al-Cu-Ni-Ti","OER","0","","2023","2","1","2","1","63","5","0.6264053635068966","0.7875","0.6095726194348902","0.8857142857142857","0.021676416396424432","0.575","0.20867133496985607","0.6107142857142858","0.042908629341148884","0.33214285714285713","0.6227344000987872","0.7321428571428571","0.17526744617447723","0.6142857142857143","0.3324979616777959","0.02857142857142857","0.2989596641564213","0.5857142857142857","0.5724206349206349"
"2025","2026","2028","Ir-Pd-Pt-Rh-Ru","CO2RR","0","","2021","4","12","0","3","1","5","0.15032607110626228","0.3821428571428571","0.14900588500086845","0.42142857142857143","0.019190202060042242","0.5035714285714286","0.27598107623226376","0.7535714285714286","0.20279162656688904","0.9642857142857143","0.12075763216890607","0.38571428571428573","0.05478269287507369","0.3892857142857143","0.7567090736992083","0.9928571428571429","0.07942850607945116","0.35","0.5714285714285714"
"2025","2026","2028","Co-Cu-Fe-Ni-P","ORR","0","","2024","1","2","0","1","29","5","0.5037648985160553","0.6196428571428572","0.4072173388758838","0.6642857142857143","0.039114074928383265","0.7321428571428571","0.1187281004609884","0.3678571428571429","0.04819448101715131","0.3821428571428571","0.30439010322618143","0.49642857142857144","0.27311542185216564","0.75","0.42822060048842847","0.3357142857142857","0.5965278178933139","0.7821428571428571","0.5700396825396825"
"2025","2026","2028","Co-Ir-Mn-Ni-Zn","ORR","0","","2023","2","1","2","2","29","5","0.3635271858410283","0.4928571428571429","0.08474173722590946","0.3964285714285714","0.0431517816354668","0.7785714285714286","0.32504289040699635","0.8428571428571429","0.18035528271674675","0.9321428571428572","0.41875157609325614","0.6107142857142858","0.027627991163485615","0.28214285714285714","0.45274164607398776","0.4357142857142857","0.051880307364393766","0.3107142857142857","0.5646825396825398"
"2025","2026","2028","Cu-Pd-Pt-Rh-Ru","ORR","0","","2024","1","1","1","1","29","5","0.3635271858410283","0.4928571428571429","0.31733033300139324","0.5660714285714286","0.04044585296234544","0.7482142857142857","0.1863636201303293","0.5607142857142857","0.06366898666940907","0.49642857142857144","0.3048172531071426","0.5","0.09345472322899312","0.4714285714285714","0.5154909347630708","0.7142857142857143","0.20973316972181535","0.5142857142857142","0.5626984126984127"
"2025","2026","2028","Co-Cu-Fe-Ga-Ni-Ti","ORR","0","","2024","1","1","1","2","29","6","0.3635271858410283","0.4928571428571429","0.07243176058661","0.3875","0.019444353708553276","0.5089285714285714","0.15450867397905474","0.44642857142857145","0.10095394969189139","0.7428571428571429","0.46796283780540227","0.6517857142857143","0.07755841578479676","0.44285714285714284","0.6363527825695015","0.9232142857142858","0.14053427131340598","0.45","0.5607142857142857"
"2025","2026","2028","Ag-Au-Cu-Ir-Pd-Pt-Rh","OER","0","","2025","0","1","0","1","63","7","0.6264053635068966","0.7875","0.5261933016047239","0.7125","0.04596675188327647","0.7875","0.14897035881209636","0.43214285714285716","0.03089953499462724","0.26071428571428573","0.6412565197500167","0.8357142857142857","0.05370305885856717","0.37857142857142856","0.45983592594014644","0.4857142857142857","0.08033992597138413","0.35714285714285715","0.5597222222222222"
"2025","2026","2028","Ir-Mo-Pd-Sn-Zn","OER","0","","2025","0","1","0","1","63","5","0.6264053635068966","0.7875","0.5590231129327117","0.7875","0.013699422865592404","0.4303571428571429","0.1841809877711824","0.55","0.043613464374971954","0.34285714285714286","0.6279440515390924","0.7678571428571429","0.11762695718911975","0.5142857142857142","0.42254046486438623","0.2892857142857143","0.22715163863725843","0.5285714285714286","0.5553571428571429"
"2025","2026","2028","Al-Cr-Fe-Mo-Ni","ORR","0","","2022","3","1","3","1","29","5","0.3635271858410283","0.4928571428571429","0.36406821307995446","0.6232142857142857","0.06002094943601644","0.8482142857142857","0.12858286952800735","0.3964285714285714","0.06842869695997052","0.5464285714285714","0.3055457347932961","0.5071428571428571","0.17712223019405246","0.6178571428571429","0.42769443376900806","0.325","0.38602512255679683","0.6321428571428571","0.5543650793650793"
"2025","2026","2028","Co-Cu-Fe-Mn-Ni-Ru","ORR","0","","2025","0","1","0","1","29","6","0.3635271858410283","0.4928571428571429","0.2816298699054317","0.4767857142857143","0.03627893298959584","0.7125","0.14526947949338773","0.425","0.04467320435529002","0.3535714285714286","0.3210799844043366","0.5571428571428572","0.16398396839399326","0.5928571428571429","0.529896798953902","0.7607142857142857","0.31447113714080915","0.5928571428571429","0.5515873015873016"
"2025","2026","2028","Co-Ir-Mn-Ni-Ru","ORR","0","","2025","0","1","0","1","29","5","0.3635271858410283","0.4928571428571429","0.29520713803854015","0.5232142857142857","0.00996166676334706","0.3517857142857143","0.16660786477079528","0.49642857142857144","0.08620379318424877","0.6392857142857142","0.29108469912057283","0.42142857142857143","0.3004274850322404","0.7857142857142857","0.4437913736403139","0.40714285714285714","0.6708571924322009","0.8142857142857143","0.548015873015873"
"2025","2026","2028","Cu-Mn-Ni-Zn","ORR","0","","2024","1","1","1","1","29","4","0.3635271858410283","0.4928571428571429","0.3318336837114615","0.5785714285714286","0.04608210773479196","0.7928571428571428","0.19038294066182407","0.5785714285714286","0.08716349428641687","0.6464285714285715","0.3459723272744004","0.6","0.07740560239654587","0.4392857142857143","0.44427535152780606","0.41785714285714287","0.08082163446993551","0.3607142857142857","0.5452380952380953"
"2025","2026","2028","Co-Cu-Mn-Ni-Ru","ORR","0","","2024","1","1","1","1","29","5","0.3635271858410283","0.4928571428571429","0.31733033300139324","0.5660714285714286","0.04044585296234544","0.7482142857142857","0.11373402040073192","0.3535714285714286","0.024222561137030224","0.22857142857142856","0.32032443305967684","0.5535714285714286","0.16177030291216693","0.5857142857142857","0.5361142771691674","0.7821428571428571","0.2695157975786608","0.5642857142857143","0.5416666666666666"
"2025","2026","2028","Cu-Ir-Pt-Ru-Sn","OER","0","","2024","1","1","1","1","63","5","0.6264053635068966","0.7875","0.5845201721795854","0.8375","0.019943473745682706","0.5339285714285714","0.1617997997563232","0.475","0.034351473457233876","0.2857142857142857","0.6051698678530361","0.6857142857142857","0.14995622940020578","0.5607142857142857","0.34290608057560307","0.060714285714285714","0.31476513511377924","0.5964285714285714","0.5359126984126985"
"2025","2026","2028","Co-Cr-Cu-Fe-Mn-Ni","ORR","0","","2025","0","1","0","1","29","6","0.3635271858410283","0.4928571428571429","0.2816298699054317","0.4767857142857143","0.03627893298959584","0.7125","0.15171269665928466","0.4357142857142857","0.06389218827567088","0.5035714285714286","0.2942734020016322","0.4357142857142857","0.14144388214407497","0.5535714285714286","0.48932198803295746","0.6178571428571429","0.312026855294492","0.5892857142857143","0.5353174603174603"
"2025","2026","2028","Au-Ir-Pd-Pt-Rh-Ru","ORR","0","","2025","0","1","0","1","29","6","0.3635271858410283","0.4928571428571429","0.2816298699054317","0.4767857142857143","0.03627893298959584","0.7125","0.23223694623233615","0.6892857142857143","0.0759402632876312","0.5892857142857143","0.30163396440596923","0.4785714285714286","0.1187365151394928","0.5214285714285715","0.403197139906351","0.26071428571428573","0.2307242962048089","0.5357142857142857","0.5285714285714287"
"2025","2026","2028","Co-Cu-Fe-Mn-N-Ni","ORR","0","","2021","4","1","4","1","29","6","0.3635271858410283","0.4928571428571429","0.3729093479187431","0.6285714285714286","0.13010578048871274","0.9642857142857143","0.1123857119975151","0.34285714285714286","0.06630229033374363","0.5321428571428571","0.2938345166649138","0.43214285714285716","0.11314937720189912","0.5107142857142857","0.4236875647436395","0.30357142857142855","0.1986057214741094","0.5","0.523015873015873"
"2025","2026","2028","Co-Cr-Fe-Ni-W","ORR","0","","2025","0","1","0","1","29","5","0.3635271858410283","0.4928571428571429","0.29520713803854015","0.5232142857142857","0.00996166676334706","0.3517857142857143","0.21360758958981202","0.6321428571428571","0.0905934623113481","0.6821428571428572","0.3014519426886721","0.475","0.23557598022606488","0.7071428571428572","0.3540213328426649","0.09642857142857143","0.522486107020199","0.7428571428571429","0.5226190476190476"
"2025","2026","2028","Co-Fe-Mn-Ni-Rh","ORR","0","","2025","0","1","0","1","29","5","0.3635271858410283","0.4928571428571429","0.29520713803854015","0.5232142857142857","0.00996166676334706","0.3517857142857143","0.16285178125365748","0.4857142857142857","0.055638919974246755","0.42142857142857143","0.32194318399267985","0.5642857142857143","0.15930578340323118","0.5821428571428572","0.5128497784800993","0.7035714285714286","0.27282791081981594","0.5678571428571428","0.5214285714285715"
"2025","2026","2028","Co-Cu-Fe-Mn-Ni-Zn","ORR","0","","2025","0","1","0","1","29","6","0.3635271858410283","0.4928571428571429","0.2816298699054317","0.4767857142857143","0.03627893298959584","0.7125","0.13326928963239681","0.4035714285714286","0.045600262159263875","0.3678571428571429","0.3154570776438103","0.5357142857142857","0.12001609351963136","0.525","0.4872534191858148","0.5964285714285714","0.24206899815630836","0.5392857142857143","0.5166666666666667"
"2025","2026","2028","Cr-Cu-Fe-Mn-Ni","ORR","0","","2023","2","1","2","1","29","5","0.3635271858410283","0.4928571428571429","0.3403109277072668","0.5982142857142857","0.007849470957718792","0.2875","0.17264285860337936","0.5214285714285715","0.0797825477297659","0.6071428571428571","0.2969798542252202","0.44642857142857145","0.15130790198327182","0.5642857142857143","0.46752587384636746","0.5285714285714286","0.2954439341306935","0.5821428571428572","0.5142857142857143"
"2025","2026","2028","Co-Mn-Ni-Ru-Ta","ORR","0","","2025","0","1","0","1","29","5","0.3635271858410283","0.4928571428571429","0.29520713803854015","0.5232142857142857","0.00996166676334706","0.3517857142857143","0.1942239495070384","0.5892857142857143","0.09973035715412638","0.725","0.30075999201056897","0.46785714285714286","0.19497396444158896","0.6392857142857142","0.3828558888289967","0.19642857142857142","0.39548954024786576","0.6392857142857142","0.5138888888888888"
"2025","2026","2028","Co-Cu-Mn-Mo-Ni","ORR","0","","2025","0","2","0","2","29","5","0.5037648985160553","0.6196428571428572","0.10875289396134809","0.40535714285714286","0.11459782217977592","0.9375","0.11960292819492588","0.37142857142857144","0.06447059129304825","0.5142857142857142","0.44043067935914193","0.6214285714285714","0.026720155433036567","0.275","0.462884449356136","0.5071428571428571","0.03489751146416308","0.2571428571428571","0.5009920634920635"
"2025","2026","2028","Co-Fe-Mo-Ni-Zn","ORR","0","","2024","1","1","1","1","29","5","0.3635271858410283","0.4928571428571429","0.31733033300139324","0.5660714285714286","0.04044585296234544","0.7482142857142857","0.06431927639666737","0.17857142857142858","0.0221356726439657","0.19642857142857142","0.2963199191538674","0.44285714285714284","0.23935704017706477","0.7178571428571429","0.4377122749119039","0.37857142857142856","0.5042385139568323","0.7357142857142858","0.49523809523809526"
"2025","2026","2028","Cu-Ir-Pt-Ru-Sn","ORR","0","","2024","1","1","1","1","29","5","0.3635271858410283","0.4928571428571429","0.31733033300139324","0.5660714285714286","0.04044585296234544","0.7482142857142857","0.22328575524908859","0.6571428571428571","0.08164387943415355","0.6178571428571429","0.28402228845789246","0.4","0.06850564155433364","0.42142857142857143","0.3429061011204499","0.06428571428571428","0.12886058950636284","0.42857142857142855","0.4884920634920635"
"2025","2026","2028","Co-Cu-Mo-Ni-Ru","ORR","0","","2025","0","1","0","1","29","5","0.3635271858410283","0.4928571428571429","0.29520713803854015","0.5232142857142857","0.00996166676334706","0.3517857142857143","0.17913175011264054","0.5357142857142857","0.0617429082557821","0.4857142857142857","0.3076254389676922","0.525","0.23261849280444505","0.6964285714285714","0.34262072126477716","0.05357142857142857","0.4442546709483523","0.6964285714285714","0.4845238095238095"
"2025","2026","2028","Co-Cu-Fe-Mn-Mo-Ni-O","ORR","0","","2025","0","1","0","1","29","7","0.3635271858410283","0.4928571428571429","0.26843921352298883","0.4607142857142857","0.025496179489596708","0.6285714285714286","0.11742540506084183","0.36428571428571427","0.043114960450728684","0.3357142857142857","0.32236892910486287","0.5678571428571428","0.10889296106838348","0.5035714285714286","0.4592238682792735","0.4785714285714286","0.17104600809429468","0.475","0.47857142857142854"
"2025","2026","2028","Au-Mo-Pd-Pt-W","ORR","0","","2025","0","1","0","1","29","5","0.3635271858410283","0.4928571428571429","0.29520713803854015","0.5232142857142857","0.00996166676334706","0.3517857142857143","0.1769566691244464","0.5321428571428571","0.06147794498118025","0.4785714285714286","0.3007413444677259","0.4642857142857143","0.184925394899946","0.6321428571428571","0.37166001888385336","0.16428571428571428","0.40447941038329494","0.65","0.4765873015873016"
"2025","2026","2028","Ag-Au-Pd-Pt-Ru","ORR","0","","2023","2","1","2","1","29","5","0.3635271858410283","0.4928571428571429","0.3403109277072668","0.5982142857142857","0.007849470957718792","0.2875","0.21032699164218283","0.6178571428571429","0.07254965780904231","0.575","0.30258065282145863","0.48214285714285715","0.054753290980191556","0.38571428571428573","0.44835230164377127","0.42857142857142855","0.11717501670161912","0.4","0.47420634920634913"
"2025","2026","2028","Al-Co-Fe-Ni-Pd-Y","ORR","0","","2025","0","1","0","1","29","6","0.3635271858410283","0.4928571428571429","0.2816298699054317","0.4767857142857143","0.03627893298959584","0.7125","0.1225760676613034","0.37857142857142856","0.046772222912598506","0.37857142857142856","0.2787158695352133","0.39107142857142857","0.17488525290646106","0.6107142857142858","0.35938877525107654","0.13035714285714287","0.4424812367441411","0.6928571428571428","0.4738095238095239"
"2025","2026","2028","Fe-Ir-Mn-Pt-Ru","ORR","0","","2025","0","1","0","1","29","5","0.3635271858410283","0.4928571428571429","0.29520713803854015","0.5232142857142857","0.00996166676334706","0.3517857142857143","0.20935367401985058","0.6142857142857143","0.07422089297343734","0.5857142857142857","0.29771512809207046","0.45","0.14005199462091214","0.55","0.36764888718481636","0.14285714285714285","0.26208263450803293","0.55","0.47341269841269845"
"2025","2026","2028","Co-Cr-Fe-Ni-V","ORR","0","","2025","0","1","0","1","29","5","0.3635271858410283","0.4928571428571429","0.29520713803854015","0.5232142857142857","0.00996166676334706","0.3517857142857143","0.1430469054717986","0.41785714285714287","0.0688932250206925","0.5535714285714286","0.28858170951679357","0.40714285714285714","0.1993391636279155","0.6535714285714286","0.3689206767019771","0.15357142857142858","0.4502608762228317","0.7035714285714286","0.473015873015873"
"2025","2026","2028","Al-Co-Cr-Ni-Ti-V","ORR","0","","2025","0","1","0","1","29","6","0.3635271858410283","0.4928571428571429","0.2816298699054317","0.4767857142857143","0.03627893298959584","0.7125","0.10562271440034124","0.3142857142857143","0.04520639326498389","0.36428571428571427","0.308100604527775","0.5321428571428571","0.10592901047868225","0.5","0.428650164094912","0.35714285714285715","0.1895822566413439","0.48928571428571427","0.47103174603174597"
"2025","2026","2028","Ag-Au-Cu-Ir-Pd-Pt-Rh","ORR","0","","2025","0","1","0","1","29","7","0.3635271858410283","0.4928571428571429","0.26843921352298883","0.4607142857142857","0.025496179489596708","0.6285714285714286","0.1917672310047172","0.5821428571428572","0.06124042127989935","0.475","0.3163000385800252","0.5392857142857143","0.02311208937838751","0.2571428571428571","0.4598359528471612","0.48928571428571427","0.029070495426193024","0.24285714285714285","0.46309523809523806"
"2025","2026","2028","C-Co-Cu-Fe-Mn-N-Ni","ORR","0","","2025","0","1","0","1","29","7","0.3635271858410283","0.4928571428571429","0.26843921352298883","0.4607142857142857","0.025496179489596708","0.6285714285714286","0.12385075431140903","0.38571428571428573","0.06031693188509923","0.4642857142857143","0.31876845738261755","0.5464285714285714","0.038689583127650445","0.32857142857142857","0.458487737272702","0.46785714285714286","0.07170472158433817","0.33214285714285713","0.4563492063492063"
"2025","2026","2028","Au-Pd-Pt-Rh-Ru","ORR","0","","2023","2","1","2","1","29","5","0.3635271858410283","0.4928571428571429","0.3403109277072668","0.5982142857142857","0.007849470957718792","0.2875","0.16905413915000803","0.5071428571428571","0.05749404965308338","0.44285714285714284","0.2984267654295869","0.45357142857142857","0.1307643985484381","0.5321428571428571","0.37858780081010435","0.18571428571428572","0.26504154420697196","0.5571428571428572","0.45079365079365075"
"2025","2026","2028","Co-Fe-Ni-Pd-Y","ORR","0","","2025","0","1","0","1","29","5","0.3635271858410283","0.4928571428571429","0.29520713803854015","0.5232142857142857","0.00996166676334706","0.3517857142857143","0.1398722380584708","0.4107142857142857","0.044768759116822474","0.3607142857142857","0.2787158695352133","0.39107142857142857","0.20422004069216562","0.6571428571428571","0.35938877525107654","0.13035714285714287","0.48755003791693263","0.7142857142857143","0.44801587301587303"
"2025","2026","2028","Co-Cr-Fe-Mo-Ni","CO2RR","0","","2020","5","9","0","2","1","5","0.10973839465540358","0.37857142857142856","0.18732689454503107","0.4357142857142857","0.016374622483975868","0.4857142857142857","0.041779195562614224","0.06785714285714285","0.036122082947729825","0.3","0.0637997288834213","0.325","0.09461313022710588","0.4785714285714286","0.7133225430885852","0.9785714285714285","0.16743336371670434","0.4714285714285714","0.4357142857142857"
"2025","2026","2028","Ir-Mo-Pd-Sn-Zn","ORR","0","","2025","0","1","0","1","29","5","0.3635271858410283","0.4928571428571429","0.29520713803854015","0.5232142857142857","0.00996166676334706","0.3517857142857143","0.18695078242253335","0.5678571428571428","0.043843020313464015","0.35","0.3040166948634803","0.4928571428571429","0.05264880573795361","0.37142857142857144","0.42254048644583325","0.29285714285714287","0.0886400912216384","0.375","0.42420634920634925"
"2025","2026","2028","Cu-Nb-Ni-Ti-Zr","ORR","0","","2025","0","1","0","1","29","5","0.3635271858410283","0.4928571428571429","0.29520713803854015","0.5232142857142857","0.00996166676334706","0.3517857142857143","0.15479482848181753","0.45357142857142857","0.04587652040786703","0.37142857142857144","0.31710967069942064","0.5428571428571428","0.04011103496772476","0.3357142857142857","0.45709835874348326","0.45714285714285713","0.04686995026943186","0.2857142857142857","0.42380952380952386"
"2025","2026","2028","B-Co-Cu-Fe-Mn-Ru","ORR","0","","2024","1","1","1","1","29","6","0.3635271858410283","0.4928571428571429","0.3031732534034222","0.5464285714285714","0.023371903715256256","0.6","0.11500656440213994","0.35714285714285715","0.053971690800911104","0.4142857142857143","0.2959021754633566","0.4392857142857143","0.04691575286543745","0.35714285714285715","0.4113416731487738","0.2714285714285714","0.07202509419419795","0.3357142857142857","0.4238095238095238"
"2025","2026","2028","Co-Cu-Fe-Ni-Zn","CO2RR","0","","2021","4","4","0","1","1","5","0.04638807301088996","0.35714285714285715","0.10137676894526426","0.4","0.004141812304871625","0.23214285714285715","0.12794954159833644","0.39285714285714285","0.07163023643879406","0.5714285714285714","0.04025901562718841","0.24285714285714285","0.056824940786472565","0.39285714285714285","0.5949911203154139","0.8678571428571429","0.07285845733767511","0.3392857142857143","0.4218253968253968"
"2025","2026","2028","Co-Cr-Fe-Ni","CO2RR","0","","2021","4","6","0","2","1","4","0.07061789780831589","0.37142857142857144","0.05392132213313586","0.35714285714285715","0.00984471703893006","0.32857142857142857","0.12258173951940031","0.3821428571428571","0.055737515882811325","0.425","0.05775659546940863","0.2857142857142857","0.037136975032650774","0.31785714285714284","0.5973733483246589","0.8785714285714286","0.07721096163167487","0.34285714285714286","0.4099206349206349"
"2025","2026","2028","Co-Cu-Fe-Ni-Pt","CO2RR","0","","2022","3","8","0","3","1","5","0.09644813601732512","0.375","0.024356884617334755","0.16428571428571428","0.013353527584974576","0.4142857142857143","0.16273501176189545","0.48214285714285715","0.08351906764089685","0.6321428571428571","0.10041597432494467","0.3678571428571429","0.007865631897883113","0.11071428571428571","0.6384869398918355","0.9285714285714286","0.013933205069203902","0.15714285714285714","0.40357142857142864"
"2025","2026","2028","Al-Cu-Fe-Ni-Ti","ORR","0","","2023","2","1","2","1","29","5","0.3635271858410283","0.4928571428571429","0.3403109277072668","0.5982142857142857","0.007849470957718792","0.2875","0.09311625589027357","0.275","0.02028865909364449","0.18214285714285713","0.2901746043916897","0.4142857142857143","0.18317628277616477","0.6285714285714286","0.34969191229773317","0.08571428571428572","0.33760825542694933","0.6178571428571429","0.39801587301587305"
"2025","2026","2028","Co-Cr-Ni-Pt","CO2RR","0","","2024","1","1","1","1","1","4","0.015413874651656882","0.13392857142857142","0.02913328992644348","0.25357142857142856","0.128126891405587","0.9607142857142857","0.10905209224555927","0.32857142857142857","0.027558084486286195","0.25357142857142856","0.04355677185892017","0.25","0.050211858163387586","0.36428571428571427","0.5064698969441643","0.6678571428571428","0.08014344025577218","0.3535714285714286","0.3962301587301587"
"2025","2026","2028","Co-Cu-Fe-Mn-Ni","CO2RR","0","","2023","2","5","0","1","1","5","0.05824955017762381","0.36428571428571427","0.15207805604920452","0.425","0.0069432862441325275","0.2642857142857143","0.05513655248099577","0.12142857142857143","0.018267318172291932","0.16071428571428573","0.03768221388735684","0.23214285714285715","0.14971218634384817","0.5571428571428572","0.5696953475657278","0.8357142857142857","0.250425033314102","0.5464285714285714","0.3896825396825397"
"2025","2026","2028","Ag-Al-Cu-Ni-Ti","ORR","0","","2023","2","1","2","1","29","5","0.3635271858410283","0.4928571428571429","0.3403109277072668","0.5982142857142857","0.007849470957718792","0.2875","0.14390014320435177","0.42142857142857143","0.04377693700698869","0.3464285714285714","0.29933233752653854","0.45714285714285713","0.08138502967156995","0.45","0.33249798022809324","0.03214285714285714","0.12131535517527287","0.4142857142857143","0.3888888888888889"
"2025","2026","2028","Co-Cu-Mo-Ni-Zn","ORR","0","","2025","0","1","0","1","29","5","0.3635271858410283","0.4928571428571429","0.29520713803854015","0.5232142857142857","0.00996166676334706","0.3517857142857143","0.09540498189048706","0.2785714285714286","0.01787595036009942","0.15714285714285714","0.2904026328936963","0.41785714285714287","0.0633534590415253","0.4107142857142857","0.42659367571383133","0.3142857142857143","0.13921226804044318","0.44642857142857145","0.376984126984127"
"2025","2026","2028","Co-Fe-Ni-Pt","CO2RR","0","","2025","0","2","0","3","1","4","0.024767754956159883","0.29464285714285715","0.0014118064330419528","0.017857142857142856","0.018786323027855593","0.5","0.1728115353446171","0.525","0.08539124680940247","0.6357142857142857","0.11725663239499862","0.37857142857142856","0.0024535246662770894","0.017857142857142856","0.8063529505224957","1.0","0.0013909868207254443","0.010714285714285714","0.3755952380952381"
"2025","2026","2028","Ag-Ir-Pd-Pt-Ru","CO2RR","0","","2021","4","3","0","2","1","5","0.03516984965017774","0.3392857142857143","0.012320650674818374","0.10357142857142858","0.0017075570420164972","0.0875","0.20562868818176352","0.6","0.14611204408126557","0.9","0.06834926836902963","0.3392857142857143","0.0046142659078403665","0.05357142857142857","0.6107016963855979","0.8857142857142857","0.0038562886019155155","0.04285714285714286","0.37242063492063493"
"2025","2026","2028","Co-Fe-Mn-Ni","CO2RR","0","","2019","6","2","0","2","1","4","0.024767754956159883","0.29464285714285715","0.008313371022386966","0.08928571428571429","0.015308394890080028","0.48214285714285715","0.15965147662487308","0.4714285714285714","0.08761834160881442","0.6571428571428571","0.06932095452660036","0.35","0.0066196368238051004","0.08928571428571429","0.5615503265477217","0.8214285714285714","0.0076088110953829065","0.07857142857142857","0.37043650793650795"
"2025","2026","2028","Co-Fe-Ni-V","CO2RR","0","","2025","0","1","0","1","1","4","0.015413874651656882","0.13392857142857142","0.0263273571580358","0.21964285714285714","0.04718068087763887","0.8053571428571429","0.09092487814237855","0.2714285714285714","0.03847393813576238","0.30714285714285716","0.034667250443623406","0.18214285714285713","0.06068867492955388","0.40714285714285714","0.4776630606630255","0.5607142857142857","0.1288911288967075","0.43214285714285716","0.36884920634920637"
"2025","2026","2028","Co-Cu-Fe-Ni","CO2RR","0","","2024","1","2","0","2","1","4","0.024767754956159883","0.29464285714285715","0.007896484686529709","0.07857142857142857","0.020282858167699782","0.5535714285714286","0.19749536992266467","0.5928571428571429","0.09146365261854277","0.6892857142857143","0.04961075223090143","0.25357142857142856","0.004863751501708637","0.05714285714285714","0.511353317086924","0.6892857142857143","0.007198195142719947","0.075","0.3648809523809524"
"2025","2026","2028","Co-Fe-Ga-Ni-Zn","CO2RR","0","","2020","5","2","4","1","1","5","0.024767754956159883","0.29464285714285715","0.05923115761175072","0.3607142857142857","0.004053736844652702","0.22857142857142856","0.09704249748064853","0.2892857142857143","0.05243114676846729","0.4","0.03653755142273959","0.21071428571428572","0.06421787884122407","0.4142857142857143","0.49831239952499573","0.6392857142857142","0.10811899739053893","0.3892857142857143","0.35853174603174603"
"2025","2026","2028","Co-Fe-Mo-Ni-W","CO2RR","0","","2023","2","5","0","3","1","5","0.05824955017762381","0.36428571428571427","0.005744376978064336","0.060714285714285714","0.004843664143895825","0.25","0.1376752228965962","0.40714285714285714","0.06947628586466294","0.5571428571428572","0.10369054923830158","0.37142857142857144","0.005528945259693911","0.07142857142857142","0.6764453728336577","0.9678571428571429","0.007940682946533929","0.08214285714285714","0.3480158730158731"
"2025","2026","2028","Al-Co-Mo-Ni-Ru","CO2RR","0","","2020","5","1","5","3","1","5","0.015413874651656882","0.13392857142857142","0.001370490727520284","0.014285714285714285","0.017074661306852066","0.48928571428571427","0.15435830495561717","0.44285714285714284","0.10624012415070333","0.7785714285714286","0.09841063614536184","0.3607142857142857","0.0015318079146624025","0.007142857142857143","0.5638127837059286","0.8285714285714286","0.0008514725577326012","0.007142857142857143","0.3402777777777778"
"2025","2026","2028","Al-Cr-Fe-Ni","CO2RR","0","","2023","2","2","2","1","1","4","0.024767754956159883","0.29464285714285715","0.051281771860080406","0.3535714285714286","0.0439384318728563","0.7821428571428571","0.08147753050686396","0.24285714285714285","0.04849175655452018","0.38571428571428573","0.031376953760689316","0.075","0.030113916833467137","0.29285714285714287","0.42833604151219434","0.3392857142857143","0.048626947157555826","0.29642857142857143","0.3402777777777778"
"2025","2026","2028","Co-Cu-Ni-Pt-Ru","CO2RR","0","","2022","3","2","1","1","1","5","0.024767754956159883","0.29464285714285715","0.0444741879136965","0.35","0.00595952778700744","0.2571428571428571","0.05348409010004678","0.11785714285714285","0.022577882538801785","0.2","0.037672593807005876","0.22857142857142856","0.06435561008358143","0.41785714285714287","0.5572528683530881","0.8035714285714286","0.10901757431062269","0.39285714285714285","0.3402777777777778"
"2025","2026","2028","Co-Fe-Ni-Pt-Ru","CO2RR","0","","2024","1","2","0","1","1","5","0.024767754956159883","0.29464285714285715","0.03985313308210792","0.3357142857142857","0.0020471158650525274","0.17142857142857143","0.0388756860720057","0.04642857142857143","0.016887372987991","0.14642857142857144","0.036625867896149515","0.21428571428571427","0.11871670372893359","0.5178571428571429","0.5319287659553118","0.7642857142857142","0.266310497032922","0.5607142857142857","0.33908730158730166"
"2025","2026","2028","Co-Fe-Mn-Ni-V","CO2RR","0","","2024","1","3","0","2","1","5","0.03516984965017774","0.3392857142857143","0.011947639032099508","0.09285714285714286","0.0008427676903382178","0.0125","0.16832378707530204","0.5035714285714286","0.0674924836468187","0.5428571428571428","0.06871306908222179","0.34285714285714286","0.011378821994111983","0.15","0.6244344970497681","0.9","0.013423861085564294","0.15","0.33710317460317457"
"2025","2026","2028","Co-Cu-Fe-Mo-Ni","CO2RR","0","","2024","1","5","0","2","1","5","0.05824955017762381","0.36428571428571427","0.0308746850580484","0.2892857142857143","0.0035503394919047977","0.20714285714285716","0.056838057886888664","0.1357142857142857","0.024745979949025734","0.2392857142857143","0.0637853003737084","0.32142857142857145","0.021900231291455647","0.24642857142857144","0.6851242393703384","0.9714285714285714","0.030314940086703324","0.25","0.3361111111111111"
"2025","2026","2028","B-Co-Cu-Fe-Ir-Mo-Ni","CO2RR","0","","2024","1","1","1","1","1","7","0.015413874651656882","0.13392857142857142","0.02401423075505379","0.15892857142857142","0.010942430645392073","0.3982142857142857","0.05916745961109659","0.14642857142857144","0.024223657251652327","0.23214285714285715","0.03624938086433093","0.20714285714285716","0.06052230052353518","0.4035714285714286","0.5773997940157306","0.8571428571428571","0.10469204870753895","0.38571428571428573","0.3248015873015873"
"2025","2026","2028","Co-Fe-Mn-Ni-Pt","CO2RR","0","","2023","2","2","1","2","1","5","0.024767754956159883","0.29464285714285715","0.008199771080051339","0.08571428571428572","0.0032054537984998518","0.2","0.10973229775602131","0.3357142857142857","0.05788834564079615","0.44642857142857145","0.06823631081399749","0.3357142857142857","0.011463319585051052","0.15357142857142858","0.6115691608586338","0.8928571428571429","0.014664996404822784","0.17142857142857143","0.32400793650793647"
"2025","2026","2028","Co-Fe-Ni-Pd-Pt","CO2RR","0","","2022","3","3","0","2","1","5","0.03516984965017774","0.3392857142857143","0.012195052892636012","0.09821428571428571","0.0009052058296726325","0.019642857142857142","0.11591454748861296","0.3607142857142857","0.05704924204232017","0.4392857142857143","0.0680473495443293","0.33214285714285713","0.013141552524421552","0.18214285714285713","0.6422424392062401","0.9392857142857143","0.01819671525051971","0.19642857142857142","0.323015873015873"
"2025","2026","2028","Co-Cr-Fe-Mn","CO2RR","0","","2021","4","1","4","1","1","4","0.015413874651656882","0.13392857142857142","0.03939853181267323","0.32857142857142857","0.0365673530070112","0.725","0.15265431105895969","0.4392857142857143","0.10021502978037626","0.7357142857142858","0.028454717590652077","0.010714285714285714","0.008028645115474319","0.11428571428571428","0.3985083971103138","0.23214285714285715","0.011042995013311083","0.12857142857142856","0.31646825396825395"
"2025","2026","2028","Co-Cr-Fe-Mn-Ni-V","CO2RR","0","","2022","3","1","3","1","1","6","0.015413874651656882","0.13392857142857142","0.03136123774689162","0.29285714285714287","0.0034744172933064447","0.20357142857142857","0.07559208877287309","0.2392857142857143","0.04104745908901451","0.32142857142857145","0.037337299565379754","0.225","0.03962911527263179","0.33214285714285713","0.5452959040446618","0.7857142857142857","0.04954362385756389","0.30357142857142855","0.31527777777777777"
"2025","2026","2028","Co-Cu-Ni-Pd-Pt","CO2RR","0","","2021","4","3","0","1","1","5","0.03516984965017774","0.3392857142857143","0.06498584307835265","0.37142857142857144","0.005862413542714244","0.25357142857142856","0.09614932993943315","0.2857142857142857","0.023782723498342734","0.21428571428571427","0.03908496501317709","0.2392857142857143","0.03738843567283901","0.325","0.46648888786688936","0.5107142857142857","0.047150875763052144","0.2892857142857143","0.3142857142857143"
"2025","2026","2028","Co-Mo-Ni-Pd-Pt","CO2RR","0","","2022","3","1","3","3","1","5","0.015413874651656882","0.13392857142857142","0.0011130554382001705","0.007142857142857143","0.009231024423786309","0.325","0.16396302618393974","0.4928571428571429","0.0760927652305574","0.5928571428571429","0.10957151922933714","0.375","0.0025992283050890715","0.02142857142857143","0.5648777618304905","0.8321428571428572","0.002188139533866058","0.02142857142857143","0.3113095238095238"
"2025","2026","2028","Co-Cu-Fe-Ni-V","CO2RR","0","","2025","0","2","0","3","1","5","0.024767754956159883","0.29464285714285715","0.00132153754040711","0.010714285714285714","0.002001466888556865","0.16071428571428573","0.19225773745182329","0.5857142857142857","0.08735999706603804","0.6535714285714286","0.09968709524153958","0.36428571428571427","0.00128483438642021","0.0035714285714285713","0.5211812494354601","0.7178571428571429","0.0006639087372453188","0.0035714285714285713","0.310515873015873"
"2025","2026","2028","Mo-Ni-Pd-Pt-Rh","CO2RR","0","","2023","2","2","0","1","1","5","0.024767754956159883","0.29464285714285715","0.040251976110234934","0.34285714285714286","0.0017472385309660937","0.11785714285714285","0.06174608030745259","0.16785714285714284","0.014722811033140893","0.13214285714285715","0.03246605335973379","0.13214285714285715","0.09492444768948334","0.48214285714285715","0.4556253062782814","0.4392857142857143","0.24795805839982465","0.5428571428571428","0.29464285714285715"
"2025","2026","2028","Co-Fe-Mo-Ni","CO2RR","0","","2022","3","1","3","1","1","4","0.015413874651656882","0.13392857142857142","0.035640210612607796","0.31607142857142856","0.035755718657980724","0.6982142857142857","0.0289685113581037","0.017857142857142856","0.007818012949687652","0.04285714285714286","0.03151381565995219","0.08571428571428572","0.09386297902370352","0.475","0.44345486293615893","0.3892857142857143","0.19008512832054095","0.4928571428571429","0.2946428571428571"
"2025","2026","2028","Al-Co-Fe-Mo-Ni","CO2RR","0","","2022","3","3","0","1","1","5","0.03516984965017774","0.3392857142857143","0.06435835506968174","0.3678571428571429","0.004725429167751951","0.2357142857142857","0.022963971252628366","0.007142857142857143","0.014178052525565067","0.125","0.03240836469814427","0.12857142857142856","0.07654817275128804","0.4357142857142857","0.47353776332527636","0.5428571428571428","0.15034773940524757","0.4607142857142857","0.29365079365079366"
"2025","2026","2028","Co-Cr-Fe-Mn-Ni-Pt","CO2RR","0","","2025","0","1","0","2","1","6","0.015413874651656882","0.13392857142857142","0.0042334954041562695","0.025","0.0017675485266369073","0.12142857142857143","0.09833288361002726","0.29285714285714287","0.062029439550086","0.48928571428571427","0.09024127003252722","0.3535714285714286","0.011839077352644639","0.16428571428571428","0.7242157476974448","0.9857142857142858","0.005305557196150889","0.05357142857142857","0.2910714285714286"
"2025","2026","2028","Ce-Co-Fe-Ni-Pt-Ru-Zn","CO2RR","0","","2024","1","1","1","2","1","7","0.015413874651656882","0.13392857142857142","0.004396718021370084","0.02857142857142857","0.0038262125565879236","0.21071428571428572","0.12168250459023984","0.375","0.050308930842862726","0.3892857142857143","0.061382956970341865","0.29642857142857143","0.008441191543079025","0.125","0.6419854015836645","0.9321428571428572","0.009907407252581775","0.11428571428571428","0.289484126984127"
"2025","2026","2028","Au-Ir-Os-Pd-Pt-Re-Rh-Ru","CO2RR","0","","2025","0","1","0","1","1","8","0.015413874651656882","0.13392857142857142","0.020329866638764","0.11785714285714285","0.008025726967814218","0.30357142857142855","0.11317255111957196","0.3464285714285714","0.05391019356766622","0.40714285714285714","0.0414122795882062","0.24642857142857144","0.008241606293457155","0.11785714285714285","0.5751304250711216","0.8464285714285714","0.006217215516752072","0.06785714285714285","0.28750000000000003"
"2025","2026","2028","Co-Cu-Fe-Ir-Ni","CO2RR","0","","2022","3","3","2","2","1","5","0.03516984965017774","0.3392857142857143","0.014674160076014704","0.11071428571428571","0.004000656652966598","0.22321428571428573","0.08692082361326262","0.26071428571428573","0.03542771232840568","0.29285714285714287","0.05337150594303187","0.26071428571428573","0.011763391502416181","0.16071428571428573","0.5259692155187743","0.7392857142857143","0.018105721109404702","0.18928571428571428","0.2863095238095238"
"2025","2026","2028","Co-Ir-Ni-Pt","CO2RR","0","","2025","0","1","0","1","1","4","0.015413874651656882","0.13392857142857142","0.0263273571580358","0.21964285714285714","0.04718068087763887","0.8053571428571429","0.08699240904747947","0.2642857142857143","0.028427338815426886","0.2571428571428571","0.03186005588652647","0.1","0.0283369205888216","0.2857142857142857","0.3868825733780883","0.21071428571428572","0.04020230191162724","0.26785714285714285","0.28273809523809523"
"2025","2026","2028","Co-Fe-Ni-Ru","CO2RR","0","","2023","2","2","0","2","1","4","0.024767754956159883","0.29464285714285715","0.007978168750365139","0.08214285714285714","0.006241616881421157","0.26071428571428573","0.08729058981050562","0.26785714285714285","0.03319085590258539","0.2785714285714286","0.060672765285796446","0.2892857142857143","0.009747280044914236","0.1357142857142857","0.5468820523637659","0.7964285714285714","0.011154681429953565","0.13214285714285715","0.28194444444444444"
"2025","2026","2028","Co-Ni-Pd-Pt-Ru","CO2RR","0","","2024","1","1","1","2","1","5","0.015413874651656882","0.13392857142857142","0.005015663082541268","0.05","0.00480741638095825","0.24285714285714285","0.1121318841619287","0.3392857142857143","0.056571709324408914","0.4357142857142857","0.06162132522875259","0.3","0.007616021128411715","0.10714285714285714","0.5255206473573465","0.7321428571428571","0.011201642847462922","0.1357142857142857","0.27519841269841266"
"2025","2026","2028","Co-Cr-Fe-Ni-Ti","CO2RR","0","","2025","0","2","0","2","1","5","0.024767754956159883","0.29464285714285715","0.0073189110531499","0.06964285714285715","0.002001466888556865","0.16071428571428573","0.08543196275455527","0.25357142857142856","0.034798110008639964","0.2892857142857143","0.06559438724952517","0.32857142857142857","0.00508356686654096","0.06785714285714285","0.6296209148404814","0.9071428571428571","0.008605558864159714","0.09642857142857143","0.27420634920634923"
"2025","2026","2028","Co-Cr-Cu-Fe-Ni","CO2RR","0","","2022","3","3","0","2","1","5","0.03516984965017774","0.3392857142857143","0.012195052892636012","0.09821428571428571","0.0009052058296726325","0.019642857142857142","0.131641701043066","0.4","0.06538938002024412","0.525","0.0568637882163955","0.275","0.0067747492911430455","0.09285714285714286","0.4952640845051904","0.6214285714285714","0.00807503862464061","0.08571428571428572","0.27301587301587305"
"2025","2026","2028","Co-Cr-Fe-Mn-Mo-Ni","CO2RR","0","","2021","4","1","4","2","1","6","0.015413874651656882","0.13392857142857142","0.006407555173712965","0.06428571428571428","0.008263698072028461","0.30714285714285716","0.10473753383845658","0.3107142857142857","0.0640304923392384","0.5071428571428571","0.06888124268140514","0.3464285714285714","0.004100312918375334","0.039285714285714285","0.5018443444300154","0.65","0.0033911658986278833","0.03571428571428571","0.26607142857142857"
"2025","2026","2028","Co-Fe-Ni-Pt-Rh","CO2RR","0","","2021","4","1","4","1","1","5","0.015413874651656882","0.13392857142857142","0.03696936457343397","0.32321428571428573","0.0017156983240673729","0.10357142857142858","0.04603939611625721","0.08214285714285714","0.010870347394659294","0.075","0.032502650366637055","0.1357142857142857","0.07350134017734977","0.425","0.4884127096767472","0.6","0.16122369578295812","0.46785714285714286","0.26071428571428573"
"2025","2026","2028","Co-Fe-Mo-Ni-P","CO2RR","0","","2025","0","1","0","2","1","5","0.015413874651656882","0.13392857142857142","0.00452176779090254","0.033928571428571426","0.0007124760628687916","0.005357142857142857","0.07329488828400726","0.21785714285714286","0.03216029990263803","0.2642857142857143","0.06366096188555859","0.31785714285714284","0.015291667971955417","0.20357142857142857","0.6484161933180729","0.9535714285714286","0.015390311834080283","0.17857142857142858","0.256547619047619"
"2025","2026","2028","Co-Cu-Mg-Ni-Zn","CO2RR","0","","2021","4","1","4","1","1","5","0.015413874651656882","0.13392857142857142","0.03696936457343397","0.32321428571428573","0.0017156983240673729","0.10357142857142858","0.06356111050738512","0.17142857142857143","0.020130163567704914","0.17857142857142858","0.032562809105462956","0.14285714285714285","0.037342407475949455","0.32142857142857145","0.4958237726457986","0.6285714285714286","0.04892301204150239","0.3","0.25595238095238093"
"2025","2026","2028","Co-Cu-Fe-Ni-Ti","CO2RR","0","","2024","1","1","1","2","1","5","0.015413874651656882","0.13392857142857142","0.005015663082541268","0.05","0.00480741638095825","0.24285714285714285","0.0739183337705153","0.22142857142857142","0.02087917220850247","0.18928571428571428","0.0623778130084905","0.3053571428571429","0.009008022670863602","0.13214285714285715","0.6363527419865839","0.9160714285714285","0.009352004355729703","0.10714285714285714","0.25535714285714284"
"2025","2026","2028","Co-Cu-Fe-Ga-Ni-Ti","CO2RR","0","","2024","1","1","1","2","1","6","0.015413874651656882","0.13392857142857142","0.004696052348239258","0.04107142857142857","0.003966454781906979","0.21607142857142858","0.08272826258973713","0.24642857142857144","0.01941189922388464","0.17142857142857143","0.0623778130084905","0.3053571428571429","0.00843851772452609","0.12142857142857143","0.6363527419865839","0.9160714285714285","0.010315353487001723","0.125","0.25297619047619047"
"2025","2026","2028","Co-Fe-Ni-Pt-Ru-Zn","CO2RR","0","","2024","1","1","1","2","1","6","0.015413874651656882","0.13392857142857142","0.004696052348239258","0.04107142857142857","0.003966454781906979","0.21607142857142858","0.07214244087473891","0.21071428571428572","0.024481086932986878","0.2357142857142857","0.06128042694982614","0.29285714285714287","0.006340062866975709","0.08571428571428572","0.6422498360190261","0.9464285714285714","0.00858699784236281","0.09285714285714286","0.2505952380952381"
"2025","2026","2028","Co-Cu-Mn-Ni-Ru","CO2RR","0","","2024","1","1","1","1","1","5","0.015413874651656882","0.13392857142857142","0.027319039557063916","0.2375","0.013797117721409707","0.4589285714285714","0.030541219819091827","0.02142857142857143","0.003457399985007536","0.010714285714285714","0.03441989858041773","0.175","0.019159778527312366","0.225","0.536114223684127","0.775","0.021915654151647864","0.21428571428571427","0.2501984126984127"
"2025","2026","2028","Cu-Ni-Pd-Pt","CO2RR","0","","2022","3","1","3","1","1","4","0.015413874651656882","0.13392857142857142","0.035640210612607796","0.31607142857142856","0.035755718657980724","0.6982142857142857","0.10906242926590241","0.33214285714285713","0.0386261357913866","0.3107142857142857","0.033586591493603886","0.15357142857142858","0.010325096529065627","0.1392857142857143","0.321916781643865","0.0035714285714285713","0.014409380142311804","0.16428571428571428","0.2501984126984127"
"2025","2026","2028","Co-Cu-Ni-Pt-Zn","CO2RR","0","","2024","1","1","1","1","1","5","0.015413874651656882","0.13392857142857142","0.027319039557063916","0.2375","0.013797117721409707","0.4589285714285714","0.09575354937129463","0.28214285714285714","0.032704558497630695","0.2714285714285714","0.03494625974531421","0.19642857142857142","0.0075770450375485686","0.10357142857142858","0.4317447859411641","0.3607142857142857","0.009940259074395507","0.11785714285714285","0.24027777777777773"
"2025","2026","2028","Au-Ir-Pd-Pt-Ru","CO2RR","0","","2024","1","2","0","1","1","5","0.024767754956159883","0.29464285714285715","0.03985313308210792","0.3357142857142857","0.0020471158650525274","0.17142857142857143","0.055477771299453096","0.125","0.016649912315211284","0.1392857142857143","0.0323629556585673","0.125","0.02015290715930421","0.23214285714285715","0.4621586576385743","0.4928571428571429","0.02870891850059671","0.2392857142857143","0.239484126984127"
"2025","2026","2028","Cr-Cu-Ir-Ni-Pt","CO2RR","0","","2023","2","1","2","1","1","5","0.015413874651656882","0.13392857142857142","0.030227383262486085","0.2732142857142857","0.0017965214675209967","0.1375","0.06434961110359552","0.18214285714285713","0.01114979261862994","0.08214285714285714","0.0368208318315987","0.21785714285714286","0.021843741994695347","0.24285714285714285","0.5030658015822405","0.6571428571428571","0.02386638439779906","0.22142857142857142","0.2386904761904762"
"2025","2026","2028","Al-Co-Cr-Fe-Ni","CO2RR","0","","2020","5","3","0","2","1","5","0.03516984965017774","0.3392857142857143","0.012447525697994444","0.10714285714285714","0.0017075570420164972","0.0875","0.0639689203349223","0.175","0.03784197374148709","0.30357142857142855","0.057429520326495766","0.2785714285714286","0.004237301903316838","0.04642857142857143","0.5269462981069032","0.7464285714285714","0.005519767805498677","0.05714285714285714","0.23789682539682536"
"2025","2026","2028","Co-Cu-Fe-Ni-P","CO2RR","0","","2024","1","2","0","1","1","5","0.024767754956159883","0.29464285714285715","0.03985313308210792","0.3357142857142857","0.0020471158650525274","0.17142857142857143","0.05901388955221087","0.14285714285714285","0.013261083771982969","0.10714285714285714","0.03203732577077663","0.11071428571428571","0.03663759239318267","0.3142857142857143","0.42822056355120264","0.32857142857142857","0.06675418645179683","0.32857142857142857","0.23710317460317462"
"2025","2026","2028","Co-Cu-In-Mo-Ni","CO2RR","0","","2025","0","1","0","1","1","5","0.015413874651656882","0.13392857142857142","0.02468340128910721","0.18928571428571428","0.0010947473740016748","0.05357142857142857","0.09876493078219317","0.29642857142857143","0.03999153746702411","0.3142857142857143","0.03831909483919534","0.2357142857142857","0.013572414438862576","0.18928571428571428","0.4827618775922759","0.5714285714285714","0.013180431804497465","0.14642857142857144","0.23670634920634917"
"2025","2026","2028","Co-Fe-Mn-Ni-W","CO2RR","0","","2023","2","1","2","1","1","5","0.015413874651656882","0.13392857142857142","0.030227383262486085","0.2732142857142857","0.0017965214675209967","0.1375","0.03314327585274204","0.025","0.011289441653523084","0.08571428571428572","0.034344322763944564","0.17142857142857143","0.054093577985769234","0.3821428571428571","0.46795179190833036","0.5321428571428571","0.09610574866487001","0.37857142857142856","0.23551587301587304"
"2025","2026","2028","Cu-Fe-Ni-Pt-Rh","CO2RR","0","","2024","1","1","1","2","1","5","0.015413874651656882","0.13392857142857142","0.005015663082541268","0.05","0.00480741638095825","0.24285714285714285","0.10380845268147376","0.30714285714285716","0.05630259013405106","0.42857142857142855","0.06282990605164099","0.3107142857142857","0.003419775094395794","0.03214285714285714","0.48629990159565234","0.5821428571428572","0.0027551221397214744","0.02857142857142857","0.23511904761904764"
"2025","2026","2028","Ga-In-Mo-Ni-Pd","CO2RR","0","","2022","3","1","3","1","1","5","0.015413874651656882","0.13392857142857142","0.0334347021170517","0.30178571428571427","0.0017156983240673729","0.10357142857142858","0.06116680040120828","0.16071428571428573","0.01765688673458121","0.15357142857142858","0.0353025816126155","0.20357142857142857","0.012466292492775782","0.175","0.5233140333766949","0.7214285714285714","0.01308098512384465","0.14285714285714285","0.23293650793650794"
"2025","2026","2028","Cu-Pd-Pt-Rh-Ru","CO2RR","0","","2024","1","1","1","1","1","5","0.015413874651656882","0.13392857142857142","0.027319039557063916","0.2375","0.013797117721409707","0.4589285714285714","0.0436627207575709","0.07142857142857142","0.005620738475478536","0.03214285714285714","0.03209992047036392","0.11428571428571428","0.010326664975888432","0.14285714285714285","0.515490887120636","0.7071428571428572","0.016242731992008232","0.18214285714285713","0.2311507936507936"
"2025","2026","2028","Co-Fe-Ir-Pd-Pt","CO2RR","0","","2020","5","1","5","1","1","5","0.015413874651656882","0.13392857142857142","0.04086190839958303","0.3464285714285714","0.010759274715885616","0.39285714285714285","0.055723883673152105","0.12857142857142856","0.019734724956258734","0.175","0.030203005477420098","0.039285714285714285","0.03252270680548397","0.30714285714285716","0.3889178318466715","0.22142857142857142","0.055151984305492494","0.32142857142857145","0.2295634920634921"
"2025","2026","2028","Co-Cr-Fe-Ni-Pt","CO2RR","0","","2024","1","1","1","1","1","5","0.015413874651656882","0.13392857142857142","0.027319039557063916","0.2375","0.013797117721409707","0.4589285714285714","0.04861610162729497","0.08928571428571429","0.024979245462598935","0.24285714285714285","0.02993091372863313","0.025","0.052423122352809624","0.3678571428571429","0.3543235969099012","0.10357142857142858","0.11879075875160253","0.4035714285714286","0.22916666666666666"
"2025","2026","2028","Co-Cu-Fe-Ni-Pd","CO2RR","0","","2023","2","1","2","1","1","5","0.015413874651656882","0.13392857142857142","0.030227383262486085","0.2732142857142857","0.0017965214675209967","0.1375","0.0512343775146673","0.10714285714285714","0.013748685730957418","0.11785714285714285","0.032182444850748795","0.11785714285714285","0.023653449937401448","0.26071428571428573","0.5066281425374566","0.6785714285714286","0.027234478400110552","0.2357142857142857","0.22916666666666666"
"2025","2026","2028","Cu-Fe-Mn-Ni-Pd","CO2RR","0","","2024","1","1","1","1","1","5","0.015413874651656882","0.13392857142857142","0.027319039557063916","0.2375","0.013797117721409707","0.4589285714285714","0.0715848608165449","0.20714285714285716","0.023341610696003767","0.21071428571428572","0.03728525312991315","0.22142857142857142","0.0142134787621886","0.19642857142857142","0.4017667436251742","0.24285714285714285","0.013689192067230148","0.15357142857142858","0.22916666666666666"
"2025","2026","2028","Co-Mn-Mo-Ni-P","CO2RR","0","","2025","0","1","0","2","1","5","0.015413874651656882","0.13392857142857142","0.00452176779090254","0.033928571428571426","0.0007124760628687916","0.005357142857142857","0.084420701323596","0.25","0.023833661932757738","0.21785714285714286","0.06352851100142756","0.3142857142857143","0.0049563315291050415","0.060714285714285714","0.6487812502299454","0.9607142857142857","0.005685807919176614","0.060714285714285714","0.22638888888888886"
"2025","2026","2028","Co-Cu-Fe-Mn-Ni-Zn","CO2RR","0","","2025","0","1","0","1","1","6","0.015413874651656882","0.13392857142857142","0.02313965915974188","0.14464285714285716","0.002658942339941815","0.1875","0.07538048223524897","0.23214285714285715","0.02041694819271959","0.18571428571428572","0.033681599810925916","0.15714285714285714","0.013616547245321717","0.19285714285714287","0.48725329733043055","0.5892857142857143","0.019242338445618977","0.2","0.2248015873015873"
"2025","2026","2028","Cu-Mn-Mo-Ni-Pt","CO2RR","0","","2024","1","1","1","1","1","5","0.015413874651656882","0.13392857142857142","0.027319039557063916","0.2375","0.013797117721409707","0.4589285714285714","0.051262388369347274","0.11071428571428571","0.007578902680709125","0.039285714285714285","0.03192580234451053","0.10357142857142858","0.030562082629033357","0.3","0.415990781101264","0.275","0.05436537268546972","0.31785714285714284","0.21964285714285714"
"2025","2026","2028","Co-Fe-Mn-Mo-Ni","CO2RR","0","","2021","4","3","3","2","1","5","0.03516984965017774","0.3392857142857143","0.01625885065596286","0.11428571428571428","0.004000656652966598","0.22321428571428573","0.05121474949973291","0.10357142857142858","0.020946529627737357","0.19285714285714287","0.05543583066177052","0.2642857142857143","0.011749944280374625","0.15714285714285714","0.43840221518353795","0.3821428571428571","0.01729665733219755","0.18571428571428572","0.21805555555555556"
"2025","2026","2028","Co-Cu-Fe-Mn-Mo-Ni-Pd-Pt","CO2RR","0","","2024","1","1","1","2","1","8","0.015413874651656882","0.13392857142857142","0.004116384859742611","0.02142857142857143","0.007750285179520545","0.2714285714285714","0.07553237175928193","0.2357142857142857","0.03316347610762625","0.275","0.057657931828105746","0.28214285714285714","0.005677351770302712","0.07857142857142857","0.47370166297670563","0.5535714285714286","0.009117368061353038","0.10357142857142858","0.21726190476190477"
"2025","2026","2028","Co-Fe-Mn-Ni-Ru","CO2RR","0","","2024","1","2","0","2","1","5","0.024767754956159883","0.29464285714285715","0.007394665020623699","0.075","0.0008427676903382178","0.0125","0.06963124659582373","0.20357142857142857","0.018766180966349036","0.16428571428571428","0.05674241113767637","0.2714285714285714","0.004368623045928279","0.05","0.5593519963784781","0.8142857142857143","0.0057814842068892895","0.06428571428571428","0.21666666666666667"
"2025","2026","2028","Co-Cu-Fe-Mn-Ni-Ru","CO2RR","0","","2025","0","1","0","1","1","6","0.015413874651656882","0.13392857142857142","0.02313965915974188","0.14464285714285716","0.002658942339941815","0.1875","0.03356802996321953","0.02857142857142857","0.008826557118284298","0.05714285714285714","0.03453535052896983","0.17857142857142858","0.019467282805713713","0.22857142857142856","0.5298967476581411","0.7535714285714286","0.026569652577769623","0.23214285714285715","0.21607142857142858"
"2025","2026","2028","Au-Co-Cu-Ir-Mn-Ni-Pd-Pt-Rh-Sn","CO2RR","0","","2020","5","1","5","1","1","10","0.015413874651656882","0.13392857142857142","0.0296941973629311","0.2571428571428571","0.010465015346926667","0.38571428571428573","0.07487846100154871","0.225","0.013654953502707687","0.11428571428571428","0.029273604549502976","0.017857142857142856","0.02738633295077121","0.2785714285714286","0.3841651278359225","0.2","0.056048690588060175","0.325","0.2152777777777778"
"2025","2026","2028","Cu-Fe-Mo-Ni-Pt-Ru","CO2RR","0","","2022","3","1","3","3","1","6","0.015413874651656882","0.13392857142857142","0.0010418683290878382","0.0035714285714285713","0.007446081421194395","0.26785714285714285","0.15560193733128672","0.45714285714285713","0.07378417139793936","0.5785714285714286","0.09418359182601535","0.35714285714285715","0.0022807156563274286","0.010714285714285714","0.3543021012683861","0.1","0.001910182807145817","0.014285714285714285","0.2136904761904762"
"2025","2026","2028","Cr-Cu-Fe-Mn-Ni","CO2RR","0","","2023","2","1","2","1","1","5","0.015413874651656882","0.13392857142857142","0.030227383262486085","0.2732142857142857","0.0017965214675209967","0.1375","0.05254340140877712","0.11428571428571428","0.02397976834049733","0.225","0.030962268878194518","0.060714285714285714","0.01772559174642739","0.21785714285714286","0.46752572092071343","0.5214285714285715","0.024556224129861876","0.225","0.21210317460317463"
"2025","2026","2028","Co-Fe-Mo-Ni-Zn","CO2RR","0","","2024","1","1","1","1","1","5","0.015413874651656882","0.13392857142857142","0.027319039557063916","0.2375","0.013797117721409707","0.4589285714285714","0.0231067132449615","0.010714285714285714","0.003278720710080785","0.007142857142857143","0.03086751109493652","0.05714285714285714","0.030867742416035092","0.30357142857142855","0.43771223141244703","0.37142857142857144","0.051010888799989204","0.30714285714285716","0.20972222222222223"
"2025","2026","2028","Co-Cu-Fe-Ir-Mo-Ni-Pd","CO2RR","0","","2024","1","1","1","1","1","7","0.015413874651656882","0.13392857142857142","0.02401423075505379","0.15892857142857142","0.010942430645392073","0.3982142857142857","0.034827592834423535","0.03214285714285714","0.009349390924416657","0.060714285714285714","0.030455946821595133","0.04285714285714286","0.057853648837637224","0.3964285714285714","0.3782426858581472","0.16785714285714284","0.13454930589072708","0.4392857142857143","0.20337301587301587"
"2025","2026","2028","Co-Cu-Mo-Ni-Pd","CO2RR","0","","2022","3","1","3","1","1","5","0.015413874651656882","0.13392857142857142","0.0334347021170517","0.30178571428571427","0.0017156983240673729","0.10357142857142858","0.07328929602743789","0.21428571428571427","0.022661987658668517","0.20357142857142857","0.034707027630009595","0.18928571428571428","0.033554625962768286","0.3107142857142857","0.34737236655212805","0.06785714285714285","0.04524582916709231","0.28214285714285714","0.20079365079365077"
"2025","2026","2028","Co-Fe-Mn-Ni-Rh","CO2RR","0","","2025","0","1","0","1","1","5","0.015413874651656882","0.13392857142857142","0.02468340128910721","0.18928571428571428","0.0010947473740016748","0.05357142857142857","0.03907939618363912","0.05357142857142857","0.007542076056779648","0.03571428571428571","0.034667532641048736","0.18571428571428572","0.018819107681630965","0.22142857142857142","0.5128497286647308","0.6964285714285714","0.022246571344330373","0.21785714285714286","0.19861111111111113"
"2025","2026","2028","Cu-Ir-Ni-Pd-Pt","CO2RR","0","","2022","3","1","3","1","1","5","0.015413874651656882","0.13392857142857142","0.0334347021170517","0.30178571428571427","0.0017156983240673729","0.10357142857142858","0.10862086347210391","0.325","0.03219247366676169","0.26785714285714285","0.03507377624846981","0.2","0.015958278390348288","0.20714285714285716","0.3256907166529315","0.014285714285714285","0.02037709410690713","0.20357142857142857","0.1952380952380952"
"2025","2026","2028","Co-Ir-Mn-Ni-Zn","CO2RR","0","","2023","2","1","2","2","1","5","0.015413874651656882","0.13392857142857142","0.005563203178559697","0.05714285714285714","0.001985783613778012","0.15357142857142858","0.08597297195382303","0.2571428571428571","0.046400886491222315","0.375","0.051675479761325485","0.2571428571428571","0.0028676498975864495","0.02857142857142857","0.4527416055162666","0.43214285714285716","0.0035692977845904325","0.039285714285714285","0.19265873015873014"
"2025","2026","2028","Al-Co-Cr-Ni-Ti-V","CO2RR","0","","2025","0","1","0","1","1","6","0.015413874651656882","0.13392857142857142","0.02313965915974188","0.14464285714285716","0.002658942339941815","0.1875","0.06499508293951325","0.18928571428571428","0.02396579849905884","0.22142857142857142","0.03258337137417533","0.14642857142857144","0.011850105128562723","0.16785714285714284","0.4286501218066083","0.35","0.01445032632958638","0.16785714285714284","0.1898809523809524"
"2025","2026","2028","Co-Cr-Cu-Fe-Mn-Ni","CO2RR","0","","2025","0","1","0","1","1","6","0.015413874651656882","0.13392857142857142","0.02313965915974188","0.14464285714285716","0.002658942339941815","0.1875","0.037304687331114895","0.04285714285714286","0.00796060908525895","0.04642857142857143","0.03057466864381202","0.05","0.016401731508339856","0.21428571428571427","0.48932193913376615","0.6107142857142858","0.02630728505396655","0.22857142857142856","0.18432539682539684"
"2025","2026","2028","Co-Ir-Mn-Ni-Ru","CO2RR","0","","2025","0","1","0","1","1","5","0.015413874651656882","0.13392857142857142","0.02468340128910721","0.18928571428571428","0.0010947473740016748","0.05357142857142857","0.03990183443486818","0.060714285714285714","0.009970238300261872","0.06785714285714285","0.030121408193060088","0.03571428571428571","0.041656666393791966","0.3464285714285714","0.44379123276345056","0.4","0.082091358977761","0.3678571428571429","0.18392857142857144"
"2025","2026","2028","Al-Cr-Fe-Mo-Ni","CO2RR","0","","2022","3","1","3","1","1","5","0.015413874651656882","0.13392857142857142","0.0334347021170517","0.30178571428571427","0.0017156983240673729","0.10357142857142858","0.04548413710259585","0.075","0.0038467923513795074","0.017857142857142856","0.0322068313621414","0.12142857142857143","0.02132229267059291","0.2392857142857143","0.42769438535519627","0.31785714285714284","0.03477656204092937","0.25357142857142856","0.1738095238095238"
"2025","2026","2028","Co-Cu-Fe-Mn-Mo-Ni-O","CO2RR","0","","2025","0","1","0","1","1","7","0.015413874651656882","0.13392857142857142","0.021690318141189015","0.12678571428571428","0.0010947473740016748","0.05357142857142857","0.04975551272373734","0.1","0.014304851846634907","0.12857142857142856","0.03473283781487874","0.19285714285714287","0.012217649380502455","0.17142857142857143","0.45922382604818646","0.4714285714285714","0.012850808869835695","0.1392857142857143","0.16865079365079363"
"2025","2026","2028","Cu-Nb-Ni-Ti-Zr","CO2RR","0","","2025","0","1","0","1","1","5","0.015413874651656882","0.13392857142857142","0.02468340128910721","0.18928571428571428","0.0010947473740016748","0.05357142857142857","0.06936347352533785","0.2","0.02665949100639687","0.24642857142857144","0.0339312175499816","0.16428571428571428","0.004211786158570143","0.04285714285714286","0.4570983217995046","0.45","0.0032132054853027596","0.03214285714285714","0.1680555555555555"
"2025","2026","2028","Co-Cu-Fe-Mn-N-Ni","CO2RR","0","","2021","4","1","4","1","1","6","0.015413874651656882","0.13392857142857142","0.034684562880982164","0.3107142857142857","0.0017156983240673729","0.10357142857142858","0.05946939445679303","0.15","0.011529207439010583","0.08928571428571429","0.030512065269394407","0.04642857142857143","0.012749278688776898","0.17857142857142858","0.4236875240191792","0.29642857142857143","0.015245907458831068","0.175","0.16488095238095238"
"2025","2026","2028","Ag-Au-Pd-Pt-Ru","CO2RR","0","","2023","2","1","2","1","1","5","0.015413874651656882","0.13392857142857142","0.030227383262486085","0.2732142857142857","0.0017965214675209967","0.1375","0.05579049057613508","0.13214285714285715","0.013325319669167422","0.11071428571428571","0.03177292930633532","0.09642857142857143","0.0058288472379403045","0.08214285714285714","0.44835224945441543","0.42142857142857143","0.008451790058524781","0.08928571428571429","0.1640873015873016"
"2025","2026","2028","Au-Ir-Pd-Pt-Rh-Ru","CO2RR","0","","2025","0","1","0","1","1","6","0.015413874651656882","0.13392857142857142","0.02313965915974188","0.14464285714285716","0.002658942339941815","0.1875","0.05736142382457487","0.1392857142857143","0.014991814987688805","0.1357142857142857","0.031635088089396184","0.09285714285714286","0.013454027565992536","0.18571428571428572","0.40319710111538287","0.25357142857142856","0.018172070536011904","0.19285714285714287","0.1628968253968254"
"2025","2026","2028","Co-Cu-Mn-Mo-Ni","CO2RR","0","","2025","0","2","0","2","1","5","0.024767754956159883","0.29464285714285715","0.0073189110531499","0.06964285714285715","0.002001466888556865","0.16071428571428573","0.0352203645400893","0.03571428571428571","0.005514454768625665","0.025","0.05618781193575789","0.26785714285714285","0.002771102356603863","0.025","0.46288440992448954","0.5035714285714286","0.0023724082813258176","0.025","0.15634920634920635"
"2025","2026","2028","Au-Pd-Pt-Rh-Ru","CO2RR","0","","2023","2","1","2","1","1","5","0.015413874651656882","0.13392857142857142","0.030227383262486085","0.2732142857142857","0.0017965214675209967","0.1375","0.060221116389078296","0.15357142857142858","0.007988440259647372","0.05","0.031170584563585152","0.06785714285714285","0.014998416380901","0.2","0.37858775225059366","0.17857142857142858","0.02147152490306901","0.21071428571428572","0.15615079365079365"
"2025","2026","2028","C-Co-Cu-Fe-Mn-N-Ni","CO2RR","0","","2025","0","1","0","1","1","7","0.015413874651656882","0.13392857142857142","0.021690318141189015","0.12678571428571428","0.0010947473740016748","0.05357142857142857","0.07493391295229912","0.22857142857142856","0.016835870143824434","0.14285714285714285","0.03418285811857875","0.16785714285714284","0.004057152025526271","0.03571428571428571","0.45848768661913786","0.4607142857142857","0.005003342706376473","0.04642857142857143","0.15515873015873016"
"2025","2026","2028","Co-Mn-Ni-Ru-Ta","CO2RR","0","","2025","0","1","0","1","1","5","0.015413874651656882","0.13392857142857142","0.02468340128910721","0.18928571428571428","0.0010947473740016748","0.05357142857142857","0.049713018293696405","0.09642857142857143","0.01402748172611558","0.12142857142857143","0.031508131212221624","0.08214285714285714","0.023927925412757612","0.2642857142857143","0.3828558464982377","0.18928571428571428","0.03594425625490491","0.26071428571428573","0.15456349206349207"
"2025","2026","2028","Au-Mo-Pd-Pt-W","CO2RR","0","","2025","0","1","0","1","1","5","0.015413874651656882","0.13392857142857142","0.02468340128910721","0.18928571428571428","0.0010947473740016748","0.05357142857142857","0.06131387679501453","0.16428571428571428","0.011722886405214846","0.09285714285714286","0.03150542548796119","0.07857142857142857","0.02244890294461073","0.25357142857142856","0.37165998025455854","0.15714285714285714","0.037072687820211364","0.2642857142857143","0.15416666666666665"
"2025","2026","2028","Au-Co-Cu-Fe-Ni-Pd-Pt","CO2RR","0","","2025","0","1","0","1","1","7","0.015413874651656882","0.13392857142857142","0.021690318141189015","0.12678571428571428","0.0010947473740016748","0.05357142857142857","0.10174303389537545","0.30357142857142855","0.02714366666790851","0.25","0.03267778661969236","0.15","0.011021864450003792","0.14642857142857144","0.3358499913692574","0.03571428571428571","0.01427302931720218","0.16071428571428573","0.1511904761904762"
"2025","2026","2028","B-Co-Cu-Fe-Mn-Ru","CO2RR","0","","2024","1","1","1","1","1","6","0.015413874651656882","0.13392857142857142","0.025614789234045265","0.21428571428571427","0.011431717456698388","0.4107142857142857","0.03890716512581332","0.05","0.01268877500332036","0.1","0.03080761097967322","0.05357142857142857","0.0049577586225244535","0.06428571428571428","0.41134163002082674","0.2642857142857143","0.005026852555478369","0.05","0.14900793650793653"
"2025","2026","2028","Cu-Ir-Pt-Ru-Sn","CO2RR","0","","2024","1","1","1","1","1","5","0.015413874651656882","0.13392857142857142","0.027319039557063916","0.2375","0.013797117721409707","0.4589285714285714","0.061056474467050696","0.15714285714285714","0.010202708287653952","0.07142857142857142","0.029130415952586326","0.014285714285714285","0.007388932251189586","0.1","0.3429060608521823","0.05714285714285714","0.009375906009412379","0.11071428571428571","0.14900793650793653"
"2025","2026","2028","Ir-Mo-Pd-Sn-Zn","CO2RR","0","","2025","0","1","0","1","1","5","0.015413874651656882","0.13392857142857142","0.02468340128910721","0.18928571428571428","0.0010947473740016748","0.05357142857142857","0.06676751134886119","0.19642857142857142","0.023009730919944824","0.20714285714285716","0.03198266269272212","0.10714285714285714","0.005593683043466687","0.075","0.4225404441458105","0.2857142857142857","0.006261101565761502","0.07142857142857142","0.1466269841269841"
"2025","2026","2028","Fe-Ir-Mn-Pt-Ru","CO2RR","0","","2025","0","1","0","1","1","5","0.015413874651656882","0.13392857142857142","0.02468340128910721","0.18928571428571428","0.0010947473740016748","0.05357142857142857","0.06569574725370433","0.19285714285714287","0.0125545042112231","0.09642857142857143","0.031068032153096104","0.06428571428571428","0.016217086847476407","0.21071428571428572","0.3676487790079665","0.1357142857142857","0.021179627406450893","0.20714285714285716","0.14265873015873015"
"2025","2026","2028","Co-Cr-Fe-Ni-V","CO2RR","0","","2025","0","1","0","1","1","5","0.015413874651656882","0.13392857142857142","0.02468340128910721","0.18928571428571428","0.0010947473740016748","0.05357142857142857","0.036367427119702214","0.039285714285714285","0.016934830558968012","0.15","0.029768171808746142","0.02142857142857143","0.024580567845573994","0.26785714285714285","0.36892063214325527","0.14642857142857144","0.0431292259162536","0.2785714285714286","0.14226190476190478"
"2025","2026","2028","Co-Cr-Fe-Ni-W","CO2RR","0","","2025","0","1","0","1","1","5","0.015413874651656882","0.13392857142857142","0.02468340128910721","0.18928571428571428","0.0010947473740016748","0.05357142857142857","0.02171691897155064","0.0035714285714285713","0.011026232879599451","0.07857142857142857","0.03160862340996757","0.08928571428571429","0.030249159295892853","0.29642857142857143","0.35402129289244366","0.08928571428571429","0.053879355147107406","0.3142857142857143","0.13869047619047617"
"2025","2026","2028","Al-Co-Fe-Ni-Pd-Y","CO2RR","0","","2025","0","1","0","1","1","6","0.015413874651656882","0.13392857142857142","0.02313965915974188","0.14464285714285716","0.002658942339941815","0.1875","0.04696254711367355","0.08571428571428572","0.009705239936256051","0.06428571428571428","0.028397290771603294","0.005357142857142857","0.021002778949747045","0.2357142857142857","0.35938873961006174","0.11607142857142858","0.04206181958862827","0.2714285714285714","0.1382936507936508"
"2025","2026","2028","Al-Cu-Fe-Ni-Ti","CO2RR","0","","2023","2","1","2","1","1","5","0.015413874651656882","0.13392857142857142","0.030227383262486085","0.2732142857142857","0.0017965214675209967","0.1375","0.03956544485031938","0.05714285714285714","0.005595046930272427","0.02857142857142857","0.029992711923825095","0.02857142857142857","0.022194723600530104","0.25","0.3496918706654723","0.07857142857142857","0.029109487601462227","0.24642857142857144","0.13710317460317462"
"2025","2026","2028","Ag-Au-Cu-Ir-Pd-Pt-Rh","CO2RR","0","","2025","0","1","0","1","1","7","0.015413874651656882","0.13392857142857142","0.021690318141189015","0.12678571428571428","0.0010947473740016748","0.05357142857142857","0.06480497244497421","0.18571428571428572","0.008444777058997235","0.05357142857142857","0.033808791112435184","0.16071428571428573","0.002388978131576706","0.014285714285714285","0.4598359001089301","0.48214285714285715","0.0019682598946052345","0.017857142857142856","0.1365079365079365"
"2025","2026","2028","Co-Cu-Mo-Ni-Ru","CO2RR","0","","2025","0","1","0","1","1","5","0.015413874651656882","0.13392857142857142","0.02468340128910721","0.18928571428571428","0.0010947473740016748","0.05357142857142857","0.02441166012036568","0.014285714285714285","0.003972760352678663","0.02142857142857143","0.032513152737976114","0.1392857142857143","0.029769018046927262","0.2892857142857143","0.34262067814317526","0.04642857142857143","0.04230371321041894","0.275","0.12916666666666668"
"2025","2026","2028","Co-Fe-Ni-Pd-Y","CO2RR","0","","2025","0","1","0","1","1","5","0.015413874651656882","0.13392857142857142","0.02468340128910721","0.18928571428571428","0.0010947473740016748","0.05357142857142857","0.045825172542683194","0.07857142857142857","0.003783083725927763","0.014285714285714285","0.028397290771603294","0.005357142857142857","0.02531773710073361","0.2714285714285714","0.35938873961006174","0.11607142857142858","0.048481198463655055","0.29285714285714287","0.12837301587301586"
"2025","2026","2028","Ag-Al-Cu-Ni-Ti","CO2RR","0","","2023","2","1","2","1","1","5","0.015413874651656882","0.13392857142857142","0.030227383262486085","0.2732142857142857","0.0017965214675209967","0.1375","0.049660597896307175","0.09285714285714286","0.01319675559692664","0.10357142857142858","0.03130135417281297","0.07142857142857142","0.008887719246840784","0.12857142857142856","0.33249794386917836","0.025","0.008777377915776301","0.1","0.11845238095238095"
"2025","2026","2028","Co-Cu-Mo-Ni-Zn","CO2RR","0","","2025","0","1","0","1","1","5","0.015413874651656882","0.13392857142857142","0.02468340128910721","0.18928571428571428","0.0010947473740016748","0.05357142857142857","0.04156043215534017","0.06428571428571428","0.002269317363802055","0.0035714285714285713","0.030024929587718914","0.03214285714285714","0.006799671239620584","0.09642857142857143","0.42659346867084724","0.30714285714285716","0.010208134200176817","0.12142857142857143","0.1113095238095238"
