"cutoff_year","horizon_start","horizon_end","system_id","reaction_id","label","first_edge_year","system_first_year","system_age","system_paper_count","system_recency","system_reaction_degree","reaction_system_count","element_count","score_popularity","percentile_popularity","score_logistic_topology","percentile_logistic_topology","score_random_forest_topology","percentile_random_forest_topology","score_random_forest_chemistry","percentile_random_forest_chemistry","score_random_forest_hybrid","percentile_random_forest_hybrid","score_logistic_text","percentile_logistic_text","score_logistic_text_hybrid","percentile_logistic_text_hybrid","score_lsa_text_embedding","percentile_lsa_text_embedding","score_pu_logistic_hybrid","percentile_pu_logistic_hybrid","ensemble_score","rank","human_hit_all_primary_and_preprint","human_hit_peer_reviewed_articles_only"
"2025","2026","2028","Co-Cu-Fe-Mn-Ni","HER","0","","2023","2","5","0","1","63","5","0.8898385436030111","1.0","0.8988848251253766","1.0","0.1522807057560843","0.9821428571428572","0.3023461695539586","0.7928571428571428","0.1816688699647698","0.9357142857142856","0.6710271496963754","0.9285714285714286","0.8045920613395757","1.0","0.5696953500011456","0.8392857142857143","1.0","0.9714285714285714","0.9388888888888888","1","1","1"
"2025","2026","2028","Co-Cu-Fe-Ni-Zn","HER","0","","2021","4","4","0","1","63","5","0.861484622477535","0.9964285714285714","0.848292281262402","0.9964285714285714","0.0811817614786612","0.8928571428571429","0.3315888792195278","0.8535714285714285","0.1194356585750736","0.8214285714285714","0.6860380804423566","0.95","0.5848777148681764","0.9571428571428572","0.5949911217300731","0.8714285714285714","0.9655213561878698","0.9285714285714286","0.9186507936507938","2","0","0"
"2025","2026","2028","Co-Fe-Ni-Pt-Ru","OER","0","","2024","1","2","0","1","63","5","0.7495347567472388","0.9464285714285714","0.675231779794557","0.9535714285714286","0.0431026552221013","0.7714285714285715","0.4037286847427048","0.9392857142857144","0.1328043443011663","0.8571428571428571","0.6601080551354873","0.8964285714285715","0.7614729913949422","0.9964285714285714","0.531928780385784","0.7678571428571429","1.0","0.9714285714285714","0.8999999999999999","3","0","0"
"2025","2026","2028","Co-Cr-Fe-Mo-Ni","ORR","0","","2020","5","9","0","2","29","5","0.8500729346209318","0.9928571428571428","0.7923140406511509","0.9928571428571428","0.2615603771775986","1.0","0.2082302975277589","0.6071428571428571","0.1795690156130086","0.9285714285714286","0.4739567150359454","0.6678571428571428","0.5079782158355503","0.9321428571428572","0.7133225578810446","0.9821428571428572","0.9271478829084828","0.9214285714285714","0.8916666666666665","4","0","0"
"2025","2026","2028","Co-Fe-Ga-Ni-Zn","HER","0","","2020","5","2","4","1","63","5","0.7495347567472388","0.9464285714285714","0.7573195298370159","0.9785714285714284","0.1046891293256016","0.9178571428571428","0.3369031390842645","0.8571428571428571","0.1103254290306489","0.8","0.6639167636328559","0.9035714285714286","0.6160948034599885","0.9714285714285714","0.498312401160401","0.6428571428571429","1.0","0.9714285714285714","0.8876984126984128","5","0","0"
"2025","2026","2028","Co-Cu-Fe-Mn-Ni","ORR","0","","2023","2","5","0","1","29","5","0.7318105194571123","0.9267857142857144","0.7480067663084016","0.975","0.1537205092177552","0.9857142857142858","0.2526523728753352","0.7142857142857143","0.1856467445097753","0.9392857142857144","0.3411118068890814","0.5964285714285714","0.6349753834325085","0.9785714285714284","0.5696953883795731","0.8428571428571429","1.0","0.9714285714285714","0.8811507936507936","6","1","1"
"2025","2026","2028","Al-Co-Fe-Mo-Ni","HER","0","","2022","3","3","0","1","63","5","0.8187546221687015","0.9785714285714284","0.7732095414504564","0.9821428571428572","0.0480918678855413","0.8178571428571428","0.3451738671751826","0.875","0.1312704846099094","0.85","0.6356648630544427","0.8178571428571428","0.6596888293679951","0.9857142857142858","0.4735377647434466","0.5464285714285714","1.0","0.9714285714285714","0.8694444444444445","7","0","0"
"2025","2026","2028","Co-Cu-Ni-Pt-Ru","OER","0","","2022","3","2","1","1","63","5","0.7495347567472388","0.9464285714285714","0.6998275241513718","0.9678571428571427","0.10126273163331","0.9142857142857144","0.2132216133109509","0.6285714285714286","0.0881058065286833","0.6607142857142857","0.6666430720145595","0.9142857142857144","0.619776551744228","0.975","0.5572528831826682","0.8071428571428572","1.0","0.9714285714285714","0.8650793650793651","8","0","0"
"2025","2026","2028","Co-Fe-Mn-Ni-V","OER","0","","2024","1","3","0","2","63","5","0.8187546221687015","0.9785714285714284","0.3772181758165284","0.6321428571428571","0.1228622772160137","0.9464285714285714","0.6397646316100355","1.0","0.2691909760518497","0.9857142857142858","0.7903166002204255","0.9785714285714284","0.2143087727839374","0.6714285714285714","0.6244345126486976","0.9035714285714286","0.4108100557739683","0.6571428571428571","0.8615079365079366","9","0","0"
"2025","2026","2028","Co-Fe-Ni-Pd-Pt","HER","0","","2022","3","3","0","2","63","5","0.8187546221687015","0.9785714285714284","0.3796190395431261","0.6410714285714286","0.0412278911268019","0.7625","0.6161639730987054","0.9964285714285714","0.2545858144938783","0.9821428571428572","0.7918169787306709","0.9821428571428572","0.2374626353264579","0.7107142857142857","0.6422424407747013","0.9428571428571428","0.4991445593025286","0.7285714285714285","0.8583333333333333","10","0","0"
"2025","2026","2028","Co-Cr-Fe-Ni","ORR","0","","2021","4","6","0","2","29","4","0.7728279749719699","0.9642857142857144","0.4854053240275249","0.6857142857142857","0.1873172585569936","0.9964285714285714","0.3908140008956943","0.9357142857142856","0.3018287008229481","1.0","0.4476393976440497","0.6357142857142857","0.275914904861136","0.7571428571428571","0.5973733667748652","0.8821428571428571","0.648622495732222","0.8035714285714286","0.8511904761904763","11","0","0"
"2025","2026","2028","Co-Cu-Ni-Pd-Pt","HER","0","","2021","4","3","0","1","63","5","0.8187546221687015","0.9785714285714284","0.7750234557106934","0.9857142857142858","0.0565881613827374","0.8357142857142857","0.3593129755064713","0.8857142857142857","0.0956324448759105","0.7","0.6793623087531246","0.9464285714285714","0.4759729473591925","0.9107142857142856","0.4664888893105969","0.5142857142857142","0.8255235996183361","0.8678571428571429","0.8472222222222222","12","0","0"
"2025","2026","2028","B-Co-Cu-Fe-Ir-Mo-Ni","HER","0","","2024","1","1","1","1","63","7","0.6264053635068966","0.7875","0.54945971550599","0.7482142857142857","0.0678577371953863","0.8767857142857143","0.2874442756457316","0.775","0.1007316664240806","0.7392857142857143","0.6620807663056405","0.9","0.6010384944991782","0.9642857142857144","0.5773997969058291","0.8607142857142858","1.0","0.9714285714285714","0.8470238095238095","13","0","0"
"2025","2026","2028","Co-Cu-Fe-Ni-Zn","ORR","0","","2021","4","4","0","1","29","5","0.6777065661465951","0.9214285714285714","0.6512150923158909","0.9357142857142856","0.1388690634822352","0.975","0.2315035479182924","0.6857142857142857","0.1676169468586999","0.9178571428571428","0.3567458006940823","0.6035714285714285","0.3731340608110344","0.8392857142857143","0.5949911440229172","0.875","0.6277167181994571","0.7964285714285714","0.838888888888889","14","1","0"
"2025","2026","2028","Co-Fe-Ni-V","OER","0","","2025","0","1","0","1","63","4","0.6264053635068966","0.7875","0.5752644060743946","0.8089285714285714","0.02938434692698","0.6517857142857143","0.5448480563826009","0.9892857142857144","0.1473741963561043","0.9035714285714286","0.6472071721805805","0.85","0.6049232190916658","0.9678571428571427","0.4776630802044966","0.5642857142857143","1.0","0.9714285714285714","0.8327380952380952","15","0","0"
"2025","2026","2028","Co-Cu-Ni-Pd-Pt","OER","0","","2021","4","3","0","1","63","5","0.8187546221687015","0.9785714285714284","0.7768559237740112","0.9892857142857144","0.1624929664732952","0.9892857142857144","0.1710617500333707","0.5142857142857142","0.0925122241690414","0.6928571428571428","0.6750937163577357","0.9392857142857144","0.4792925409513667","0.9178571428571428","0.4664888997172784","0.5178571428571429","0.8308216603820915","0.8714285714285714","0.8234126984126985","16","0","0"
"2025","2026","2028","Co-Cu-Fe-Ni-P","OER","0","","2024","1","2","0","1","63","5","0.7495347567472388","0.9464285714285714","0.675231779794557","0.9535714285714286","0.0431026552221013","0.7714285714285715","0.3661999815938161","0.9","0.1385011920889719","0.8714285714285714","0.6283561194457258","0.7714285714285715","0.4740374797769873","0.9071428571428573","0.4282205816430773","0.3321428571428571","0.94358021886234","0.925","0.8198412698412699","17","0","0"
"2025","2026","2028","Co-Fe-Mn-Ni-Pt","HER","0","","2023","2","2","1","2","63","5","0.7495347567472388","0.9464285714285714","0.2906712699657491","0.4964285714285714","0.066040719739269","0.8642857142857143","0.3546901074762157","0.8785714285714286","0.1717550267732062","0.9214285714285714","0.7923070985511609","0.9857142857142858","0.2133302351255107","0.6678571428571428","0.6115691625358408","0.8964285714285715","0.432140557225208","0.6892857142857143","0.8162698412698411","18","0","0"
"2025","2026","2028","Co-Cr-Ni-Pt","HER","0","","2024","1","1","1","1","63","4","0.6264053635068966","0.7875","0.5979622617382132","0.8517857142857143","0.0176728492209443","0.4946428571428571","0.3689610355887865","0.9107142857142856","0.1043067869338831","0.7714285714285715","0.7034612012673573","0.9642857142857144","0.5528316788029041","0.9392857142857144","0.5064698996614259","0.6714285714285714","0.9936143841028074","0.9357142857142856","0.8140873015873016","19","0","0"
"2025","2026","2028","Co-Cr-Ni-Pt","OER","0","","2024","1","1","1","1","63","4","0.6264053635068966","0.7875","0.6004935046612725","0.8589285714285714","0.020219554968408","0.5482142857142858","0.3682119549270086","0.9071428571428573","0.0966069178009067","0.7035714285714286","0.6993714633355976","0.9607142857142856","0.5561184454311073","0.9428571428571428","0.5064699192482687","0.675","0.9980085078094388","0.9392857142857144","0.8136904761904762","20","0","0"
"2025","2026","2028","Co-Fe-Ni-Pt-Rh","OER","0","","2021","4","1","4","1","63","5","0.6264053635068966","0.7875","0.657873890440714","0.9410714285714286","0.0315652703369831","0.6660714285714285","0.3376444503762731","0.8607142857142858","0.0971453318542557","0.7142857142857143","0.6318291231638972","0.7964285714285714","0.6527847005174311","0.9821428571428572","0.4884127312324902","0.6035714285714285","1.0","0.9714285714285714","0.8136904761904762","21","1","1"
"2025","2026","2028","Al-Cr-Fe-Ni","HER","0","","2023","2","2","2","1","63","4","0.7495347567472388","0.9464285714285714","0.7282007241409632","0.9714285714285714","0.0863600671859852","0.8964285714285715","0.3169831205663712","0.825","0.1101416393167465","0.7964285714285714","0.6278931695403255","0.7642857142857142","0.4206550384973449","0.8714285714285714","0.4283360441135415","0.3428571428571428","0.8359513178258006","0.8821428571428571","0.8107142857142856","22","0","0"
"2025","2026","2028","Ag-Ir-Pd-Pt-Ru","HER","0","","2021","4","3","0","2","63","5","0.8187546221687015","0.9785714285714284","0.382065132719362","0.6464285714285715","0.0521701517961299","0.8214285714285714","0.6149382629851781","0.9928571428571428","0.2860474389381311","0.9928571428571428","0.7925990770336675","0.9892857142857144","0.0978035587405371","0.4857142857142857","0.6107016976566333","0.8892857142857142","0.1470572102827529","0.4535714285714285","0.8055555555555555","23","0","0"
"2025","2026","2028","Co-Cu-Ni-Pt-Ru","ORR","0","","2022","3","2","1","1","29","5","0.5037648985160553","0.6196428571428572","0.4351305976069702","0.6785714285714286","0.1115972086491783","0.9285714285714286","0.3902019752250631","0.9321428571428572","0.2462680776203374","0.9785714285714284","0.3410521765588376","0.5928571428571429","0.4046011556122658","0.8642857142857143","0.5572528986298589","0.8107142857142857","0.7746169029575417","0.8392857142857143","0.8049603174603175","24","1","1"
"2025","2026","2028","Co-Fe-Mn-Ni","HER","0","","2019","6","2","0","2","63","4","0.7495347567472388","0.9464285714285714","0.2935400126976658","0.5","0.1110001059890943","0.925","0.4274831132595643","0.9571428571428572","0.2046648238582054","0.9714285714285714","0.7950800950505402","0.9964285714285714","0.1348235138974025","0.5392857142857143","0.561550328319279","0.825","0.2632742898550436","0.5535714285714286","0.8015873015873016","25","0","0"
"2025","2026","2028","Mo-Ni-Pd-Pt-Rh","OER","0","","2023","2","2","0","1","63","5","0.7495347567472388","0.9464285714285714","0.6775024891536399","0.9607142857142856","0.0549460800054536","0.8321428571428572","0.2417833597879907","0.7035714285714286","0.0663888676867274","0.5357142857142857","0.6315582106269128","0.7928571428571428","0.7130971773324133","0.9928571428571428","0.4556253221463838","0.4428571428571428","1.0","0.9714285714285714","0.7976190476190477","26","0","0"
"2025","2026","2028","Co-Cr-Fe-Mn-Ni-V","HER","0","","2022","3","1","3","1","63","6","0.6264053635068966","0.7875","0.6160865413328848","0.8964285714285715","0.0539876223816889","0.825","0.2150641885378728","0.6428571428571429","0.0595352874523134","0.4607142857142857","0.6689147279631299","0.9214285714285714","0.4910886346850294","0.9214285714285714","0.5452959067023875","0.7892857142857143","0.8422392243839509","0.8857142857142857","0.7922619047619048","27","0","0"
"2025","2026","2028","Co-Cu-Fe-Mn-Ni-Zn","OER","0","","2025","0","1","0","1","63","6","0.6264053635068966","0.7875","0.5426545168160604","0.7375","0.0622588874041123","0.8589285714285714","0.4761907726619611","0.975","0.1379233071136677","0.8678571428571429","0.6403586591343248","0.8321428571428572","0.2465035085332953","0.7321428571428571","0.487253357015269","0.5928571428571429","0.5224637197117689","0.7392857142857143","0.7914682539682539","28","0","0"
"2025","2026","2028","Co-Cu-Mn-Ni-Ru","OER","0","","2024","1","1","1","1","63","5","0.6264053635068966","0.7875","0.5845201721795854","0.8375","0.0199434737456827","0.5339285714285714","0.4352585411481699","0.9642857142857144","0.1020494480704664","0.75","0.6455118489013069","0.8464285714285714","0.3164390709232426","0.7928571428571428","0.5361142498811312","0.7785714285714286","0.5657359848461805","0.775","0.7851190476190477","29","0","0"
"2025","2026","2028","Co-Cu-Fe-Ir-Mo-Ni-Pd","HER","0","","2024","1","1","1","1","63","7","0.6264053635068966","0.7875","0.54945971550599","0.7482142857142857","0.0678577371953863","0.8767857142857143","0.4597048964471439","0.9714285714285714","0.1285384680454694","0.8464285714285714","0.6206825402257437","0.7178571428571429","0.5894911285330721","0.9607142857142856","0.3782426883347127","0.1714285714285714","1.0","0.9714285714285714","0.783531746031746","30","0","0"
"2025","2026","2028","Co-Fe-Mo-Ni","HER","0","","2022","3","1","3","1","63","4","0.6264053635068966","0.7875","0.6468677942229993","0.9267857142857144","0.0112157557648928","0.4053571428571428","0.4474669951649402","0.9678571428571427","0.1149171338063989","0.8178571428571428","0.6289424832508115","0.7785714285714286","0.7078059311245148","0.9892857142857144","0.443454865607843","0.3928571428571428","1.0","0.9714285714285714","0.7819444444444446","31","0","0"
"2025","2026","2028","Co-Cu-Mg-Ni-Zn","OER","0","","2021","4","1","4","1","63","5","0.6264053635068966","0.7875","0.657873890440714","0.9410714285714286","0.0315652703369831","0.6660714285714285","0.2577007746417417","0.7214285714285714","0.0891956737546406","0.6714285714285714","0.6322736332084468","0.8071428571428572","0.4789731845890494","0.9142857142857144","0.4958238335198925","0.6321428571428571","0.8432513634179083","0.8892857142857142","0.7811507936507938","32","0","0"
"2025","2026","2028","Cr-Cu-Ir-Ni-Pt","HER","0","","2023","2","1","2","1","63","5","0.6264053635068966","0.7875","0.6070612593272128","0.8714285714285714","0.0355531986306805","0.6892857142857143","0.3266958484319091","0.8464285714285714","0.0882664663513967","0.6642857142857143","0.6657033158875748","0.9107142857142856","0.3430687000968016","0.8107142857142857","0.5030658043604269","0.6607142857142857","0.5892723444258474","0.7785714285714286","0.7799603174603175","33","0","0"
"2025","2026","2028","Co-Cr-Cu-Fe-Ni","HER","0","","2022","3","3","0","2","63","5","0.8187546221687015","0.9785714285714284","0.3796190395431261","0.6410714285714286","0.0412278911268019","0.7625","0.3900893967837123","0.9285714285714286","0.202974953786166","0.9678571428571427","0.7584936965938672","0.9678571428571427","0.1375667042683214","0.5428571428571428","0.4952640870645018","0.625","0.2762266446649195","0.5714285714285714","0.7761904761904761","34","0","0"
"2025","2026","2028","Co-Fe-Ni-Pt-Ru","ORR","0","","2024","1","2","0","1","29","5","0.5037648985160553","0.6196428571428572","0.4072173388758838","0.6642857142857143","0.0391140749283832","0.7321428571428571","0.2668768593131315","0.7392857142857143","0.1890576678476161","0.9428571428571428","0.33450615639221","0.5821428571428572","0.570978009399367","0.95","0.5319287954172452","0.7714285714285715","1.0","0.9714285714285714","0.7748015873015874","35","0","0"
"2025","2026","2028","Co-Ir-Mn-Ni-Ru","HER","0","","2025","0","1","0","1","63","5","0.6264053635068966","0.7875","0.5564232091858533","0.7625","0.0234162024630583","0.6125","0.4213576285187125","0.9535714285714286","0.1052318068643395","0.775","0.6179972401576785","0.7142857142857143","0.5040902945804558","0.925","0.4437912411697648","0.4035714285714286","1.0","0.9714285714285714","0.7672619047619047","36","0","0"
"2025","2026","2028","Co-Fe-Mo-Ni-Zn","HER","0","","2024","1","1","1","1","63","5","0.6264053635068966","0.7875","0.5819581792597157","0.8196428571428571","0.0220179841243522","0.5910714285714286","0.5100242404471932","0.9821428571428572","0.1112016218391373","0.8071428571428572","0.6239372499087846","0.7392857142857143","0.4268822062251692","0.8857142857142857","0.4377122340081189","0.375","0.8520179053408026","0.8964285714285715","0.7648809523809524","37","0","0"
"2025","2026","2028","Co-Cr-Fe-Mn-Ni-Pt","HER","0","","2025","0","1","0","2","63","6","0.6264053635068966","0.7875","0.1740494514741133","0.4321428571428571","0.0474982371767379","0.8107142857142857","0.2945217786507703","0.7857142857142857","0.1251593647988879","0.8392857142857143","0.8378474294821856","1.0","0.2188580345133088","0.6785714285714286","0.7242157498186346","0.9892857142857144","0.1946479884209254","0.4964285714285714","0.7577380952380953","38","0","0"
"2025","2026","2028","Co-Cu-Fe-Mn-N-Ni","OER","0","","2021","4","1","4","1","63","6","0.6264053635068966","0.7875","0.6428301903328154","0.9214285714285714","0.095820004083947","0.9035714285714286","0.372829076031677","0.9142857142857144","0.1362154623538342","0.8642857142857143","0.6165232451686288","0.7107142857142857","0.2343269201000382","0.7","0.4236875439660435","0.3","0.4487098727993858","0.7","0.7557539682539682","39","0","0"
"2025","2026","2028","Co-Cu-Fe-Mo-Ni","ORR","0","","2024","1","5","0","2","29","5","0.7318105194571123","0.9267857142857144","0.3452345864747037","0.6142857142857143","0.1391591914575332","0.9785714285714284","0.1836647970946558","0.5464285714285714","0.124273732131183","0.8321428571428572","0.4738964816781668","0.6642857142857143","0.1811414947845936","0.625","0.685124258271642","0.975","0.348267215103643","0.6214285714285714","0.7537698412698413","40","0","0"
"2025","2026","2028","Au-Ir-Os-Pd-Pt-Re-Rh-Ru","HER","0","","2025","0","1","0","1","63","8","0.6264053635068966","0.7875","0.507040664457433","0.6892857142857143","0.0261316823617483","0.6392857142857142","0.4275502528178804","0.9607142857142856","0.1092264930280672","0.7892857142857143","0.6923454072410168","0.9571428571428572","0.1627131308520706","0.5892857142857143","0.5751304280295167","0.85","0.2227776810904231","0.5214285714285715","0.7537698412698411","41","0","0"
"2025","2026","2028","Co-Fe-Ni-Pt-Rh","ORR","0","","2021","4","1","4","1","29","5","0.3635271858410283","0.4928571428571429","0.3885072701785009","0.6517857142857143","0.0661787785687083","0.8696428571428572","0.3420177067848389","0.8714285714285714","0.1976375941323474","0.9535714285714286","0.3075543198339189","0.5214285714285715","0.4393926497196994","0.8892857142857142","0.4884127536859697","0.6071428571428571","0.9142082488219972","0.9178571428571428","0.7527777777777778","42","0","0"
"2025","2026","2028","Co-Cu-Fe-Ni-Pd","OER","0","","2023","2","1","2","1","63","5","0.6264053635068966","0.7875","0.6095726194348902","0.8857142857142857","0.0216764163964244","0.575","0.2773680464934023","0.7571428571428571","0.0797047161443887","0.6035714285714285","0.6294458829397247","0.7821428571428571","0.3647289375076785","0.8285714285714286","0.506628164182007","0.6821428571428572","0.6402828796501756","0.8","0.7446428571428572","43","0","0"
"2025","2026","2028","Cu-Mn-Mo-Ni-Pt","HER","0","","2024","1","1","1","1","63","5","0.6264053635068966","0.7875","0.5819581792597157","0.8196428571428571","0.0220179841243522","0.5910714285714286","0.3596032873632652","0.8892857142857142","0.1020397105966931","0.7464285714285714","0.6320675019813357","0.8035714285714286","0.4243722670425312","0.8821428571428571","0.4159907902509949","0.2785714285714286","0.8731387182537955","0.9035714285714286","0.7446428571428572","44","0","0"
"2025","2026","2028","Co-Cr-Fe-Ni-Pt","OER","0","","2024","1","1","1","1","63","5","0.6264053635068966","0.7875","0.5845201721795854","0.8375","0.0199434737456827","0.5339285714285714","0.4762625220607164","0.9785714285714284","0.1265515100152238","0.8428571428571429","0.6118243816249224","0.6928571428571428","0.5673018044890444","0.9464285714285714","0.354323614432049","0.1071428571428571","1.0","0.9714285714285714","0.7442460317460317","45","0","0"
"2025","2026","2028","Co-Ni-Pd-Pt-Ru","OER","0","","2024","1","1","1","2","63","5","0.6264053635068966","0.7875","0.2015987624465034","0.4446428571428571","0.0460876048205311","0.7982142857142858","0.3213183863446591","0.8392857142857143","0.165451026073374","0.9142857142857144","0.7703550851112866","0.9714285714285714","0.1538856453974907","0.575","0.525520672330493","0.7357142857142858","0.3602942118767627","0.6285714285714286","0.7438492063492065","46","0","0"
"2025","2026","2028","Co-Fe-Mn-Ni-W","HER","0","","2023","2","1","2","1","63","5","0.6264053635068966","0.7875","0.6070612593272128","0.8714285714285714","0.0355531986306805","0.6892857142857143","0.1903177809410329","0.575","0.0539617901167497","0.4107142857142857","0.6494494998498253","0.8642857142857143","0.5721621245339672","0.9535714285714286","0.4679517944097135","0.5357142857142857","1.0","0.9714285714285714","0.7398809523809524","47","0","0"
"2025","2026","2028","Cr-Cu-Fe-Mn-Ni","HER","0","","2023","2","1","2","1","63","5","0.6264053635068966","0.7875","0.6070612593272128","0.8714285714285714","0.0355531986306805","0.6892857142857143","0.340006739405891","0.8678571428571429","0.0790531528686158","0.5964285714285714","0.624679100172395","0.75","0.2967640643452489","0.7821428571428571","0.4675257300459955","0.525","0.5990244593625326","0.7857142857142857","0.739484126984127","48","0","0"
"2025","2026","2028","Co-Fe-Mn-Ni-Rh","HER","0","","2025","0","1","0","1","63","5","0.6264053635068966","0.7875","0.5564232091858533","0.7625","0.0234162024630583","0.6125","0.2725176161090066","0.7464285714285714","0.07421304918436","0.5821428571428572","0.6516550031800695","0.8785714285714286","0.3096453396684577","0.7892857142857143","0.5128497316372818","0.7","0.5654142266045462","0.7714285714285715","0.7367063492063493","49","0","0"
"2025","2026","2028","Co-Cr-Fe-Mn-Mo-Ni","HER","0","","2021","4","1","4","2","63","6","0.6264053635068966","0.7875","0.2422175684757494","0.4535714285714285","0.1341091065638104","0.9678571428571427","0.4209414178436144","0.95","0.1411553387062422","0.8857142857142857","0.7939641256637012","0.9928571428571428","0.0878256925454607","0.4607142857142857","0.5018443465744815","0.6535714285714286","0.1309777643061758","0.4357142857142857","0.7319444444444445","50","0","0"
"2025","2026","2028","Co-Cu-Fe-Mn-Ni-Ru","HER","0","","2025","0","1","0","1","63","6","0.6264053635068966","0.7875","0.5400375119641653","0.7267857142857143","0.0089770331830122","0.3160714285714285","0.3642286890877571","0.8964285714285715","0.0804775346405221","0.6142857142857143","0.6507562099267866","0.8714285714285714","0.3170733052055926","0.7964285714285714","0.5298967507190292","0.7571428571428571","0.6261938763782832","0.7928571428571428","0.7287698412698413","51","0","0"
"2025","2026","2028","Al-Cr-Fe-Mo-Ni","HER","0","","2022","3","1","3","1","63","5","0.6264053635068966","0.7875","0.6316111404031914","0.9035714285714286","0.0212547822822095","0.5607142857142857","0.2842435012055196","0.7678571428571429","0.1036364336846749","0.7607142857142857","0.6341706449930073","0.8142857142857143","0.3375250484300546","0.8071428571428572","0.4276943882441144","0.3214285714285714","0.720212727555946","0.8178571428571428","0.7267857142857141","52","0","0"
"2025","2026","2028","Mo-Ni-Pd-Pt-Rh","ORR","0","","2023","2","2","0","1","29","5","0.5037648985160553","0.6196428571428572","0.4097238164947246","0.6714285714285714","0.0595369831303153","0.8428571428571429","0.2232950080129748","0.6607142857142857","0.1327025339893356","0.8535714285714285","0.307306392967576","0.5178571428571429","0.5088851909165653","0.9357142857142856","0.4556253386753483","0.4464285714285714","1.0","0.9714285714285714","0.7244047619047619","53","0","0"
"2025","2026","2028","Au-Ir-Pd-Pt-Ru","OER","0","","2024","1","2","0","1","63","5","0.7495347567472388","0.9464285714285714","0.675231779794557","0.9535714285714286","0.0431026552221013","0.7714285714285715","0.1562522805269848","0.4607142857142857","0.0633484597710765","0.4928571428571429","0.6307929835500798","0.7892857142857143","0.327693261742393","0.8","0.4621586696160526","0.4964285714285714","0.6586490637223564","0.8071428571428572","0.7242063492063492","54","0","0"
"2025","2026","2028","Co-Cu-Mo-Ni-Pd","HER","0","","2022","3","1","3","1","63","5","0.6264053635068966","0.7875","0.6316111404031914","0.9035714285714286","0.0212547822822095","0.5607142857142857","0.3676015801975539","0.9035714285714286","0.0868121961610388","0.6428571428571429","0.6519227062471455","0.8821428571428571","0.448101641405326","0.8964285714285715","0.3473723688101572","0.0714285714285714","0.8114830393105429","0.8607142857142858","0.7232142857142856","55","0","0"
"2025","2026","2028","Co-Mn-Ni-Ru-Ta","OER","0","","2025","0","1","0","1","63","5","0.6264053635068966","0.7875","0.5590231129327117","0.7875","0.0136994228655924","0.4303571428571429","0.5121802906073951","0.9857142857142858","0.1434583567914411","0.8928571428571429","0.6243301045570641","0.7464285714285714","0.3674716317480782","0.8321428571428572","0.382855867231868","0.1928571428571428","0.7372814764382256","0.825","0.7200396825396826","56","0","0"
"2025","2026","2028","Au-Ir-Os-Pd-Pt-Re-Rh-Ru","OER","0","","2025","0","1","0","1","63","8","0.6264053635068966","0.7875","0.5096749513856635","0.6928571428571428","0.0577376156367471","0.8392857142857143","0.2543727879638959","0.7178571428571429","0.0638567663530763","0.5","0.6881703215863693","0.9535714285714286","0.1645339225794796","0.5964285714285714","0.575130449354523","0.8535714285714285","0.2258161126641034","0.525","0.7184523809523811","57","0","0"
"2025","2026","2028","Co-Cu-In-Mo-Ni","HER","0","","2025","0","1","0","1","63","5","0.6264053635068966","0.7875","0.5564232091858533","0.7625","0.0234162024630583","0.6125","0.3621211773088886","0.8928571428571429","0.0652055264524702","0.5178571428571429","0.6748615659638714","0.9357142857142856","0.2434339281310437","0.7214285714285714","0.4827618798593343","0.575","0.4009088060534643","0.6428571428571429","0.716468253968254","58","0","0"
"2025","2026","2028","Co-Fe-Ga-Ni-Zn","ORR","0","","2020","5","2","4","1","29","5","0.5037648985160553","0.6196428571428572","0.5102872260236825","0.6964285714285714","0.0940800148852956","0.9","0.1624638833596984","0.4785714285714286","0.1220533654445959","0.8285714285714286","0.333948545950694","0.5785714285714286","0.4040497026557747","0.8607142857142858","0.4983124269318645","0.6464285714285715","0.7715930382784535","0.8357142857142857","0.7160714285714286","59","0","0"
"2025","2026","2028","Co-Fe-Ir-Pd-Pt","OER","0","","2020","5","1","5","1","63","5","0.6264053635068966","0.7875","0.6809177728871273","0.9642857142857144","0.0801619063419327","0.8892857142857142","0.1854416537464331","0.5571428571428572","0.0607478183263506","0.4678571428571428","0.6140379145547893","0.7035714285714286","0.4434079942840354","0.8928571428571429","0.3889178494620377","0.225","0.8829463021678988","0.9071428571428573","0.710515873015873","60","0","0"
"2025","2026","2028","Co-Cr-Fe-Ni-V","HER","0","","2025","0","1","0","1","63","5","0.6264053635068966","0.7875","0.5564232091858533","0.7625","0.0234162024630583","0.6125","0.3731640321872668","0.9178571428571428","0.103638894190908","0.7642857142857142","0.6151223325690087","0.7071428571428572","0.3707956156026235","0.8357142857142857","0.3689206348021349","0.15","0.7950580260646387","0.8535714285714285","0.7101190476190475","61","0","0"
"2025","2026","2028","Au-Co-Cu-Ir-Mn-Ni-Pd-Pt-Rh-Sn","OER","0","","2020","5","1","5","1","63","10","0.6264053635068966","0.7875","0.605197653752186","0.8642857142857143","0.1255731820585216","0.9535714285714286","0.1882801945590685","0.5714285714285714","0.0673615172933209","0.5392857142857143","0.6063760799693592","0.6892857142857143","0.4002240677870379","0.8571428571428571","0.3841651448745713","0.2035714285714285","0.8882000644253389","0.9107142857142856","0.708531746031746","62","0","0"
"2025","2026","2028","Co-Cu-Fe-Ir-Ni","ORR","0","","2022","3","3","2","2","29","5","0.6046236309460021","0.6482142857142857","0.1977399848889779","0.4392857142857143","0.1173021506548279","0.9428571428571428","0.3743540463870325","0.9214285714285714","0.2932776386415595","0.9964285714285714","0.4270697249636958","0.6142857142857143","0.1052271805164742","0.4964285714285714","0.5259692442002512","0.7428571428571429","0.2300140727373934","0.5321428571428571","0.7037698412698413","63","0","0"
"2025","2026","2028","Co-Cu-Ni-Pt-Zn","HER","0","","2024","1","1","1","1","63","5","0.6264053635068966","0.7875","0.5819581792597157","0.8196428571428571","0.0220179841243522","0.5910714285714286","0.4086169145374079","0.9428571428571428","0.0971453305401206","0.7107142857142857","0.6535359679471499","0.8892857142857142","0.1514954486867931","0.5678571428571428","0.4317447885663422","0.3642857142857142","0.3252242103268772","0.6035714285714285","0.6974206349206349","64","0","0"
"2025","2026","2028","Co-Cu-Mo-Ni-Ru","OER","0","","2025","0","1","0","1","63","5","0.6264053635068966","0.7875","0.5590231129327117","0.7875","0.0136994228655924","0.4303571428571429","0.3869624970784289","0.925","0.1000595017233366","0.7321428571428571","0.6319067981100804","0.8","0.4210036427003503","0.875","0.3426206992641608","0.05","0.7938094410882749","0.85","0.6930555555555555","65","0","0"
"2025","2026","2028","Co-Fe-Ni-Pd-Y","HER","0","","2025","0","1","0","1","63","5","0.6264053635068966","0.7875","0.5564232091858533","0.7625","0.0234162024630583","0.6125","0.3037002941070308","0.8035714285714286","0.0946582097679961","0.6964285714285714","0.6035640470878157","0.6767857142857143","0.3778932195984372","0.8464285714285714","0.3593887417368096","0.1232142857142857","0.8349385077600527","0.875","0.6871031746031746","66","0","0"
"2025","2026","2028","Cu-Ir-Ni-Pd-Pt","HER","0","","2022","3","1","3","1","63","5","0.6264053635068966","0.7875","0.6316111404031914","0.9035714285714286","0.0212547822822095","0.5607142857142857","0.3562503267819941","0.8821428571428571","0.0821197226431614","0.625","0.6543901043820828","0.8928571428571429","0.2749633576977703","0.7535714285714286","0.3256907185310439","0.0178571428571428","0.5360752126737682","0.7571428571428571","0.6867063492063493","67","0","0"
"2025","2026","2028","Al-Co-Fe-Mo-Ni","ORR","0","","2022","3","3","0","1","29","5","0.6046236309460021","0.6482142857142857","0.5323643544288876","0.7178571428571429","0.1844543917028408","0.9928571428571428","0.1062631459317105","0.3178571428571428","0.0804407320052436","0.6107142857142858","0.3069152578654927","0.5142857142857142","0.4502361147181612","0.9","0.4735377870916227","0.55","0.8899813367072209","0.9142857142857144","0.6851190476190477","68","0","0"
"2025","2026","2028","Co-Cu-Mo-Ni-Pd","OER","0","","2022","3","1","3","1","63","5","0.6264053635068966","0.7875","0.6340601791623008","0.9142857142857144","0.0199192097887438","0.5178571428571429","0.2275863352028184","0.675","0.0705025395636969","0.5642857142857143","0.6474783690114365","0.8535714285714285","0.4513942924406765","0.9035714285714286","0.3473723850867141","0.075","0.8168265392163568","0.8642857142857143","0.6839285714285714","69","0","0"
"2025","2026","2028","Cu-Fe-Ni-Pt-Rh","OER","0","","2024","1","1","1","2","63","5","0.6264053635068966","0.7875","0.2015987624465034","0.4446428571428571","0.0460876048205311","0.7982142857142858","0.3194186781204618","0.8321428571428572","0.13866887246287","0.875","0.7739986642190262","0.975","0.075205750868122","0.4321428571428571","0.486299926023191","0.5857142857142857","0.1099373415553802","0.3964285714285714","0.6807539682539683","70","0","0"
"2025","2026","2028","Al-Cu-Fe-Ni-Ti","OER","0","","2023","2","1","2","1","63","5","0.6264053635068966","0.7875","0.6095726194348902","0.8857142857142857","0.0216764163964244","0.575","0.3286690680724813","0.85","0.0820384517356239","0.6214285714285714","0.6123292412535304","0.6964285714285714","0.349771289190639","0.8142857142857143","0.3496918910569778","0.0821428571428571","0.6634864852950422","0.8107142857142857","0.6803571428571429","71","0","0"
"2025","2026","2028","Cu-Fe-Mn-Ni-Pd","OER","0","","2024","1","1","1","1","63","5","0.6264053635068966","0.7875","0.5845201721795854","0.8375","0.0199434737456827","0.5339285714285714","0.305984599953348","0.8142857142857143","0.0712733795961545","0.5678571428571428","0.6642526425498498","0.9071428571428573","0.2546739224410415","0.7428571428571429","0.4017667674055653","0.25","0.4165157289910061","0.6642857142857143","0.6783730158730159","72","0","0"
"2025","2026","2028","Ga-In-Mo-Ni-Pd","OER","0","","2022","3","1","3","1","63","5","0.6264053635068966","0.7875","0.6340601791623008","0.9142857142857144","0.0199192097887438","0.5178571428571429","0.180468206227633","0.5392857142857143","0.0508648566563137","0.3928571428571428","0.6514921203301305","0.875","0.2302728927527115","0.6928571428571428","0.523314058389034","0.725","0.4033381526403293","0.6464285714285715","0.6767857142857142","73","0","0"
"2025","2026","2028","Al-Co-Cr-Ni-Ti-V","HER","0","","2025","0","1","0","1","63","6","0.6264053635068966","0.7875","0.5400375119641653","0.7267857142857143","0.0089770331830122","0.3160714285714285","0.3187729088325744","0.8285714285714286","0.1389240018867681","0.8785714285714286","0.6369530383416702","0.8214285714285714","0.2190191547617219","0.6821428571428572","0.428650124330009","0.3535714285714286","0.4277455395973616","0.675","0.674404761904762","74","0","0"
"2025","2026","2028","Co-Ir-Ni-Pt","OER","0","","2025","0","1","0","1","63","4","0.6264053635068966","0.7875","0.5752644060743946","0.8089285714285714","0.02938434692698","0.6517857142857143","0.2056488611316397","0.6035714285714285","0.0652091507509029","0.5214285714285715","0.627016640566391","0.7607142857142857","0.4086782121660703","0.8678571428571429","0.3868825971812552","0.2142857142857142","0.7762266353170213","0.8428571428571429","0.6732142857142857","75","0","0"
"2025","2026","2028","Co-Cr-Fe-Mn","HER","0","","2021","4","1","4","1","63","4","0.6264053635068966","0.7875","0.6702814533910275","0.9464285714285714","0.0309133829651631","0.6607142857142857","0.2829606865754196","0.7642857142857142","0.1041958091384206","0.7678571428571429","0.6040614701688771","0.6821428571428572","0.1591491858319062","0.5785714285714286","0.3985084045232899","0.2357142857142857","0.3522352192409358","0.625","0.6720238095238095","76","0","0"
"2025","2026","2028","Co-Cr-Fe-Mn-Ni","CO2RR","0","","2021","4","16","0","3","1","5","0.2044208489292578","0.3857142857142857","0.5486134264312003","0.7428571428571429","0.0298182760454557","0.6571428571428571","0.1845570474441381","0.5535714285714286","0.1247065174259329","0.8357142857142857","0.1183099019400073","0.3821428571428571","0.2875268346291731","0.775","0.7675177899311346","0.9964285714285714","0.4825242049552944","0.7107142857142857","0.6710317460317461","77","0","0"
"2025","2026","2028","Co-Cr-Fe-Mn-Ni-V","ORR","0","","2022","3","1","3","1","29","6","0.3635271858410283","0.4928571428571429","0.348891654646654","0.6178571428571429","0.1048129607983785","0.9214285714285714","0.1465382911752366","0.4285714285714285","0.0903401252831653","0.6785714285714286","0.3389678303927675","0.5892857142857143","0.2896110492646733","0.7785714285714286","0.5452959485840432","0.7928571428571428","0.4946289480138563","0.725","0.6694444444444444","78","0","0"
"2025","2026","2028","Cu-Fe-Mn-Ni-Pd","HER","0","","2024","1","1","1","1","63","5","0.6264053635068966","0.7875","0.5819581792597157","0.8196428571428571","0.0220179841243522","0.5910714285714286","0.3052151705705829","0.8107142857142857","0.0579277649873369","0.45","0.6685937450444709","0.9178571428571428","0.2521566765679908","0.7392857142857143","0.4017667465222886","0.2464285714285714","0.4118361341526844","0.6607142857142857","0.6692460317460318","79","0","0"
"2025","2026","2028","Co-Fe-Ni-V","ORR","0","","2025","0","1","0","1","29","4","0.3635271858410283","0.4928571428571429","0.309157267279426","0.5517857142857143","0.0329006385455272","0.6803571428571429","0.2266100362358458","0.6678571428571428","0.1027483766071281","0.7535714285714286","0.3219413432224855","0.5607142857142857","0.3896203763216814","0.8535714285714285","0.4776631005598157","0.5678571428571428","0.8353524695287109","0.8785714285714286","0.6674603174603175","80","0","0"
"2025","2026","2028","Cu-Mn-Ni-Zn","OER","0","","2024","1","1","1","1","63","4","0.6264053635068966","0.7875","0.6004935046612725","0.8589285714285714","0.020219554968408","0.5482142857142858","0.2925092728376739","0.7785714285714286","0.0685199571357564","0.55","0.6714739343267402","0.9321428571428572","0.1675347201911344","0.6035714285714285","0.4442752971891485","0.4142857142857143","0.2091119392374906","0.5107142857142857","0.6648809523809524","81","0","0"
"2025","2026","2028","Co-Cr-Fe-Ni-Ti","ORR","0","","2025","0","2","0","2","29","5","0.5037648985160553","0.6196428571428572","0.108752893961348","0.4053571428571428","0.1145978221797759","0.9375","0.2279356373595969","0.6785714285714286","0.193643087320061","0.9464285714285714","0.4813567694073508","0.6714285714285714","0.0480548682702323","0.3607142857142857","0.6296209480340824","0.9107142857142856","0.1191335910610876","0.4107142857142857","0.6601190476190476","82","0","0"
"2025","2026","2028","Co-Cu-Fe-Mn-Mo-Ni-O","HER","0","","2025","0","1","0","1","63","7","0.6264053635068966","0.7875","0.5235648024319747","0.7035714285714286","0.0104494996025267","0.3785714285714285","0.2362373033529867","0.6964285714285714","0.0900586487503193","0.675","0.6520974412422946","0.8857142857142857","0.2243533900387062","0.6892857142857143","0.4592238285681729","0.475","0.3936992957992986","0.6357142857142857","0.658531746031746","83","0","0"
"2025","2026","2028","Co-Fe-Ir-Pd-Pt","ORR","0","","2020","5","1","5","1","29","5","0.3635271858410283","0.4928571428571429","0.4135200911740286","0.675","0.0976445228474931","0.9107142857142856","0.3029795592380467","0.7964285714285714","0.16134192602382","0.9107142857142856","0.2916606432420838","0.425","0.24931447002474","0.7357142857142858","0.3889178678110352","0.2285714285714285","0.5303619268296892","0.75","0.6583333333333333","84","0","0"
"2025","2026","2028","B-Co-Cu-Fe-Ir-Mo-Ni","ORR","0","","2024","1","1","1","1","29","7","0.3635271858410283","0.4928571428571429","0.2893800365992717","0.4910714285714285","0.0140256698379566","0.4767857142857143","0.1824751447468327","0.5428571428571428","0.1070226437452809","0.7821428571428571","0.3321233001927273","0.575","0.3889256270192532","0.85","0.5773998424493222","0.8642857142857143","0.7598137863726709","0.8321428571428572","0.6563492063492062","85","0","0"
"2025","2026","2028","Co-Cr-Fe-Ni-Pt","ORR","0","","2024","1","1","1","1","29","5","0.3635271858410283","0.4928571428571429","0.3173303330013932","0.5660714285714286","0.0404458529623454","0.7482142857142857","0.4095823839650627","0.9464285714285714","0.1936881336338494","0.95","0.2897368443891452","0.4107142857142857","0.353411113780611","0.8214285714285714","0.3543236326839458","0.1107142857142857","0.8058809451025168","0.8571428571428571","0.6559523809523808","86","0","0"
"2025","2026","2028","Co-Cu-In-Mo-Ni","OER","0","","2025","0","1","0","1","63","5","0.6264053635068966","0.7875","0.5590231129327117","0.7875","0.0136994228655924","0.4303571428571429","0.2256676515733783","0.6642857142857143","0.0416354270162265","0.3285714285714285","0.6705621113521527","0.925","0.2458927274559477","0.7285714285714285","0.4827618962009761","0.5785714285714286","0.4055168662853294","0.6535714285714286","0.6537698412698413","87","0","0"
"2025","2026","2028","Co-Fe-Ni-Ru","ORR","0","","2023","2","2","0","2","29","4","0.5037648985160553","0.6196428571428572","0.1174677241684131","0.4178571428571428","0.1124956565303559","0.9321428571428572","0.2207245954073039","0.6535714285714286","0.1431530813264335","0.8892857142857142","0.4606177413387504","0.6392857142857142","0.0886290545720383","0.4642857142857143","0.5468820811913266","0.8","0.1507927624002575","0.4642857142857143","0.6533730158730159","88","0","0"
"2025","2026","2028","Co-Cu-Ni-Pt-Zn","OER","0","","2024","1","1","1","1","63","5","0.6264053635068966","0.7875","0.5845201721795854","0.8375","0.0199434737456827","0.5339285714285714","0.3206173897017251","0.8357142857142857","0.0590523534289964","0.4571428571428571","0.6491011420344611","0.8607142857142858","0.1532136825216058","0.5714285714285714","0.4317448074894195","0.3678571428571429","0.3292583622923869","0.6071428571428571","0.6509920634920634","89","0","0"
"2025","2026","2028","Au-Ir-Pd-Pt-Rh-Ru","OER","0","","2025","0","1","0","1","63","6","0.6264053635068966","0.7875","0.5426545168160604","0.7375","0.0622588874041123","0.8589285714285714","0.2055076170261998","0.5964285714285714","0.0512800082320962","0.3964285714285714","0.6253034980900577","0.7535714285714286","0.244249668529737","0.725","0.4031971201152216","0.2571428571428571","0.5038559428586922","0.7321428571428571","0.6494047619047618","90","0","0"
"2025","2026","2028","Co-Cr-Fe-Ni-W","HER","0","","2025","0","1","0","1","63","5","0.6264053635068966","0.7875","0.5564232091858533","0.7625","0.0234162024630583","0.6125","0.2339638674660476","0.6928571428571428","0.0400100361284192","0.3178571428571428","0.6296660795883355","0.7857142857142857","0.4217814673356826","0.8785714285714286","0.3540212952763277","0.0928571428571428","0.8701797682810066","0.9","0.6478174603174603","91","0","0"
"2025","2026","2028","Co-Cu-Fe-Ni","ORR","0","","2024","1","2","0","2","29","4","0.5037648985160553","0.6196428571428572","0.1163965672956005","0.4142857142857143","0.0976324080825584","0.9071428571428573","0.3388762700810244","0.8642857142857143","0.2717735850926693","0.9892857142857144","0.4083353891624354","0.6071428571428571","0.0460629842312468","0.35","0.5113533451760627","0.6928571428571428","0.1009927140418328","0.3821428571428571","0.647420634920635","92","0","0"
"2025","2026","2028","B-Co-Cu-Fe-Mn-Ru","HER","0","","2024","1","1","1","1","63","6","0.6264053635068966","0.7875","0.5657796428331738","0.8035714285714286","0.0704293093450042","0.8821428571428571","0.2676187103286695","0.7428571428571429","0.0790956138221325","0.6","0.6234668576421056","0.7357142857142858","0.1043569037814803","0.4892857142857142","0.4113416325943301","0.2678571428571428","0.1857784597573526","0.4857142857142857","0.6438492063492063","93","0","0"
"2025","2026","2028","Co-Cr-Cu-Fe-Mn-Ni","HER","0","","2025","0","1","0","1","63","6","0.6264053635068966","0.7875","0.5400375119641653","0.7267857142857143","0.0089770331830122","0.3160714285714285","0.2178656948219","0.6464285714285715","0.0541164869995558","0.4178571428571428","0.6216268921629919","0.725","0.2805521511717774","0.7678571428571429","0.4893219420516476","0.6142857142857143","0.6227581810898601","0.7892857142857143","0.6434523809523811","94","0","0"
"2025","2026","2028","Al-Co-Fe-Ni-Pd-Y","HER","0","","2025","0","1","0","1","63","6","0.6264053635068966","0.7875","0.5400375119641653","0.7267857142857143","0.0089770331830122","0.3160714285714285","0.3009754351012088","0.7892857142857143","0.0986596579119462","0.7214285714285714","0.6035640470878157","0.6767857142857143","0.3340847260700936","0.8035714285714286","0.3593887417368096","0.1232142857142857","0.7864230069938614","0.8464285714285714","0.643452380952381","95","0","0"
"2025","2026","2028","Cu-Nb-Ni-Ti-Zr","OER","0","","2025","0","1","0","1","63","5","0.6264053635068966","0.7875","0.5590231129327117","0.7875","0.0136994228655924","0.4303571428571429","0.3164555525786161","0.8214285714285714","0.0997457467189858","0.7285714285714285","0.6421167420513558","0.8392857142857143","0.0911033764238526","0.4678571428571428","0.457098339894687","0.4535714285714285","0.1265647633254956","0.4214285714285714","0.6375","96","0","0"
"2025","2026","2028","Cu-Mn-Ni-Zn","HER","0","","2024","1","1","1","1","63","4","0.6264053635068966","0.7875","0.5979622617382132","0.8517857142857143","0.0176728492209443","0.4946428571428571","0.2447844084808131","0.7071428571428572","0.0564444629965034","0.4321428571428571","0.675767242823978","0.9428571428571428","0.1656873062550759","0.6","0.4442752513783473","0.4107142857142857","0.2062576991530353","0.5071428571428571","0.6371031746031746","97","0","0"
"2025","2026","2028","Co-Fe-Mo-Ni","ORR","0","","2022","3","1","3","1","29","4","0.3635271858410283","0.4928571428571429","0.3795201396331669","0.6357142857142857","0.0543810706135667","0.8285714285714286","0.1267762968792398","0.3892857142857143","0.0834264280593116","0.6285714285714286","0.3007991656755385","0.4714285714285714","0.5057815318516902","0.9285714285714286","0.4434549077094632","0.3964285714285714","0.9696086398204176","0.9321428571428572","0.6337301587301587","98","0","0"
"2025","2026","2028","Au-Ir-Pd-Pt-Ru","ORR","0","","2024","1","2","0","1","29","5","0.5037648985160553","0.6196428571428572","0.4072173388758838","0.6642857142857143","0.0391140749283832","0.7321428571428571","0.1869439598553432","0.5642857142857143","0.1208651926799873","0.825","0.306607101898717","0.5107142857142857","0.1688827298027626","0.6071428571428571","0.4621586820923595","0.5","0.3340211558606599","0.6107142857142858","0.6259920634920636","99","0","0"
"2025","2026","2028","Co-Fe-Mn-Mo-Ni","ORR","0","","2021","4","3","3","2","29","5","0.6046236309460021","0.6482142857142857","0.214784849391723","0.45","0.1278792201721269","0.9571428571428572","0.2147993660285095","0.6392857142857142","0.1565210683305275","0.9071428571428573","0.4369168266655578","0.6178571428571429","0.1051182557193303","0.4928571428571429","0.43840224519339","0.3857142857142857","0.2212874483125438","0.5178571428571429","0.6240079365079365","100","0","0"
"2025","2026","2028","Fe-Ir-Mn-Pt-Ru","OER","0","","2025","0","1","0","1","63","5","0.6264053635068966","0.7875","0.5590231129327117","0.7875","0.0136994228655924","0.4303571428571429","0.2366422588741782","0.7","0.0643092901889826","0.5107142857142857","0.6209183201254025","0.7214285714285714","0.2809147759936686","0.7714285714285715","0.3676488319930492","0.1392857142857143","0.5542532685886659","0.7642857142857142","0.6236111111111112","101","0","0"
"2025","2026","2028","Ga-In-Mo-Ni-Pd","ORR","0","","2022","3","1","3","1","29","5","0.3635271858410283","0.4928571428571429","0.3640682130799544","0.6232142857142857","0.0600209494360164","0.8482142857142857","0.2190086960987315","0.65","0.0970794852556374","0.7071428571428572","0.3260631308908778","0.5714285714285714","0.1108881913755321","0.5071428571428571","0.523314084443067","0.7285714285714285","0.1737465383809503","0.4785714285714286","0.623015873015873","102","0","0"
"2025","2026","2028","Co-Fe-Ni-Pt-Ru-Zn","ORR","0","","2024","1","1","1","2","29","6","0.3635271858410283","0.4928571428571429","0.07243176058661","0.3875","0.0194443537085532","0.5089285714285714","0.3154891822097523","0.8178571428571428","0.1998512503345941","0.9571428571428572","0.4632555325322601","0.6428571428571429","0.0592994570018037","0.4","0.6422498685630411","0.95","0.1188974787280734","0.4071428571428571","0.6182539682539683","103","0","0"
"2025","2026","2028","C-Co-Cu-Fe-Mn-N-Ni","HER","0","","2025","0","1","0","1","63","7","0.6264053635068966","0.7875","0.5235648024319747","0.7035714285714286","0.0104494996025267","0.3785714285714285","0.2585311351757095","0.7285714285714285","0.0914625594970777","0.6857142857142857","0.6483377714823679","0.8571428571428571","0.0869781885834579","0.4571428571428571","0.4584876896417051","0.4642857142857143","0.1850243130949263","0.4821428571428571","0.6160714285714285","104","0","0"
"2025","2026","2028","Cu-Pd-Pt-Rh-Ru","OER","0","","2024","1","1","1","1","63","5","0.6264053635068966","0.7875","0.5845201721795854","0.8375","0.0199434737456827","0.5339285714285714","0.1132293756911866","0.35","0.0189789041735695","0.1678571428571428","0.6288269158108066","0.775","0.1982553590439107","0.65","0.5154909104559285","0.7107142857142857","0.4682417434033186","0.7071428571428572","0.6132936507936508","105","0","0"
"2025","2026","2028","Co-Cu-Fe-Ni-Ti","ORR","0","","2024","1","1","1","2","29","5","0.3635271858410283","0.4928571428571429","0.0770047551866877","0.3928571428571428","0.0280856394208807","0.6464285714285715","0.226783366607507","0.6714285714285714","0.1361786160975632","0.8607142857142858","0.4679628378054022","0.6517857142857143","0.0824050599383331","0.4535714285714285","0.6363527825695015","0.9232142857142858","0.1285609014923076","0.425","0.613095238095238","106","0","0"
"2025","2026","2028","Au-Co-Cu-Ir-Mn-Ni-Pd-Pt-Rh-Sn","ORR","0","","2020","5","1","5","1","29","10","0.3635271858410283","0.4928571428571429","0.3362043526044232","0.5821428571428572","0.1350137998679426","0.9714285714285714","0.2140653033759888","0.6357142857142857","0.109884970015397","0.7928571428571428","0.2850505241692077","0.4035714285714286","0.2176419502827337","0.675","0.3841651626228327","0.2071428571428571","0.5358327864259523","0.7535714285714286","0.6126984126984127","107","0","0"
"2025","2026","2028","Au-Co-Cu-Fe-Ni-Pd-Pt","OER","0","","2025","0","1","0","1","63","7","0.6264053635068966","0.7875","0.5261933016047239","0.7125","0.0459667518832764","0.7875","0.2111898391438782","0.6214285714285714","0.0534918246883798","0.4035714285714286","0.6331203702549735","0.8107142857142857","0.2089311940218501","0.6642857142857143","0.3358500521537585","0.0428571428571428","0.4288418994062429","0.6821428571428572","0.6125","108","0","0"
"2025","2026","2028","Co-Cu-Mg-Ni-Zn","ORR","0","","2021","4","1","4","1","29","5","0.3635271858410283","0.4928571428571429","0.3885072701785009","0.6517857142857143","0.0661787785687083","0.8696428571428572","0.1068818665679615","0.3214285714285714","0.0658183577294394","0.5285714285714286","0.3079615212150243","0.5285714285714286","0.2770611233429575","0.7607142857142857","0.4958238969292229","0.6357142857142857","0.4905063254894428","0.7214285714285714","0.6123015873015873","109","0","0"
"2025","2026","2028","Cu-Ni-Pd-Pt","HER","0","","2022","3","1","3","1","63","4","0.6264053635068966","0.7875","0.6468677942229993","0.9267857142857144","0.0112157557648928","0.4053571428571428","0.2597228675898361","0.7321428571428571","0.0616513498153813","0.4821428571428571","0.6441737933855132","0.8428571428571429","0.196124807971444","0.6428571428571429","0.3219167835641767","0.0071428571428571","0.4269027035131177","0.6714285714285714","0.6109126984126986","110","0","0"
"2025","2026","2028","Co-Fe-Mn-Ni-W","ORR","0","","2023","2","1","2","1","29","5","0.3635271858410283","0.4928571428571429","0.3403109277072668","0.5982142857142857","0.0078494709577187","0.2875","0.2118204735790954","0.625","0.1028126625345307","0.7571428571428571","0.3198290295011199","0.55","0.3610184464898582","0.825","0.4679518338276527","0.5392857142857143","0.7284671819665454","0.8214285714285714","0.6107142857142858","111","0","0"
"2025","2026","2028","Ce-Co-Fe-Ni-Pt-Ru-Zn","ORR","0","","2024","1","1","1","2","29","7","0.3635271858410283","0.4928571428571429","0.0681102972887857","0.375","0.0107009899098466","0.3892857142857143","0.2861343083348697","0.7714285714285715","0.217994219621579","0.975","0.463698396693195","0.6464285714285715","0.0775812772640264","0.4464285714285714","0.6419854339810814","0.9357142857142856","0.135490221755842","0.4428571428571428","0.6083333333333334","112","0","0"
"2025","2026","2028","Co-Fe-Mo-Ni-P","ORR","0","","2025","0","1","0","2","29","5","0.3635271858410283","0.4928571428571429","0.0699202011303778","0.3803571428571428","0.0323849461964816","0.6732142857142858","0.1577632253860249","0.4678571428571428","0.1110920602776698","0.8035714285714286","0.4733769222642902","0.6607142857142857","0.1330154645553924","0.5357142857142857","0.6484162245501732","0.9571428571428572","0.2002298883942794","0.5035714285714286","0.6083333333333333","113","0","0"
"2025","2026","2028","Cu-Mn-Mo-Ni-Pt","ORR","0","","2024","1","1","1","1","29","5","0.3635271858410283","0.4928571428571429","0.3173303330013932","0.5660714285714286","0.0404458529623454","0.7482142857142857","0.2488278671397607","0.7107142857142857","0.0974032895995481","0.7178571428571429","0.3036278959425358","0.4892857142857142","0.2374927925651744","0.7142857142857143","0.4159909344366469","0.2821428571428571","0.5255094877298803","0.7464285714285714","0.6075396825396826","114","0","0"
"2025","2026","2028","Au-Pd-Pt-Rh-Ru","OER","0","","2023","2","1","2","1","63","5","0.6264053635068966","0.7875","0.6095726194348902","0.8857142857142857","0.0216764163964244","0.575","0.1572548160312178","0.4642857142857143","0.0415631350807737","0.325","0.6217185859822969","0.7285714285714285","0.2651662395544159","0.7464285714285714","0.3785877760350701","0.1821428571428571","0.5588447233333671","0.7678571428571429","0.6069444444444446","115","0","0"
"2025","2026","2028","Co-Cu-Mo-Ni-Zn","OER","0","","2025","0","1","0","1","63","5","0.6264053635068966","0.7875","0.5590231129327117","0.7875","0.0136994228655924","0.4303571428571429","0.3033016246070276","0.8","0.0611396117943066","0.4714285714285714","0.6125919480932078","0.7","0.1395963204520005","0.5464285714285714","0.426593570080619","0.3107142857142857","0.3360031803685109","0.6142857142857143","0.6053571428571429","116","0","0"
"2025","2026","2028","Cu-Ir-Ni-Pd-Pt","OER","0","","2022","3","1","3","1","63","5","0.6264053635068966","0.7875","0.6340601791623008","0.9142857142857144","0.0199192097887438","0.5178571428571429","0.1546160040353303","0.45","0.0447650184171465","0.3571428571428571","0.6499603557318009","0.8678571428571429","0.2776237588375561","0.7642857142857142","0.3256907320690457","0.0214285714285714","0.5413676641746613","0.7607142857142857","0.604563492063492","117","0","0"
"2025","2026","2028","Au-Co-Cu-Fe-Ni-Pd-Pt","HER","0","","2025","0","1","0","1","63","7","0.6264053635068966","0.7875","0.5235648024319747","0.7035714285714286","0.0104494996025267","0.3785714285714285","0.3037383629713382","0.8071428571428572","0.070301624864412","0.5607142857142857","0.6376444191429895","0.825","0.2067406649704426","0.6607142857142857","0.3358499987745036","0.0392857142857142","0.4240855088125056","0.6678571428571428","0.6033730158730158","118","0","0"
"2025","2026","2028","Al-Co-Cr-Fe-Ni","ORR","0","","2020","5","3","0","2","29","5","0.6046236309460021","0.6482142857142857","0.1726011655056521","0.4285714285714285","0.1229769125441557","0.95","0.1409257375123684","0.4142857142857143","0.1452007113992697","0.8964285714285715","0.4461498558397592","0.6285714285714286","0.0403452231523618","0.3392857142857143","0.5269463244514141","0.75","0.0787083870689806","0.3464285714285714","0.6001984126984127","119","0","0"
"2025","2026","2028","Co-Ir-Ni-Pt","ORR","0","","2025","0","1","0","1","29","4","0.3635271858410283","0.4928571428571429","0.309157267279426","0.5517857142857143","0.0329006385455272","0.6803571428571429","0.2582339664658702","0.725","0.140396457424332","0.8821428571428571","0.3031778508628549","0.4857142857142857","0.223677645184513","0.6857142857142857","0.386882621975758","0.2178571428571428","0.4286398660187369","0.6785714285714286","0.6000000000000001","120","0","0"
"2025","2026","2028","Cr-Cu-Ir-Ni-Pt","ORR","0","","2023","2","1","2","1","29","5","0.3635271858410283","0.4928571428571429","0.3403109277072668","0.5982142857142857","0.0078494709577187","0.2875","0.2733874768282863","0.75","0.1113189385170018","0.8107142857142857","0.3357341759995246","0.5857142857142857","0.180750164427655","0.6214285714285714","0.5030658481403595","0.6642857142857143","0.288779372664052","0.575","0.5984126984126985","121","0","0"
"2025","2026","2028","Ag-Au-Pd-Pt-Ru","OER","0","","2023","2","1","2","1","63","5","0.6264053635068966","0.7875","0.6095726194348902","0.8857142857142857","0.0216764163964244","0.575","0.1673275181586863","0.5","0.0432227717181442","0.3392857142857143","0.6263549343237331","0.7571428571428571","0.1219942910094484","0.5285714285714286","0.4483522750167923","0.425","0.2901670676459539","0.5785714285714286","0.5974206349206349","122","0","0"
"2025","2026","2028","Cu-Ni-Pd-Pt","OER","0","","2022","3","1","3","1","63","4","0.6264053635068966","0.7875","0.6492717280605091","0.9321428571428572","0.0257001480122403","0.6357142857142857","0.17590981065266","0.5285714285714286","0.0358704919974129","0.2964285714285714","0.6396851998321177","0.8285714285714286","0.1982309645749191","0.6464285714285715","0.321916797406364","0.0107142857142857","0.4316762489195276","0.6857142857142857","0.5946428571428571","123","0","0"
"2025","2026","2028","Co-Cu-Fe-Ir-Mo-Ni-Pd","ORR","0","","2024","1","1","1","1","29","7","0.3635271858410283","0.4928571428571429","0.2893800365992717","0.4910714285714285","0.0140256698379566","0.4767857142857143","0.2667331073381433","0.7357142857142858","0.1148939695986097","0.8142857142857143","0.2934406783723759","0.4285714285714285","0.3775964937397705","0.8428571428571429","0.3782427273615668","0.175","0.8507400026695675","0.8928571428571429","0.5944444444444446","124","0","0"
"2025","2026","2028","Au-Mo-Pd-Pt-W","OER","0","","2025","0","1","0","1","63","5","0.6264053635068966","0.7875","0.5590231129327117","0.7875","0.0136994228655924","0.4303571428571429","0.1635658334215083","0.4892857142857142","0.0333707504113699","0.2821428571428571","0.6243093071874122","0.7428571428571429","0.3524248276944485","0.8178571428571428","0.3716599991752096","0.1607142857142857","0.7480676542248549","0.8285714285714286","0.5918650793650794","125","0","0"
"2025","2026","2028","Co-Cu-Fe-Mn-Mo-Ni-Pd-Pt","ORR","0","","2024","1","1","1","2","29","8","0.3635271858410283","0.4928571428571429","0.0640288658510901","0.3642857142857142","0.0271433874959669","0.6428571428571429","0.2940203184900558","0.7821428571428571","0.2014459160928864","0.9607142857142856","0.4471908066665358","0.6321428571428571","0.0533985163870476","0.375","0.4737017214512308","0.5571428571428572","0.1256117935009512","0.4178571428571428","0.5805555555555555","126","0","0"
"2025","2026","2028","Co-Cr-Fe-Mn","ORR","0","","2021","4","1","4","1","29","4","0.3635271858410283","0.4928571428571429","0.4043369451614046","0.6571428571428571","0.0618618807973423","0.8535714285714285","0.2805619110054478","0.7607142857142857","0.1785494833713677","0.925","0.2791340762472246","0.3964285714285714","0.0740419707807973","0.4285714285714285","0.3985085213403649","0.2392857142857143","0.1494368709604628","0.4571428571428571","0.5789682539682539","127","0","0"
"2025","2026","2028","Co-Mn-Mo-Ni-P","ORR","0","","2025","0","1","0","2","29","5","0.3635271858410283","0.4928571428571429","0.0699202011303778","0.3803571428571428","0.0323849461964816","0.6732142857142858","0.1717790941649706","0.5178571428571429","0.109155413122655","0.7857142857142857","0.4728224867202967","0.6571428571428571","0.0469028174387158","0.3535714285714286","0.6487812811896724","0.9642857142857144","0.0809452679284457","0.3642857142857142","0.5765873015873015","128","0","0"
"2025","2026","2028","Al-Cr-Fe-Ni","ORR","0","","2023","2","2","2","1","29","4","0.5037648985160553","0.6196428571428572","0.4721857391936102","0.6821428571428572","0.0757131794022881","0.8857142857142857","0.1016465772681421","0.3","0.0589723252850506","0.4535714285714285","0.2998549059825033","0.4607142857142857","0.234744951103622","0.7035714285714286","0.4283360851067581","0.3464285714285714","0.488527258626527","0.7178571428571429","0.5744047619047619","129","0","0"
"2025","2026","2028","Co-Fe-Mn-Ni-Ru","ORR","0","","2024","1","2","0","2","29","5","0.5037648985160553","0.6196428571428572","0.1097624467708801","0.4107142857142857","0.048044527308023","0.8142857142857143","0.1699509173332683","0.5107142857142857","0.0873368798306309","0.65","0.4429977706238361","0.625","0.0415488968025991","0.3428571428571428","0.5593520294208246","0.8178571428571428","0.0822309389326728","0.3714285714285714","0.5736111111111111","130","0","0"
"2025","2026","2028","Co-Cu-Fe-Ni-Pd","ORR","0","","2023","2","1","2","1","29","5","0.3635271858410283","0.4928571428571429","0.3403109277072668","0.5982142857142857","0.0078494709577187","0.2875","0.2308190600925621","0.6821428571428572","0.0891881762916884","0.6678571428571428","0.3053796874670494","0.5035714285714286","0.1931256449711589","0.6357142857142857","0.5066281867279926","0.6857142857142857","0.3206186992848789","0.6","0.5726190476190476","131","0","0"
"2025","2026","2028","Ag-Al-Cu-Ni-Ti","OER","0","","2023","2","1","2","1","63","5","0.6264053635068966","0.7875","0.6095726194348902","0.8857142857142857","0.0216764163964244","0.575","0.208671334969856","0.6107142857142858","0.0429086293411488","0.3321428571428571","0.6227344000987872","0.7321428571428571","0.1752674461744772","0.6142857142857143","0.3324979616777959","0.0285714285714285","0.2989596641564213","0.5857142857142857","0.5724206349206349","132","0","0"
"2025","2026","2028","Ir-Pd-Pt-Rh-Ru","CO2RR","0","","2021","4","12","0","3","1","5","0.1503260711062622","0.3821428571428571","0.1490058850008684","0.4214285714285714","0.0191902020600422","0.5035714285714286","0.2759810762322637","0.7535714285714286","0.202791626566889","0.9642857142857144","0.120757632168906","0.3857142857142857","0.0547826928750736","0.3892857142857143","0.7567090736992083","0.9928571428571428","0.0794285060794511","0.35","0.5714285714285714","133","0","0"
"2025","2026","2028","Co-Cu-Fe-Ni-P","ORR","0","","2024","1","2","0","1","29","5","0.5037648985160553","0.6196428571428572","0.4072173388758838","0.6642857142857143","0.0391140749283832","0.7321428571428571","0.1187281004609884","0.3678571428571429","0.0481944810171513","0.3821428571428571","0.3043901032261814","0.4964285714285714","0.2731154218521656","0.75","0.4282206004884284","0.3357142857142857","0.5965278178933139","0.7821428571428571","0.5700396825396825","134","0","0"
"2025","2026","2028","Co-Ir-Mn-Ni-Zn","ORR","0","","2023","2","1","2","2","29","5","0.3635271858410283","0.4928571428571429","0.0847417372259094","0.3964285714285714","0.0431517816354668","0.7785714285714286","0.3250428904069963","0.8428571428571429","0.1803552827167467","0.9321428571428572","0.4187515760932561","0.6107142857142858","0.0276279911634856","0.2821428571428571","0.4527416460739877","0.4357142857142857","0.0518803073643937","0.3107142857142857","0.5646825396825398","135","0","0"
"2025","2026","2028","Cu-Pd-Pt-Rh-Ru","ORR","0","","2024","1","1","1","1","29","5","0.3635271858410283","0.4928571428571429","0.3173303330013932","0.5660714285714286","0.0404458529623454","0.7482142857142857","0.1863636201303293","0.5607142857142857","0.063668986669409","0.4964285714285714","0.3048172531071426","0.5","0.0934547232289931","0.4714285714285714","0.5154909347630708","0.7142857142857143","0.2097331697218153","0.5142857142857142","0.5626984126984127","136","0","0"
"2025","2026","2028","Co-Cu-Fe-Ga-Ni-Ti","ORR","0","","2024","1","1","1","2","29","6","0.3635271858410283","0.4928571428571429","0.07243176058661","0.3875","0.0194443537085532","0.5089285714285714","0.1545086739790547","0.4464285714285714","0.1009539496918913","0.7428571428571429","0.4679628378054022","0.6517857142857143","0.0775584157847967","0.4428571428571428","0.6363527825695015","0.9232142857142858","0.1405342713134059","0.45","0.5607142857142857","137","0","0"
"2025","2026","2028","Ag-Au-Cu-Ir-Pd-Pt-Rh","OER","0","","2025","0","1","0","1","63","7","0.6264053635068966","0.7875","0.5261933016047239","0.7125","0.0459667518832764","0.7875","0.1489703588120963","0.4321428571428571","0.0308995349946272","0.2607142857142857","0.6412565197500167","0.8357142857142857","0.0537030588585671","0.3785714285714285","0.4598359259401464","0.4857142857142857","0.0803399259713841","0.3571428571428571","0.5597222222222222","138","0","0"
"2025","2026","2028","Ir-Mo-Pd-Sn-Zn","OER","0","","2025","0","1","0","1","63","5","0.6264053635068966","0.7875","0.5590231129327117","0.7875","0.0136994228655924","0.4303571428571429","0.1841809877711824","0.55","0.0436134643749719","0.3428571428571428","0.6279440515390924","0.7678571428571429","0.1176269571891197","0.5142857142857142","0.4225404648643862","0.2892857142857143","0.2271516386372584","0.5285714285714286","0.5553571428571429","139","1","1"
"2025","2026","2028","Al-Cr-Fe-Mo-Ni","ORR","0","","2022","3","1","3","1","29","5","0.3635271858410283","0.4928571428571429","0.3640682130799544","0.6232142857142857","0.0600209494360164","0.8482142857142857","0.1285828695280073","0.3964285714285714","0.0684286969599705","0.5464285714285714","0.3055457347932961","0.5071428571428571","0.1771222301940524","0.6178571428571429","0.427694433769008","0.325","0.3860251225567968","0.6321428571428571","0.5543650793650793","140","0","0"
"2025","2026","2028","Co-Cu-Fe-Mn-Ni-Ru","ORR","0","","2025","0","1","0","1","29","6","0.3635271858410283","0.4928571428571429","0.2816298699054317","0.4767857142857143","0.0362789329895958","0.7125","0.1452694794933877","0.425","0.04467320435529","0.3535714285714286","0.3210799844043366","0.5571428571428572","0.1639839683939932","0.5928571428571429","0.529896798953902","0.7607142857142857","0.3144711371408091","0.5928571428571429","0.5515873015873016","141","0","0"
"2025","2026","2028","Co-Ir-Mn-Ni-Ru","ORR","0","","2025","0","1","0","1","29","5","0.3635271858410283","0.4928571428571429","0.2952071380385401","0.5232142857142857","0.009961666763347","0.3517857142857143","0.1666078647707952","0.4964285714285714","0.0862037931842487","0.6392857142857142","0.2910846991205728","0.4214285714285714","0.3004274850322404","0.7857142857142857","0.4437913736403139","0.4071428571428571","0.6708571924322009","0.8142857142857143","0.548015873015873","142","0","0"
"2025","2026","2028","Cu-Mn-Ni-Zn","ORR","0","","2024","1","1","1","1","29","4","0.3635271858410283","0.4928571428571429","0.3318336837114615","0.5785714285714286","0.0460821077347919","0.7928571428571428","0.190382940661824","0.5785714285714286","0.0871634942864168","0.6464285714285715","0.3459723272744004","0.6","0.0774056023965458","0.4392857142857143","0.444275351527806","0.4178571428571428","0.0808216344699355","0.3607142857142857","0.5452380952380953","143","0","0"
"2025","2026","2028","Co-Cu-Mn-Ni-Ru","ORR","0","","2024","1","1","1","1","29","5","0.3635271858410283","0.4928571428571429","0.3173303330013932","0.5660714285714286","0.0404458529623454","0.7482142857142857","0.1137340204007319","0.3535714285714286","0.0242225611370302","0.2285714285714285","0.3203244330596768","0.5535714285714286","0.1617703029121669","0.5857142857142857","0.5361142771691674","0.7821428571428571","0.2695157975786608","0.5642857142857143","0.5416666666666666","144","0","0"
"2025","2026","2028","Cu-Ir-Pt-Ru-Sn","OER","0","","2024","1","1","1","1","63","5","0.6264053635068966","0.7875","0.5845201721795854","0.8375","0.0199434737456827","0.5339285714285714","0.1617997997563232","0.475","0.0343514734572338","0.2857142857142857","0.6051698678530361","0.6857142857142857","0.1499562294002057","0.5607142857142857","0.342906080575603","0.0607142857142857","0.3147651351137792","0.5964285714285714","0.5359126984126985","145","0","0"
"2025","2026","2028","Co-Cr-Cu-Fe-Mn-Ni","ORR","0","","2025","0","1","0","1","29","6","0.3635271858410283","0.4928571428571429","0.2816298699054317","0.4767857142857143","0.0362789329895958","0.7125","0.1517126966592846","0.4357142857142857","0.0638921882756708","0.5035714285714286","0.2942734020016322","0.4357142857142857","0.1414438821440749","0.5535714285714286","0.4893219880329574","0.6178571428571429","0.312026855294492","0.5892857142857143","0.5353174603174603","146","0","0"
"2025","2026","2028","Au-Ir-Pd-Pt-Rh-Ru","ORR","0","","2025","0","1","0","1","29","6","0.3635271858410283","0.4928571428571429","0.2816298699054317","0.4767857142857143","0.0362789329895958","0.7125","0.2322369462323361","0.6892857142857143","0.0759402632876312","0.5892857142857143","0.3016339644059692","0.4785714285714286","0.1187365151394928","0.5214285714285715","0.403197139906351","0.2607142857142857","0.2307242962048089","0.5357142857142857","0.5285714285714287","147","0","0"
"2025","2026","2028","Co-Cu-Fe-Mn-N-Ni","ORR","0","","2021","4","1","4","1","29","6","0.3635271858410283","0.4928571428571429","0.3729093479187431","0.6285714285714286","0.1301057804887127","0.9642857142857144","0.1123857119975151","0.3428571428571428","0.0663022903337436","0.5321428571428571","0.2938345166649138","0.4321428571428571","0.1131493772018991","0.5107142857142857","0.4236875647436395","0.3035714285714285","0.1986057214741094","0.5","0.523015873015873","148","0","0"
"2025","2026","2028","Co-Cr-Fe-Ni-W","ORR","0","","2025","0","1","0","1","29","5","0.3635271858410283","0.4928571428571429","0.2952071380385401","0.5232142857142857","0.009961666763347","0.3517857142857143","0.213607589589812","0.6321428571428571","0.0905934623113481","0.6821428571428572","0.3014519426886721","0.475","0.2355759802260648","0.7071428571428572","0.3540213328426649","0.0964285714285714","0.522486107020199","0.7428571428571429","0.5226190476190476","149","0","0"
"2025","2026","2028","Co-Fe-Mn-Ni-Rh","ORR","0","","2025","0","1","0","1","29","5","0.3635271858410283","0.4928571428571429","0.2952071380385401","0.5232142857142857","0.009961666763347","0.3517857142857143","0.1628517812536574","0.4857142857142857","0.0556389199742467","0.4214285714285714","0.3219431839926798","0.5642857142857143","0.1593057834032311","0.5821428571428572","0.5128497784800993","0.7035714285714286","0.2728279108198159","0.5678571428571428","0.5214285714285715","150","0","0"
"2025","2026","2028","Co-Cu-Fe-Mn-Ni-Zn","ORR","0","","2025","0","1","0","1","29","6","0.3635271858410283","0.4928571428571429","0.2816298699054317","0.4767857142857143","0.0362789329895958","0.7125","0.1332692896323968","0.4035714285714286","0.0456002621592638","0.3678571428571429","0.3154570776438103","0.5357142857142857","0.1200160935196313","0.525","0.4872534191858148","0.5964285714285714","0.2420689981563083","0.5392857142857143","0.5166666666666667","151","0","0"
"2025","2026","2028","Cr-Cu-Fe-Mn-Ni","ORR","0","","2023","2","1","2","1","29","5","0.3635271858410283","0.4928571428571429","0.3403109277072668","0.5982142857142857","0.0078494709577187","0.2875","0.1726428586033793","0.5214285714285715","0.0797825477297659","0.6071428571428571","0.2969798542252202","0.4464285714285714","0.1513079019832718","0.5642857142857143","0.4675258738463674","0.5285714285714286","0.2954439341306935","0.5821428571428572","0.5142857142857143","152","0","0"
"2025","2026","2028","Co-Mn-Ni-Ru-Ta","ORR","0","","2025","0","1","0","1","29","5","0.3635271858410283","0.4928571428571429","0.2952071380385401","0.5232142857142857","0.009961666763347","0.3517857142857143","0.1942239495070384","0.5892857142857143","0.0997303571541263","0.725","0.3007599920105689","0.4678571428571428","0.1949739644415889","0.6392857142857142","0.3828558888289967","0.1964285714285714","0.3954895402478657","0.6392857142857142","0.5138888888888888","153","0","0"
"2025","2026","2028","Co-Cu-Mn-Mo-Ni","ORR","0","","2025","0","2","0","2","29","5","0.5037648985160553","0.6196428571428572","0.108752893961348","0.4053571428571428","0.1145978221797759","0.9375","0.1196029281949258","0.3714285714285714","0.0644705912930482","0.5142857142857142","0.4404306793591419","0.6214285714285714","0.0267201554330365","0.275","0.462884449356136","0.5071428571428571","0.034897511464163","0.2571428571428571","0.5009920634920635","154","0","0"
"2025","2026","2028","Co-Fe-Mo-Ni-Zn","ORR","0","","2024","1","1","1","1","29","5","0.3635271858410283","0.4928571428571429","0.3173303330013932","0.5660714285714286","0.0404458529623454","0.7482142857142857","0.0643192763966673","0.1785714285714285","0.0221356726439657","0.1964285714285714","0.2963199191538674","0.4428571428571428","0.2393570401770647","0.7178571428571429","0.4377122749119039","0.3785714285714285","0.5042385139568323","0.7357142857142858","0.4952380952380952","155","0","0"
"2025","2026","2028","Cu-Ir-Pt-Ru-Sn","ORR","0","","2024","1","1","1","1","29","5","0.3635271858410283","0.4928571428571429","0.3173303330013932","0.5660714285714286","0.0404458529623454","0.7482142857142857","0.2232857552490885","0.6571428571428571","0.0816438794341535","0.6178571428571429","0.2840222884578924","0.4","0.0685056415543336","0.4214285714285714","0.3429061011204499","0.0642857142857142","0.1288605895063628","0.4285714285714285","0.4884920634920635","156","0","0"
"2025","2026","2028","Co-Cu-Mo-Ni-Ru","ORR","0","","2025","0","1","0","1","29","5","0.3635271858410283","0.4928571428571429","0.2952071380385401","0.5232142857142857","0.009961666763347","0.3517857142857143","0.1791317501126405","0.5357142857142857","0.0617429082557821","0.4857142857142857","0.3076254389676922","0.525","0.232618492804445","0.6964285714285714","0.3426207212647771","0.0535714285714285","0.4442546709483523","0.6964285714285714","0.4845238095238095","157","0","0"
"2025","2026","2028","Co-Cu-Fe-Mn-Mo-Ni-O","ORR","0","","2025","0","1","0","1","29","7","0.3635271858410283","0.4928571428571429","0.2684392135229888","0.4607142857142857","0.0254961794895967","0.6285714285714286","0.1174254050608418","0.3642857142857142","0.0431149604507286","0.3357142857142857","0.3223689291048628","0.5678571428571428","0.1088929610683834","0.5035714285714286","0.4592238682792735","0.4785714285714286","0.1710460080942946","0.475","0.4785714285714285","158","0","0"
"2025","2026","2028","Au-Mo-Pd-Pt-W","ORR","0","","2025","0","1","0","1","29","5","0.3635271858410283","0.4928571428571429","0.2952071380385401","0.5232142857142857","0.009961666763347","0.3517857142857143","0.1769566691244464","0.5321428571428571","0.0614779449811802","0.4785714285714286","0.3007413444677259","0.4642857142857143","0.184925394899946","0.6321428571428571","0.3716600188838533","0.1642857142857142","0.4044794103832949","0.65","0.4765873015873016","159","0","0"
"2025","2026","2028","Ag-Au-Pd-Pt-Ru","ORR","0","","2023","2","1","2","1","29","5","0.3635271858410283","0.4928571428571429","0.3403109277072668","0.5982142857142857","0.0078494709577187","0.2875","0.2103269916421828","0.6178571428571429","0.0725496578090423","0.575","0.3025806528214586","0.4821428571428571","0.0547532909801915","0.3857142857142857","0.4483523016437712","0.4285714285714285","0.1171750167016191","0.4","0.4742063492063491","160","0","0"
"2025","2026","2028","Al-Co-Fe-Ni-Pd-Y","ORR","0","","2025","0","1","0","1","29","6","0.3635271858410283","0.4928571428571429","0.2816298699054317","0.4767857142857143","0.0362789329895958","0.7125","0.1225760676613034","0.3785714285714285","0.0467722229125985","0.3785714285714285","0.2787158695352133","0.3910714285714285","0.174885252906461","0.6107142857142858","0.3593887752510765","0.1303571428571428","0.4424812367441411","0.6928571428571428","0.4738095238095239","161","0","0"
"2025","2026","2028","Fe-Ir-Mn-Pt-Ru","ORR","0","","2025","0","1","0","1","29","5","0.3635271858410283","0.4928571428571429","0.2952071380385401","0.5232142857142857","0.009961666763347","0.3517857142857143","0.2093536740198505","0.6142857142857143","0.0742208929734373","0.5857142857142857","0.2977151280920704","0.45","0.1400519946209121","0.55","0.3676488871848163","0.1428571428571428","0.2620826345080329","0.55","0.4734126984126984","162","0","0"
"2025","2026","2028","Co-Cr-Fe-Ni-V","ORR","0","","2025","0","1","0","1","29","5","0.3635271858410283","0.4928571428571429","0.2952071380385401","0.5232142857142857","0.009961666763347","0.3517857142857143","0.1430469054717986","0.4178571428571428","0.0688932250206925","0.5535714285714286","0.2885817095167935","0.4071428571428571","0.1993391636279155","0.6535714285714286","0.3689206767019771","0.1535714285714285","0.4502608762228317","0.7035714285714286","0.473015873015873","163","0","0"
"2025","2026","2028","Al-Co-Cr-Ni-Ti-V","ORR","0","","2025","0","1","0","1","29","6","0.3635271858410283","0.4928571428571429","0.2816298699054317","0.4767857142857143","0.0362789329895958","0.7125","0.1056227144003412","0.3142857142857143","0.0452063932649838","0.3642857142857142","0.308100604527775","0.5321428571428571","0.1059290104786822","0.5","0.428650164094912","0.3571428571428571","0.1895822566413439","0.4892857142857142","0.4710317460317459","164","0","0"
"2025","2026","2028","Ag-Au-Cu-Ir-Pd-Pt-Rh","ORR","0","","2025","0","1","0","1","29","7","0.3635271858410283","0.4928571428571429","0.2684392135229888","0.4607142857142857","0.0254961794895967","0.6285714285714286","0.1917672310047172","0.5821428571428572","0.0612404212798993","0.475","0.3163000385800252","0.5392857142857143","0.0231120893783875","0.2571428571428571","0.4598359528471612","0.4892857142857142","0.029070495426193","0.2428571428571428","0.463095238095238","165","0","0"
"2025","2026","2028","C-Co-Cu-Fe-Mn-N-Ni","ORR","0","","2025","0","1","0","1","29","7","0.3635271858410283","0.4928571428571429","0.2684392135229888","0.4607142857142857","0.0254961794895967","0.6285714285714286","0.123850754311409","0.3857142857142857","0.0603169318850992","0.4642857142857143","0.3187684573826175","0.5464285714285714","0.0386895831276504","0.3285714285714285","0.458487737272702","0.4678571428571428","0.0717047215843381","0.3321428571428571","0.4563492063492063","166","0","0"
"2025","2026","2028","Au-Pd-Pt-Rh-Ru","ORR","0","","2023","2","1","2","1","29","5","0.3635271858410283","0.4928571428571429","0.3403109277072668","0.5982142857142857","0.0078494709577187","0.2875","0.169054139150008","0.5071428571428571","0.0574940496530833","0.4428571428571428","0.2984267654295869","0.4535714285714285","0.1307643985484381","0.5321428571428571","0.3785878008101043","0.1857142857142857","0.2650415442069719","0.5571428571428572","0.4507936507936507","167","0","0"
"2025","2026","2028","Co-Fe-Ni-Pd-Y","ORR","0","","2025","0","1","0","1","29","5","0.3635271858410283","0.4928571428571429","0.2952071380385401","0.5232142857142857","0.009961666763347","0.3517857142857143","0.1398722380584708","0.4107142857142857","0.0447687591168224","0.3607142857142857","0.2787158695352133","0.3910714285714285","0.2042200406921656","0.6571428571428571","0.3593887752510765","0.1303571428571428","0.4875500379169326","0.7142857142857143","0.448015873015873","168","0","0"
"2025","2026","2028","Co-Cr-Fe-Mo-Ni","CO2RR","0","","2020","5","9","0","2","1","5","0.1097383946554035","0.3785714285714285","0.187326894545031","0.4357142857142857","0.0163746224839758","0.4857142857142857","0.0417791955626142","0.0678571428571428","0.0361220829477298","0.3","0.0637997288834213","0.325","0.0946131302271058","0.4785714285714286","0.7133225430885852","0.9785714285714284","0.1674333637167043","0.4714285714285714","0.4357142857142857","169","0","0"
"2025","2026","2028","Ir-Mo-Pd-Sn-Zn","ORR","0","","2025","0","1","0","1","29","5","0.3635271858410283","0.4928571428571429","0.2952071380385401","0.5232142857142857","0.009961666763347","0.3517857142857143","0.1869507824225333","0.5678571428571428","0.043843020313464","0.35","0.3040166948634803","0.4928571428571429","0.0526488057379536","0.3714285714285714","0.4225404864458332","0.2928571428571428","0.0886400912216384","0.375","0.4242063492063492","170","0","0"
"2025","2026","2028","Cu-Nb-Ni-Ti-Zr","ORR","0","","2025","0","1","0","1","29","5","0.3635271858410283","0.4928571428571429","0.2952071380385401","0.5232142857142857","0.009961666763347","0.3517857142857143","0.1547948284818175","0.4535714285714285","0.045876520407867","0.3714285714285714","0.3171096706994206","0.5428571428571428","0.0401110349677247","0.3357142857142857","0.4570983587434832","0.4571428571428571","0.0468699502694318","0.2857142857142857","0.4238095238095238","171","0","0"
"2025","2026","2028","B-Co-Cu-Fe-Mn-Ru","ORR","0","","2024","1","1","1","1","29","6","0.3635271858410283","0.4928571428571429","0.3031732534034222","0.5464285714285714","0.0233719037152562","0.6","0.1150065644021399","0.3571428571428571","0.0539716908009111","0.4142857142857143","0.2959021754633566","0.4392857142857143","0.0469157528654374","0.3571428571428571","0.4113416731487738","0.2714285714285714","0.0720250941941979","0.3357142857142857","0.4238095238095238","172","0","0"
"2025","2026","2028","Co-Cu-Fe-Ni-Zn","CO2RR","0","","2021","4","4","0","1","1","5","0.0463880730108899","0.3571428571428571","0.1013767689452642","0.4","0.0041418123048716","0.2321428571428571","0.1279495415983364","0.3928571428571428","0.071630236438794","0.5714285714285714","0.0402590156271884","0.2428571428571428","0.0568249407864725","0.3928571428571428","0.5949911203154139","0.8678571428571429","0.0728584573376751","0.3392857142857143","0.4218253968253968","173","0","0"
"2025","2026","2028","Co-Cr-Fe-Ni","CO2RR","0","","2021","4","6","0","2","1","4","0.0706178978083158","0.3714285714285714","0.0539213221331358","0.3571428571428571","0.00984471703893","0.3285714285714285","0.1225817395194003","0.3821428571428571","0.0557375158828113","0.425","0.0577565954694086","0.2857142857142857","0.0371369750326507","0.3178571428571428","0.5973733483246589","0.8785714285714286","0.0772109616316748","0.3428571428571428","0.4099206349206349","174","0","0"
"2025","2026","2028","Co-Cu-Fe-Ni-Pt","CO2RR","0","","2022","3","8","0","3","1","5","0.0964481360173251","0.375","0.0243568846173347","0.1642857142857142","0.0133535275849745","0.4142857142857143","0.1627350117618954","0.4821428571428571","0.0835190676408968","0.6321428571428571","0.1004159743249446","0.3678571428571429","0.0078656318978831","0.1107142857142857","0.6384869398918355","0.9285714285714286","0.0139332050692039","0.1571428571428571","0.4035714285714286","175","0","0"
"2025","2026","2028","Al-Cu-Fe-Ni-Ti","ORR","0","","2023","2","1","2","1","29","5","0.3635271858410283","0.4928571428571429","0.3403109277072668","0.5982142857142857","0.0078494709577187","0.2875","0.0931162558902735","0.275","0.0202886590936444","0.1821428571428571","0.2901746043916897","0.4142857142857143","0.1831762827761647","0.6285714285714286","0.3496919122977331","0.0857142857142857","0.3376082554269493","0.6178571428571429","0.398015873015873","176","0","0"
"2025","2026","2028","Co-Cr-Ni-Pt","CO2RR","0","","2024","1","1","1","1","1","4","0.0154138746516568","0.1339285714285714","0.0291332899264434","0.2535714285714285","0.128126891405587","0.9607142857142856","0.1090520922455592","0.3285714285714285","0.0275580844862861","0.2535714285714285","0.0435567718589201","0.25","0.0502118581633875","0.3642857142857142","0.5064698969441643","0.6678571428571428","0.0801434402557721","0.3535714285714286","0.3962301587301587","177","0","0"
"2025","2026","2028","Co-Cu-Fe-Mn-Ni","CO2RR","0","","2023","2","5","0","1","1","5","0.0582495501776238","0.3642857142857142","0.1520780560492045","0.425","0.0069432862441325","0.2642857142857143","0.0551365524809957","0.1214285714285714","0.0182673181722919","0.1607142857142857","0.0376822138873568","0.2321428571428571","0.1497121863438481","0.5571428571428572","0.5696953475657278","0.8357142857142857","0.250425033314102","0.5464285714285714","0.3896825396825397","178","0","0"
"2025","2026","2028","Ag-Al-Cu-Ni-Ti","ORR","0","","2023","2","1","2","1","29","5","0.3635271858410283","0.4928571428571429","0.3403109277072668","0.5982142857142857","0.0078494709577187","0.2875","0.1439001432043517","0.4214285714285714","0.0437769370069886","0.3464285714285714","0.2993323375265385","0.4571428571428571","0.0813850296715699","0.45","0.3324979802280932","0.0321428571428571","0.1213153551752728","0.4142857142857143","0.3888888888888889","179","0","0"
"2025","2026","2028","Co-Cu-Mo-Ni-Zn","ORR","0","","2025","0","1","0","1","29","5","0.3635271858410283","0.4928571428571429","0.2952071380385401","0.5232142857142857","0.009961666763347","0.3517857142857143","0.095404981890487","0.2785714285714286","0.0178759503600994","0.1571428571428571","0.2904026328936963","0.4178571428571428","0.0633534590415253","0.4107142857142857","0.4265936757138313","0.3142857142857143","0.1392122680404431","0.4464285714285714","0.376984126984127","180","0","0"
"2025","2026","2028","Co-Fe-Ni-Pt","CO2RR","0","","2025","0","2","0","3","1","4","0.0247677549561598","0.2946428571428571","0.0014118064330419","0.0178571428571428","0.0187863230278555","0.5","0.1728115353446171","0.525","0.0853912468094024","0.6357142857142857","0.1172566323949986","0.3785714285714285","0.002453524666277","0.0178571428571428","0.8063529505224957","1.0","0.0013909868207254","0.0107142857142857","0.3755952380952381","181","0","0"
"2025","2026","2028","Ag-Ir-Pd-Pt-Ru","CO2RR","0","","2021","4","3","0","2","1","5","0.0351698496501777","0.3392857142857143","0.0123206506748183","0.1035714285714285","0.0017075570420164","0.0875","0.2056286881817635","0.6","0.1461120440812655","0.9","0.0683492683690296","0.3392857142857143","0.0046142659078403","0.0535714285714285","0.6107016963855979","0.8857142857142857","0.0038562886019155","0.0428571428571428","0.3724206349206349","182","0","0"
"2025","2026","2028","Co-Fe-Mn-Ni","CO2RR","0","","2019","6","2","0","2","1","4","0.0247677549561598","0.2946428571428571","0.0083133710223869","0.0892857142857142","0.01530839489008","0.4821428571428571","0.159651476624873","0.4714285714285714","0.0876183416088144","0.6571428571428571","0.0693209545266003","0.35","0.0066196368238051","0.0892857142857142","0.5615503265477217","0.8214285714285714","0.0076088110953829","0.0785714285714285","0.3704365079365079","183","0","0"
"2025","2026","2028","Co-Fe-Ni-V","CO2RR","0","","2025","0","1","0","1","1","4","0.0154138746516568","0.1339285714285714","0.0263273571580358","0.2196428571428571","0.0471806808776388","0.8053571428571429","0.0909248781423785","0.2714285714285714","0.0384739381357623","0.3071428571428571","0.0346672504436234","0.1821428571428571","0.0606886749295538","0.4071428571428571","0.4776630606630255","0.5607142857142857","0.1288911288967075","0.4321428571428571","0.3688492063492063","184","0","0"
"2025","2026","2028","Co-Cu-Fe-Ni","CO2RR","0","","2024","1","2","0","2","1","4","0.0247677549561598","0.2946428571428571","0.0078964846865297","0.0785714285714285","0.0202828581676997","0.5535714285714286","0.1974953699226646","0.5928571428571429","0.0914636526185427","0.6892857142857143","0.0496107522309014","0.2535714285714285","0.0048637515017086","0.0571428571428571","0.511353317086924","0.6892857142857143","0.0071981951427199","0.075","0.3648809523809524","185","0","0"
"2025","2026","2028","Co-Fe-Ga-Ni-Zn","CO2RR","0","","2020","5","2","4","1","1","5","0.0247677549561598","0.2946428571428571","0.0592311576117507","0.3607142857142857","0.0040537368446527","0.2285714285714285","0.0970424974806485","0.2892857142857143","0.0524311467684672","0.4","0.0365375514227395","0.2107142857142857","0.064217878841224","0.4142857142857143","0.4983123995249957","0.6392857142857142","0.1081189973905389","0.3892857142857143","0.358531746031746","186","0","0"
"2025","2026","2028","Co-Fe-Mo-Ni-W","CO2RR","0","","2023","2","5","0","3","1","5","0.0582495501776238","0.3642857142857142","0.0057443769780643","0.0607142857142857","0.0048436641438958","0.25","0.1376752228965962","0.4071428571428571","0.0694762858646629","0.5571428571428572","0.1036905492383015","0.3714285714285714","0.0055289452596939","0.0714285714285714","0.6764453728336577","0.9678571428571427","0.0079406829465339","0.0821428571428571","0.3480158730158731","187","0","0"
"2025","2026","2028","Al-Co-Mo-Ni-Ru","CO2RR","0","","2020","5","1","5","3","1","5","0.0154138746516568","0.1339285714285714","0.0013704907275202","0.0142857142857142","0.017074661306852","0.4892857142857142","0.1543583049556171","0.4428571428571428","0.1062401241507033","0.7785714285714286","0.0984106361453618","0.3607142857142857","0.0015318079146624","0.0071428571428571","0.5638127837059286","0.8285714285714286","0.0008514725577326","0.0071428571428571","0.3402777777777778","188","0","0"
"2025","2026","2028","Al-Cr-Fe-Ni","CO2RR","0","","2023","2","2","2","1","1","4","0.0247677549561598","0.2946428571428571","0.0512817718600804","0.3535714285714286","0.0439384318728563","0.7821428571428571","0.0814775305068639","0.2428571428571428","0.0484917565545201","0.3857142857142857","0.0313769537606893","0.075","0.0301139168334671","0.2928571428571428","0.4283360415121943","0.3392857142857143","0.0486269471575558","0.2964285714285714","0.3402777777777778","189","0","0"
"2025","2026","2028","Co-Cu-Ni-Pt-Ru","CO2RR","0","","2022","3","2","1","1","1","5","0.0247677549561598","0.2946428571428571","0.0444741879136965","0.35","0.0059595277870074","0.2571428571428571","0.0534840901000467","0.1178571428571428","0.0225778825388017","0.2","0.0376725938070058","0.2285714285714285","0.0643556100835814","0.4178571428571428","0.5572528683530881","0.8035714285714286","0.1090175743106226","0.3928571428571428","0.3402777777777778","190","0","0"
"2025","2026","2028","Co-Fe-Ni-Pt-Ru","CO2RR","0","","2024","1","2","0","1","1","5","0.0247677549561598","0.2946428571428571","0.0398531330821079","0.3357142857142857","0.0020471158650525","0.1714285714285714","0.0388756860720057","0.0464285714285714","0.016887372987991","0.1464285714285714","0.0366258678961495","0.2142857142857142","0.1187167037289335","0.5178571428571429","0.5319287659553118","0.7642857142857142","0.266310497032922","0.5607142857142857","0.3390873015873016","191","0","0"
"2025","2026","2028","Co-Fe-Mn-Ni-V","CO2RR","0","","2024","1","3","0","2","1","5","0.0351698496501777","0.3392857142857143","0.0119476390320995","0.0928571428571428","0.0008427676903382","0.0125","0.168323787075302","0.5035714285714286","0.0674924836468187","0.5428571428571428","0.0687130690822217","0.3428571428571428","0.0113788219941119","0.15","0.6244344970497681","0.9","0.0134238610855642","0.15","0.3371031746031745","192","0","0"
"2025","2026","2028","Co-Cu-Fe-Mo-Ni","CO2RR","0","","2024","1","5","0","2","1","5","0.0582495501776238","0.3642857142857142","0.0308746850580484","0.2892857142857143","0.0035503394919047","0.2071428571428571","0.0568380578868886","0.1357142857142857","0.0247459799490257","0.2392857142857143","0.0637853003737084","0.3214285714285714","0.0219002312914556","0.2464285714285714","0.6851242393703384","0.9714285714285714","0.0303149400867033","0.25","0.3361111111111111","193","0","0"
"2025","2026","2028","B-Co-Cu-Fe-Ir-Mo-Ni","CO2RR","0","","2024","1","1","1","1","1","7","0.0154138746516568","0.1339285714285714","0.0240142307550537","0.1589285714285714","0.010942430645392","0.3982142857142857","0.0591674596110965","0.1464285714285714","0.0242236572516523","0.2321428571428571","0.0362493808643309","0.2071428571428571","0.0605223005235351","0.4035714285714286","0.5773997940157306","0.8571428571428571","0.1046920487075389","0.3857142857142857","0.3248015873015873","194","0","0"
"2025","2026","2028","Co-Fe-Mn-Ni-Pt","CO2RR","0","","2023","2","2","1","2","1","5","0.0247677549561598","0.2946428571428571","0.0081997710800513","0.0857142857142857","0.0032054537984998","0.2","0.1097322977560213","0.3357142857142857","0.0578883456407961","0.4464285714285714","0.0682363108139974","0.3357142857142857","0.011463319585051","0.1535714285714285","0.6115691608586338","0.8928571428571429","0.0146649964048227","0.1714285714285714","0.3240079365079364","195","0","0"
"2025","2026","2028","Co-Fe-Ni-Pd-Pt","CO2RR","0","","2022","3","3","0","2","1","5","0.0351698496501777","0.3392857142857143","0.012195052892636","0.0982142857142857","0.0009052058296726","0.0196428571428571","0.1159145474886129","0.3607142857142857","0.0570492420423201","0.4392857142857143","0.0680473495443293","0.3321428571428571","0.0131415525244215","0.1821428571428571","0.6422424392062401","0.9392857142857144","0.0181967152505197","0.1964285714285714","0.323015873015873","196","0","0"
"2025","2026","2028","Co-Cr-Fe-Mn","CO2RR","0","","2021","4","1","4","1","1","4","0.0154138746516568","0.1339285714285714","0.0393985318126732","0.3285714285714285","0.0365673530070112","0.725","0.1526543110589596","0.4392857142857143","0.1002150297803762","0.7357142857142858","0.028454717590652","0.0107142857142857","0.0080286451154743","0.1142857142857142","0.3985083971103138","0.2321428571428571","0.011042995013311","0.1285714285714285","0.3164682539682539","197","0","0"
"2025","2026","2028","Co-Cr-Fe-Mn-Ni-V","CO2RR","0","","2022","3","1","3","1","1","6","0.0154138746516568","0.1339285714285714","0.0313612377468916","0.2928571428571428","0.0034744172933064","0.2035714285714285","0.075592088772873","0.2392857142857143","0.0410474590890145","0.3214285714285714","0.0373372995653797","0.225","0.0396291152726317","0.3321428571428571","0.5452959040446618","0.7857142857142857","0.0495436238575638","0.3035714285714285","0.3152777777777777","198","0","0"
"2025","2026","2028","Co-Cu-Ni-Pd-Pt","CO2RR","0","","2021","4","3","0","1","1","5","0.0351698496501777","0.3392857142857143","0.0649858430783526","0.3714285714285714","0.0058624135427142","0.2535714285714285","0.0961493299394331","0.2857142857142857","0.0237827234983427","0.2142857142857142","0.039084965013177","0.2392857142857143","0.037388435672839","0.325","0.4664888878668893","0.5107142857142857","0.0471508757630521","0.2892857142857143","0.3142857142857143","199","0","0"
"2025","2026","2028","Co-Mo-Ni-Pd-Pt","CO2RR","0","","2022","3","1","3","3","1","5","0.0154138746516568","0.1339285714285714","0.0011130554382001","0.0071428571428571","0.0092310244237863","0.325","0.1639630261839397","0.4928571428571429","0.0760927652305574","0.5928571428571429","0.1095715192293371","0.375","0.002599228305089","0.0214285714285714","0.5648777618304905","0.8321428571428572","0.002188139533866","0.0214285714285714","0.3113095238095238","200","0","0"
"2025","2026","2028","Co-Cu-Fe-Ni-V","CO2RR","0","","2025","0","2","0","3","1","5","0.0247677549561598","0.2946428571428571","0.0013215375404071","0.0107142857142857","0.0020014668885568","0.1607142857142857","0.1922577374518232","0.5857142857142857","0.087359997066038","0.6535714285714286","0.0996870952415395","0.3642857142857142","0.0012848343864202","0.0035714285714285","0.5211812494354601","0.7178571428571429","0.0006639087372453","0.0035714285714285","0.310515873015873","201","0","0"
"2025","2026","2028","Mo-Ni-Pd-Pt-Rh","CO2RR","0","","2023","2","2","0","1","1","5","0.0247677549561598","0.2946428571428571","0.0402519761102349","0.3428571428571428","0.001747238530966","0.1178571428571428","0.0617460803074525","0.1678571428571428","0.0147228110331408","0.1321428571428571","0.0324660533597337","0.1321428571428571","0.0949244476894833","0.4821428571428571","0.4556253062782814","0.4392857142857143","0.2479580583998246","0.5428571428571428","0.2946428571428571","202","0","0"
"2025","2026","2028","Co-Fe-Mo-Ni","CO2RR","0","","2022","3","1","3","1","1","4","0.0154138746516568","0.1339285714285714","0.0356402106126077","0.3160714285714285","0.0357557186579807","0.6982142857142857","0.0289685113581037","0.0178571428571428","0.0078180129496876","0.0428571428571428","0.0315138156599521","0.0857142857142857","0.0938629790237035","0.475","0.4434548629361589","0.3892857142857143","0.1900851283205409","0.4928571428571429","0.2946428571428571","203","0","0"
"2025","2026","2028","Al-Co-Fe-Mo-Ni","CO2RR","0","","2022","3","3","0","1","1","5","0.0351698496501777","0.3392857142857143","0.0643583550696817","0.3678571428571429","0.0047254291677519","0.2357142857142857","0.0229639712526283","0.0071428571428571","0.014178052525565","0.125","0.0324083646981442","0.1285714285714285","0.076548172751288","0.4357142857142857","0.4735377633252763","0.5428571428571428","0.1503477394052475","0.4607142857142857","0.2936507936507936","204","0","0"
"2025","2026","2028","Co-Cr-Fe-Mn-Ni-Pt","CO2RR","0","","2025","0","1","0","2","1","6","0.0154138746516568","0.1339285714285714","0.0042334954041562","0.025","0.0017675485266369","0.1214285714285714","0.0983328836100272","0.2928571428571428","0.062029439550086","0.4892857142857142","0.0902412700325272","0.3535714285714286","0.0118390773526446","0.1642857142857142","0.7242157476974448","0.9857142857142858","0.0053055571961508","0.0535714285714285","0.2910714285714286","205","0","0"
"2025","2026","2028","Ce-Co-Fe-Ni-Pt-Ru-Zn","CO2RR","0","","2024","1","1","1","2","1","7","0.0154138746516568","0.1339285714285714","0.00439671802137","0.0285714285714285","0.0038262125565879","0.2107142857142857","0.1216825045902398","0.375","0.0503089308428627","0.3892857142857143","0.0613829569703418","0.2964285714285714","0.008441191543079","0.125","0.6419854015836645","0.9321428571428572","0.0099074072525817","0.1142857142857142","0.289484126984127","206","0","0"
"2025","2026","2028","Au-Ir-Os-Pd-Pt-Re-Rh-Ru","CO2RR","0","","2025","0","1","0","1","1","8","0.0154138746516568","0.1339285714285714","0.020329866638764","0.1178571428571428","0.0080257269678142","0.3035714285714285","0.1131725511195719","0.3464285714285714","0.0539101935676662","0.4071428571428571","0.0414122795882062","0.2464285714285714","0.0082416062934571","0.1178571428571428","0.5751304250711216","0.8464285714285714","0.006217215516752","0.0678571428571428","0.2875","207","0","0"
"2025","2026","2028","Co-Cu-Fe-Ir-Ni","CO2RR","0","","2022","3","3","2","2","1","5","0.0351698496501777","0.3392857142857143","0.0146741600760147","0.1107142857142857","0.0040006566529665","0.2232142857142857","0.0869208236132626","0.2607142857142857","0.0354277123284056","0.2928571428571428","0.0533715059430318","0.2607142857142857","0.0117633915024161","0.1607142857142857","0.5259692155187743","0.7392857142857143","0.0181057211094047","0.1892857142857142","0.2863095238095238","208","0","0"
"2025","2026","2028","Co-Ir-Ni-Pt","CO2RR","0","","2025","0","1","0","1","1","4","0.0154138746516568","0.1339285714285714","0.0263273571580358","0.2196428571428571","0.0471806808776388","0.8053571428571429","0.0869924090474794","0.2642857142857143","0.0284273388154268","0.2571428571428571","0.0318600558865264","0.1","0.0283369205888216","0.2857142857142857","0.3868825733780883","0.2107142857142857","0.0402023019116272","0.2678571428571428","0.2827380952380952","209","0","0"
"2025","2026","2028","Co-Fe-Ni-Ru","CO2RR","0","","2023","2","2","0","2","1","4","0.0247677549561598","0.2946428571428571","0.0079781687503651","0.0821428571428571","0.0062416168814211","0.2607142857142857","0.0872905898105056","0.2678571428571428","0.0331908559025853","0.2785714285714286","0.0606727652857964","0.2892857142857143","0.0097472800449142","0.1357142857142857","0.5468820523637659","0.7964285714285714","0.0111546814299535","0.1321428571428571","0.2819444444444444","210","0","0"
"2025","2026","2028","Co-Ni-Pd-Pt-Ru","CO2RR","0","","2024","1","1","1","2","1","5","0.0154138746516568","0.1339285714285714","0.0050156630825412","0.05","0.0048074163809582","0.2428571428571428","0.1121318841619287","0.3392857142857143","0.0565717093244089","0.4357142857142857","0.0616213252287525","0.3","0.0076160211284117","0.1071428571428571","0.5255206473573465","0.7321428571428571","0.0112016428474629","0.1357142857142857","0.2751984126984126","211","0","0"
"2025","2026","2028","Co-Cr-Fe-Ni-Ti","CO2RR","0","","2025","0","2","0","2","1","5","0.0247677549561598","0.2946428571428571","0.0073189110531499","0.0696428571428571","0.0020014668885568","0.1607142857142857","0.0854319627545552","0.2535714285714285","0.0347981100086399","0.2892857142857143","0.0655943872495251","0.3285714285714285","0.0050835668665409","0.0678571428571428","0.6296209148404814","0.9071428571428573","0.0086055588641597","0.0964285714285714","0.2742063492063492","212","0","0"
"2025","2026","2028","Co-Cr-Cu-Fe-Ni","CO2RR","0","","2022","3","3","0","2","1","5","0.0351698496501777","0.3392857142857143","0.012195052892636","0.0982142857142857","0.0009052058296726","0.0196428571428571","0.131641701043066","0.4","0.0653893800202441","0.525","0.0568637882163955","0.275","0.006774749291143","0.0928571428571428","0.4952640845051904","0.6214285714285714","0.0080750386246406","0.0857142857142857","0.273015873015873","213","0","0"
"2025","2026","2028","Co-Cr-Fe-Mn-Mo-Ni","CO2RR","0","","2021","4","1","4","2","1","6","0.0154138746516568","0.1339285714285714","0.0064075551737129","0.0642857142857142","0.0082636980720284","0.3071428571428571","0.1047375338384565","0.3107142857142857","0.0640304923392384","0.5071428571428571","0.0688812426814051","0.3464285714285714","0.0041003129183753","0.0392857142857142","0.5018443444300154","0.65","0.0033911658986278","0.0357142857142857","0.2660714285714285","214","0","0"
"2025","2026","2028","Co-Fe-Ni-Pt-Rh","CO2RR","0","","2021","4","1","4","1","1","5","0.0154138746516568","0.1339285714285714","0.0369693645734339","0.3232142857142857","0.0017156983240673","0.1035714285714285","0.0460393961162572","0.0821428571428571","0.0108703473946592","0.075","0.032502650366637","0.1357142857142857","0.0735013401773497","0.425","0.4884127096767472","0.6","0.1612236957829581","0.4678571428571428","0.2607142857142857","215","0","0"
"2025","2026","2028","Co-Fe-Mo-Ni-P","CO2RR","0","","2025","0","1","0","2","1","5","0.0154138746516568","0.1339285714285714","0.0045217677909025","0.0339285714285714","0.0007124760628687","0.0053571428571428","0.0732948882840072","0.2178571428571428","0.032160299902638","0.2642857142857143","0.0636609618855585","0.3178571428571428","0.0152916679719554","0.2035714285714285","0.6484161933180729","0.9535714285714286","0.0153903118340802","0.1785714285714285","0.256547619047619","216","0","0"
"2025","2026","2028","Co-Cu-Mg-Ni-Zn","CO2RR","0","","2021","4","1","4","1","1","5","0.0154138746516568","0.1339285714285714","0.0369693645734339","0.3232142857142857","0.0017156983240673","0.1035714285714285","0.0635611105073851","0.1714285714285714","0.0201301635677049","0.1785714285714285","0.0325628091054629","0.1428571428571428","0.0373424074759494","0.3214285714285714","0.4958237726457986","0.6285714285714286","0.0489230120415023","0.3","0.2559523809523809","217","0","0"
"2025","2026","2028","Co-Cu-Fe-Ni-Ti","CO2RR","0","","2024","1","1","1","2","1","5","0.0154138746516568","0.1339285714285714","0.0050156630825412","0.05","0.0048074163809582","0.2428571428571428","0.0739183337705153","0.2214285714285714","0.0208791722085024","0.1892857142857142","0.0623778130084905","0.3053571428571429","0.0090080226708636","0.1321428571428571","0.6363527419865839","0.9160714285714284","0.0093520043557297","0.1071428571428571","0.2553571428571428","218","0","0"
"2025","2026","2028","Co-Cu-Fe-Ga-Ni-Ti","CO2RR","0","","2024","1","1","1","2","1","6","0.0154138746516568","0.1339285714285714","0.0046960523482392","0.0410714285714285","0.0039664547819069","0.2160714285714285","0.0827282625897371","0.2464285714285714","0.0194118992238846","0.1714285714285714","0.0623778130084905","0.3053571428571429","0.008438517724526","0.1214285714285714","0.6363527419865839","0.9160714285714284","0.0103153534870017","0.125","0.2529761904761904","219","0","0"
"2025","2026","2028","Co-Fe-Ni-Pt-Ru-Zn","CO2RR","0","","2024","1","1","1","2","1","6","0.0154138746516568","0.1339285714285714","0.0046960523482392","0.0410714285714285","0.0039664547819069","0.2160714285714285","0.0721424408747389","0.2107142857142857","0.0244810869329868","0.2357142857142857","0.0612804269498261","0.2928571428571428","0.0063400628669757","0.0857142857142857","0.6422498360190261","0.9464285714285714","0.0085869978423628","0.0928571428571428","0.2505952380952381","220","0","0"
"2025","2026","2028","Co-Cu-Mn-Ni-Ru","CO2RR","0","","2024","1","1","1","1","1","5","0.0154138746516568","0.1339285714285714","0.0273190395570639","0.2375","0.0137971177214097","0.4589285714285714","0.0305412198190918","0.0214285714285714","0.0034573999850075","0.0107142857142857","0.0344198985804177","0.175","0.0191597785273123","0.225","0.536114223684127","0.775","0.0219156541516478","0.2142857142857142","0.2501984126984127","221","0","0"
"2025","2026","2028","Cu-Ni-Pd-Pt","CO2RR","0","","2022","3","1","3","1","1","4","0.0154138746516568","0.1339285714285714","0.0356402106126077","0.3160714285714285","0.0357557186579807","0.6982142857142857","0.1090624292659024","0.3321428571428571","0.0386261357913866","0.3107142857142857","0.0335865914936038","0.1535714285714285","0.0103250965290656","0.1392857142857143","0.321916781643865","0.0035714285714285","0.0144093801423118","0.1642857142857142","0.2501984126984127","222","0","0"
"2025","2026","2028","Co-Cu-Ni-Pt-Zn","CO2RR","0","","2024","1","1","1","1","1","5","0.0154138746516568","0.1339285714285714","0.0273190395570639","0.2375","0.0137971177214097","0.4589285714285714","0.0957535493712946","0.2821428571428571","0.0327045584976306","0.2714285714285714","0.0349462597453142","0.1964285714285714","0.0075770450375485","0.1035714285714285","0.4317447859411641","0.3607142857142857","0.0099402590743955","0.1178571428571428","0.2402777777777777","223","0","0"
"2025","2026","2028","Au-Ir-Pd-Pt-Ru","CO2RR","0","","2024","1","2","0","1","1","5","0.0247677549561598","0.2946428571428571","0.0398531330821079","0.3357142857142857","0.0020471158650525","0.1714285714285714","0.055477771299453","0.125","0.0166499123152112","0.1392857142857143","0.0323629556585673","0.125","0.0201529071593042","0.2321428571428571","0.4621586576385743","0.4928571428571429","0.0287089185005967","0.2392857142857143","0.239484126984127","224","0","0"
"2025","2026","2028","Cr-Cu-Ir-Ni-Pt","CO2RR","0","","2023","2","1","2","1","1","5","0.0154138746516568","0.1339285714285714","0.030227383262486","0.2732142857142857","0.0017965214675209","0.1375","0.0643496111035955","0.1821428571428571","0.0111497926186299","0.0821428571428571","0.0368208318315987","0.2178571428571428","0.0218437419946953","0.2428571428571428","0.5030658015822405","0.6571428571428571","0.023866384397799","0.2214285714285714","0.2386904761904762","225","0","0"
"2025","2026","2028","Al-Co-Cr-Fe-Ni","CO2RR","0","","2020","5","3","0","2","1","5","0.0351698496501777","0.3392857142857143","0.0124475256979944","0.1071428571428571","0.0017075570420164","0.0875","0.0639689203349223","0.175","0.037841973741487","0.3035714285714285","0.0574295203264957","0.2785714285714286","0.0042373019033168","0.0464285714285714","0.5269462981069032","0.7464285714285714","0.0055197678054986","0.0571428571428571","0.2378968253968253","226","0","0"
"2025","2026","2028","Co-Cu-Fe-Ni-P","CO2RR","0","","2024","1","2","0","1","1","5","0.0247677549561598","0.2946428571428571","0.0398531330821079","0.3357142857142857","0.0020471158650525","0.1714285714285714","0.0590138895522108","0.1428571428571428","0.0132610837719829","0.1071428571428571","0.0320373257707766","0.1107142857142857","0.0366375923931826","0.3142857142857143","0.4282205635512026","0.3285714285714285","0.0667541864517968","0.3285714285714285","0.2371031746031746","227","0","0"
"2025","2026","2028","Co-Cu-In-Mo-Ni","CO2RR","0","","2025","0","1","0","1","1","5","0.0154138746516568","0.1339285714285714","0.0246834012891072","0.1892857142857142","0.0010947473740016","0.0535714285714285","0.0987649307821931","0.2964285714285714","0.0399915374670241","0.3142857142857143","0.0383190948391953","0.2357142857142857","0.0135724144388625","0.1892857142857142","0.4827618775922759","0.5714285714285714","0.0131804318044974","0.1464285714285714","0.2367063492063491","228","0","0"
"2025","2026","2028","Co-Fe-Mn-Ni-W","CO2RR","0","","2023","2","1","2","1","1","5","0.0154138746516568","0.1339285714285714","0.030227383262486","0.2732142857142857","0.0017965214675209","0.1375","0.033143275852742","0.025","0.011289441653523","0.0857142857142857","0.0343443227639445","0.1714285714285714","0.0540935779857692","0.3821428571428571","0.4679517919083303","0.5321428571428571","0.09610574866487","0.3785714285714285","0.235515873015873","229","0","0"
"2025","2026","2028","Cu-Fe-Ni-Pt-Rh","CO2RR","0","","2024","1","1","1","2","1","5","0.0154138746516568","0.1339285714285714","0.0050156630825412","0.05","0.0048074163809582","0.2428571428571428","0.1038084526814737","0.3071428571428571","0.056302590134051","0.4285714285714285","0.0628299060516409","0.3107142857142857","0.0034197750943957","0.0321428571428571","0.4862999015956523","0.5821428571428572","0.0027551221397214","0.0285714285714285","0.2351190476190476","230","0","0"
"2025","2026","2028","Ga-In-Mo-Ni-Pd","CO2RR","0","","2022","3","1","3","1","1","5","0.0154138746516568","0.1339285714285714","0.0334347021170517","0.3017857142857142","0.0017156983240673","0.1035714285714285","0.0611668004012082","0.1607142857142857","0.0176568867345812","0.1535714285714285","0.0353025816126155","0.2035714285714285","0.0124662924927757","0.175","0.5233140333766949","0.7214285714285714","0.0130809851238446","0.1428571428571428","0.2329365079365079","231","0","0"
"2025","2026","2028","Cu-Pd-Pt-Rh-Ru","CO2RR","0","","2024","1","1","1","1","1","5","0.0154138746516568","0.1339285714285714","0.0273190395570639","0.2375","0.0137971177214097","0.4589285714285714","0.0436627207575709","0.0714285714285714","0.0056207384754785","0.0321428571428571","0.0320999204703639","0.1142857142857142","0.0103266649758884","0.1428571428571428","0.515490887120636","0.7071428571428572","0.0162427319920082","0.1821428571428571","0.2311507936507936","232","0","0"
"2025","2026","2028","Co-Fe-Ir-Pd-Pt","CO2RR","0","","2020","5","1","5","1","1","5","0.0154138746516568","0.1339285714285714","0.040861908399583","0.3464285714285714","0.0107592747158856","0.3928571428571428","0.0557238836731521","0.1285714285714285","0.0197347249562587","0.175","0.03020300547742","0.0392857142857142","0.0325227068054839","0.3071428571428571","0.3889178318466715","0.2214285714285714","0.0551519843054924","0.3214285714285714","0.2295634920634921","233","0","0"
"2025","2026","2028","Co-Cr-Fe-Ni-Pt","CO2RR","0","","2024","1","1","1","1","1","5","0.0154138746516568","0.1339285714285714","0.0273190395570639","0.2375","0.0137971177214097","0.4589285714285714","0.0486161016272949","0.0892857142857142","0.0249792454625989","0.2428571428571428","0.0299309137286331","0.025","0.0524231223528096","0.3678571428571429","0.3543235969099012","0.1035714285714285","0.1187907587516025","0.4035714285714286","0.2291666666666666","234","0","0"
"2025","2026","2028","Co-Cu-Fe-Ni-Pd","CO2RR","0","","2023","2","1","2","1","1","5","0.0154138746516568","0.1339285714285714","0.030227383262486","0.2732142857142857","0.0017965214675209","0.1375","0.0512343775146673","0.1071428571428571","0.0137486857309574","0.1178571428571428","0.0321824448507487","0.1178571428571428","0.0236534499374014","0.2607142857142857","0.5066281425374566","0.6785714285714286","0.0272344784001105","0.2357142857142857","0.2291666666666666","235","0","0"
"2025","2026","2028","Cu-Fe-Mn-Ni-Pd","CO2RR","0","","2024","1","1","1","1","1","5","0.0154138746516568","0.1339285714285714","0.0273190395570639","0.2375","0.0137971177214097","0.4589285714285714","0.0715848608165449","0.2071428571428571","0.0233416106960037","0.2107142857142857","0.0372852531299131","0.2214285714285714","0.0142134787621886","0.1964285714285714","0.4017667436251742","0.2428571428571428","0.0136891920672301","0.1535714285714285","0.2291666666666666","236","0","0"
"2025","2026","2028","Co-Mn-Mo-Ni-P","CO2RR","0","","2025","0","1","0","2","1","5","0.0154138746516568","0.1339285714285714","0.0045217677909025","0.0339285714285714","0.0007124760628687","0.0053571428571428","0.084420701323596","0.25","0.0238336619327577","0.2178571428571428","0.0635285110014275","0.3142857142857143","0.004956331529105","0.0607142857142857","0.6487812502299454","0.9607142857142856","0.0056858079191766","0.0607142857142857","0.2263888888888888","237","0","0"
"2025","2026","2028","Co-Cu-Fe-Mn-Ni-Zn","CO2RR","0","","2025","0","1","0","1","1","6","0.0154138746516568","0.1339285714285714","0.0231396591597418","0.1446428571428571","0.0026589423399418","0.1875","0.0753804822352489","0.2321428571428571","0.0204169481927195","0.1857142857142857","0.0336815998109259","0.1571428571428571","0.0136165472453217","0.1928571428571428","0.4872532973304305","0.5892857142857143","0.0192423384456189","0.2","0.2248015873015873","238","0","0"
"2025","2026","2028","Cu-Mn-Mo-Ni-Pt","CO2RR","0","","2024","1","1","1","1","1","5","0.0154138746516568","0.1339285714285714","0.0273190395570639","0.2375","0.0137971177214097","0.4589285714285714","0.0512623883693472","0.1107142857142857","0.0075789026807091","0.0392857142857142","0.0319258023445105","0.1035714285714285","0.0305620826290333","0.3","0.415990781101264","0.275","0.0543653726854697","0.3178571428571428","0.2196428571428571","239","0","0"
"2025","2026","2028","Co-Fe-Mn-Mo-Ni","CO2RR","0","","2021","4","3","3","2","1","5","0.0351698496501777","0.3392857142857143","0.0162588506559628","0.1142857142857142","0.0040006566529665","0.2232142857142857","0.0512147494997329","0.1035714285714285","0.0209465296277373","0.1928571428571428","0.0554358306617705","0.2642857142857143","0.0117499442803746","0.1571428571428571","0.4384022151835379","0.3821428571428571","0.0172966573321975","0.1857142857142857","0.2180555555555555","240","0","0"
"2025","2026","2028","Co-Cu-Fe-Mn-Mo-Ni-Pd-Pt","CO2RR","0","","2024","1","1","1","2","1","8","0.0154138746516568","0.1339285714285714","0.0041163848597426","0.0214285714285714","0.0077502851795205","0.2714285714285714","0.0755323717592819","0.2357142857142857","0.0331634761076262","0.275","0.0576579318281057","0.2821428571428571","0.0056773517703027","0.0785714285714285","0.4737016629767056","0.5535714285714286","0.009117368061353","0.1035714285714285","0.2172619047619047","241","0","0"
"2025","2026","2028","Co-Fe-Mn-Ni-Ru","CO2RR","0","","2024","1","2","0","2","1","5","0.0247677549561598","0.2946428571428571","0.0073946650206236","0.075","0.0008427676903382","0.0125","0.0696312465958237","0.2035714285714285","0.018766180966349","0.1642857142857142","0.0567424111376763","0.2714285714285714","0.0043686230459282","0.05","0.5593519963784781","0.8142857142857143","0.0057814842068892","0.0642857142857142","0.2166666666666666","242","0","0"
"2025","2026","2028","Co-Cu-Fe-Mn-Ni-Ru","CO2RR","0","","2025","0","1","0","1","1","6","0.0154138746516568","0.1339285714285714","0.0231396591597418","0.1446428571428571","0.0026589423399418","0.1875","0.0335680299632195","0.0285714285714285","0.0088265571182842","0.0571428571428571","0.0345353505289698","0.1785714285714285","0.0194672828057137","0.2285714285714285","0.5298967476581411","0.7535714285714286","0.0265696525777696","0.2321428571428571","0.2160714285714285","243","0","0"
"2025","2026","2028","Au-Co-Cu-Ir-Mn-Ni-Pd-Pt-Rh-Sn","CO2RR","0","","2020","5","1","5","1","1","10","0.0154138746516568","0.1339285714285714","0.0296941973629311","0.2571428571428571","0.0104650153469266","0.3857142857142857","0.0748784610015487","0.225","0.0136549535027076","0.1142857142857142","0.0292736045495029","0.0178571428571428","0.0273863329507712","0.2785714285714286","0.3841651278359225","0.2","0.0560486905880601","0.325","0.2152777777777778","244","0","0"
"2025","2026","2028","Cu-Fe-Mo-Ni-Pt-Ru","CO2RR","0","","2022","3","1","3","3","1","6","0.0154138746516568","0.1339285714285714","0.0010418683290878","0.0035714285714285","0.0074460814211943","0.2678571428571428","0.1556019373312867","0.4571428571428571","0.0737841713979393","0.5785714285714286","0.0941835918260153","0.3571428571428571","0.0022807156563274","0.0107142857142857","0.3543021012683861","0.1","0.0019101828071458","0.0142857142857142","0.2136904761904762","245","0","0"
"2025","2026","2028","Cr-Cu-Fe-Mn-Ni","CO2RR","0","","2023","2","1","2","1","1","5","0.0154138746516568","0.1339285714285714","0.030227383262486","0.2732142857142857","0.0017965214675209","0.1375","0.0525434014087771","0.1142857142857142","0.0239797683404973","0.225","0.0309622688781945","0.0607142857142857","0.0177255917464273","0.2178571428571428","0.4675257209207134","0.5214285714285715","0.0245562241298618","0.225","0.2121031746031746","246","0","0"
"2025","2026","2028","Co-Fe-Mo-Ni-Zn","CO2RR","0","","2024","1","1","1","1","1","5","0.0154138746516568","0.1339285714285714","0.0273190395570639","0.2375","0.0137971177214097","0.4589285714285714","0.0231067132449615","0.0107142857142857","0.0032787207100807","0.0071428571428571","0.0308675110949365","0.0571428571428571","0.030867742416035","0.3035714285714285","0.437712231412447","0.3714285714285714","0.0510108887999892","0.3071428571428571","0.2097222222222222","247","0","0"
"2025","2026","2028","Co-Cu-Fe-Ir-Mo-Ni-Pd","CO2RR","0","","2024","1","1","1","1","1","7","0.0154138746516568","0.1339285714285714","0.0240142307550537","0.1589285714285714","0.010942430645392","0.3982142857142857","0.0348275928344235","0.0321428571428571","0.0093493909244166","0.0607142857142857","0.0304559468215951","0.0428571428571428","0.0578536488376372","0.3964285714285714","0.3782426858581472","0.1678571428571428","0.134549305890727","0.4392857142857143","0.2033730158730158","248","0","0"
"2025","2026","2028","Co-Cu-Mo-Ni-Pd","CO2RR","0","","2022","3","1","3","1","1","5","0.0154138746516568","0.1339285714285714","0.0334347021170517","0.3017857142857142","0.0017156983240673","0.1035714285714285","0.0732892960274378","0.2142857142857142","0.0226619876586685","0.2035714285714285","0.0347070276300095","0.1892857142857142","0.0335546259627682","0.3107142857142857","0.347372366552128","0.0678571428571428","0.0452458291670923","0.2821428571428571","0.2007936507936507","249","0","0"
"2025","2026","2028","Co-Fe-Mn-Ni-Rh","CO2RR","0","","2025","0","1","0","1","1","5","0.0154138746516568","0.1339285714285714","0.0246834012891072","0.1892857142857142","0.0010947473740016","0.0535714285714285","0.0390793961836391","0.0535714285714285","0.0075420760567796","0.0357142857142857","0.0346675326410487","0.1857142857142857","0.0188191076816309","0.2214285714285714","0.5128497286647308","0.6964285714285714","0.0222465713443303","0.2178571428571428","0.1986111111111111","250","0","0"
"2025","2026","2028","Cu-Ir-Ni-Pd-Pt","CO2RR","0","","2022","3","1","3","1","1","5","0.0154138746516568","0.1339285714285714","0.0334347021170517","0.3017857142857142","0.0017156983240673","0.1035714285714285","0.1086208634721039","0.325","0.0321924736667616","0.2678571428571428","0.0350737762484698","0.2","0.0159582783903482","0.2071428571428571","0.3256907166529315","0.0142857142857142","0.0203770941069071","0.2035714285714285","0.1952380952380952","251","0","0"
"2025","2026","2028","Co-Ir-Mn-Ni-Zn","CO2RR","0","","2023","2","1","2","2","1","5","0.0154138746516568","0.1339285714285714","0.0055632031785596","0.0571428571428571","0.001985783613778","0.1535714285714285","0.085972971953823","0.2571428571428571","0.0464008864912223","0.375","0.0516754797613254","0.2571428571428571","0.0028676498975864","0.0285714285714285","0.4527416055162666","0.4321428571428571","0.0035692977845904","0.0392857142857142","0.1926587301587301","252","0","0"
"2025","2026","2028","Al-Co-Cr-Ni-Ti-V","CO2RR","0","","2025","0","1","0","1","1","6","0.0154138746516568","0.1339285714285714","0.0231396591597418","0.1446428571428571","0.0026589423399418","0.1875","0.0649950829395132","0.1892857142857142","0.0239657984990588","0.2214285714285714","0.0325833713741753","0.1464285714285714","0.0118501051285627","0.1678571428571428","0.4286501218066083","0.35","0.0144503263295863","0.1678571428571428","0.1898809523809524","253","0","0"
"2025","2026","2028","Co-Cr-Cu-Fe-Mn-Ni","CO2RR","0","","2025","0","1","0","1","1","6","0.0154138746516568","0.1339285714285714","0.0231396591597418","0.1446428571428571","0.0026589423399418","0.1875","0.0373046873311148","0.0428571428571428","0.0079606090852589","0.0464285714285714","0.030574668643812","0.05","0.0164017315083398","0.2142857142857142","0.4893219391337661","0.6107142857142858","0.0263072850539665","0.2285714285714285","0.1843253968253968","254","0","0"
"2025","2026","2028","Co-Ir-Mn-Ni-Ru","CO2RR","0","","2025","0","1","0","1","1","5","0.0154138746516568","0.1339285714285714","0.0246834012891072","0.1892857142857142","0.0010947473740016","0.0535714285714285","0.0399018344348681","0.0607142857142857","0.0099702383002618","0.0678571428571428","0.03012140819306","0.0357142857142857","0.0416566663937919","0.3464285714285714","0.4437912327634505","0.4","0.082091358977761","0.3678571428571429","0.1839285714285714","255","0","0"
"2025","2026","2028","Al-Cr-Fe-Mo-Ni","CO2RR","0","","2022","3","1","3","1","1","5","0.0154138746516568","0.1339285714285714","0.0334347021170517","0.3017857142857142","0.0017156983240673","0.1035714285714285","0.0454841371025958","0.075","0.0038467923513795","0.0178571428571428","0.0322068313621414","0.1214285714285714","0.0213222926705929","0.2392857142857143","0.4276943853551962","0.3178571428571428","0.0347765620409293","0.2535714285714285","0.1738095238095238","256","0","0"
"2025","2026","2028","Co-Cu-Fe-Mn-Mo-Ni-O","CO2RR","0","","2025","0","1","0","1","1","7","0.0154138746516568","0.1339285714285714","0.021690318141189","0.1267857142857142","0.0010947473740016","0.0535714285714285","0.0497555127237373","0.1","0.0143048518466349","0.1285714285714285","0.0347328378148787","0.1928571428571428","0.0122176493805024","0.1714285714285714","0.4592238260481864","0.4714285714285714","0.0128508088698356","0.1392857142857143","0.1686507936507936","257","0","0"
"2025","2026","2028","Cu-Nb-Ni-Ti-Zr","CO2RR","0","","2025","0","1","0","1","1","5","0.0154138746516568","0.1339285714285714","0.0246834012891072","0.1892857142857142","0.0010947473740016","0.0535714285714285","0.0693634735253378","0.2","0.0266594910063968","0.2464285714285714","0.0339312175499816","0.1642857142857142","0.0042117861585701","0.0428571428571428","0.4570983217995046","0.45","0.0032132054853027","0.0321428571428571","0.1680555555555555","258","0","0"
"2025","2026","2028","Co-Cu-Fe-Mn-N-Ni","CO2RR","0","","2021","4","1","4","1","1","6","0.0154138746516568","0.1339285714285714","0.0346845628809821","0.3107142857142857","0.0017156983240673","0.1035714285714285","0.059469394456793","0.15","0.0115292074390105","0.0892857142857142","0.0305120652693944","0.0464285714285714","0.0127492786887768","0.1785714285714285","0.4236875240191792","0.2964285714285714","0.015245907458831","0.175","0.1648809523809523","259","0","0"
"2025","2026","2028","Ag-Au-Pd-Pt-Ru","CO2RR","0","","2023","2","1","2","1","1","5","0.0154138746516568","0.1339285714285714","0.030227383262486","0.2732142857142857","0.0017965214675209","0.1375","0.055790490576135","0.1321428571428571","0.0133253196691674","0.1107142857142857","0.0317729293063353","0.0964285714285714","0.0058288472379403","0.0821428571428571","0.4483522494544154","0.4214285714285714","0.0084517900585247","0.0892857142857142","0.1640873015873016","260","0","0"
"2025","2026","2028","Au-Ir-Pd-Pt-Rh-Ru","CO2RR","0","","2025","0","1","0","1","1","6","0.0154138746516568","0.1339285714285714","0.0231396591597418","0.1446428571428571","0.0026589423399418","0.1875","0.0573614238245748","0.1392857142857143","0.0149918149876888","0.1357142857142857","0.0316350880893961","0.0928571428571428","0.0134540275659925","0.1857142857142857","0.4031971011153828","0.2535714285714285","0.0181720705360119","0.1928571428571428","0.1628968253968254","261","0","0"
"2025","2026","2028","Co-Cu-Mn-Mo-Ni","CO2RR","0","","2025","0","2","0","2","1","5","0.0247677549561598","0.2946428571428571","0.0073189110531499","0.0696428571428571","0.0020014668885568","0.1607142857142857","0.0352203645400893","0.0357142857142857","0.0055144547686256","0.025","0.0561878119357578","0.2678571428571428","0.0027711023566038","0.025","0.4628844099244895","0.5035714285714286","0.0023724082813258","0.025","0.1563492063492063","262","0","0"
"2025","2026","2028","Au-Pd-Pt-Rh-Ru","CO2RR","0","","2023","2","1","2","1","1","5","0.0154138746516568","0.1339285714285714","0.030227383262486","0.2732142857142857","0.0017965214675209","0.1375","0.0602211163890782","0.1535714285714285","0.0079884402596473","0.05","0.0311705845635851","0.0678571428571428","0.014998416380901","0.2","0.3785877522505936","0.1785714285714285","0.021471524903069","0.2107142857142857","0.1561507936507936","263","0","0"
"2025","2026","2028","C-Co-Cu-Fe-Mn-N-Ni","CO2RR","0","","2025","0","1","0","1","1","7","0.0154138746516568","0.1339285714285714","0.021690318141189","0.1267857142857142","0.0010947473740016","0.0535714285714285","0.0749339129522991","0.2285714285714285","0.0168358701438244","0.1428571428571428","0.0341828581185787","0.1678571428571428","0.0040571520255262","0.0357142857142857","0.4584876866191378","0.4607142857142857","0.0050033427063764","0.0464285714285714","0.1551587301587301","264","0","0"
"2025","2026","2028","Co-Mn-Ni-Ru-Ta","CO2RR","0","","2025","0","1","0","1","1","5","0.0154138746516568","0.1339285714285714","0.0246834012891072","0.1892857142857142","0.0010947473740016","0.0535714285714285","0.0497130182936964","0.0964285714285714","0.0140274817261155","0.1214285714285714","0.0315081312122216","0.0821428571428571","0.0239279254127576","0.2642857142857143","0.3828558464982377","0.1892857142857142","0.0359442562549049","0.2607142857142857","0.154563492063492","265","0","0"
"2025","2026","2028","Au-Mo-Pd-Pt-W","CO2RR","0","","2025","0","1","0","1","1","5","0.0154138746516568","0.1339285714285714","0.0246834012891072","0.1892857142857142","0.0010947473740016","0.0535714285714285","0.0613138767950145","0.1642857142857142","0.0117228864052148","0.0928571428571428","0.0315054254879611","0.0785714285714285","0.0224489029446107","0.2535714285714285","0.3716599802545585","0.1571428571428571","0.0370726878202113","0.2642857142857143","0.1541666666666666","266","0","0"
"2025","2026","2028","Au-Co-Cu-Fe-Ni-Pd-Pt","CO2RR","0","","2025","0","1","0","1","1","7","0.0154138746516568","0.1339285714285714","0.021690318141189","0.1267857142857142","0.0010947473740016","0.0535714285714285","0.1017430338953754","0.3035714285714285","0.0271436666679085","0.25","0.0326777866196923","0.15","0.0110218644500037","0.1464285714285714","0.3358499913692574","0.0357142857142857","0.0142730293172021","0.1607142857142857","0.1511904761904762","267","0","0"
"2025","2026","2028","B-Co-Cu-Fe-Mn-Ru","CO2RR","0","","2024","1","1","1","1","1","6","0.0154138746516568","0.1339285714285714","0.0256147892340452","0.2142857142857142","0.0114317174566983","0.4107142857142857","0.0389071651258133","0.05","0.0126887750033203","0.1","0.0308076109796732","0.0535714285714285","0.0049577586225244","0.0642857142857142","0.4113416300208267","0.2642857142857143","0.0050268525554783","0.05","0.1490079365079365","268","0","0"
"2025","2026","2028","Cu-Ir-Pt-Ru-Sn","CO2RR","0","","2024","1","1","1","1","1","5","0.0154138746516568","0.1339285714285714","0.0273190395570639","0.2375","0.0137971177214097","0.4589285714285714","0.0610564744670506","0.1571428571428571","0.0102027082876539","0.0714285714285714","0.0291304159525863","0.0142857142857142","0.0073889322511895","0.1","0.3429060608521823","0.0571428571428571","0.0093759060094123","0.1107142857142857","0.1490079365079365","269","0","0"
"2025","2026","2028","Ir-Mo-Pd-Sn-Zn","CO2RR","0","","2025","0","1","0","1","1","5","0.0154138746516568","0.1339285714285714","0.0246834012891072","0.1892857142857142","0.0010947473740016","0.0535714285714285","0.0667675113488611","0.1964285714285714","0.0230097309199448","0.2071428571428571","0.0319826626927221","0.1071428571428571","0.0055936830434666","0.075","0.4225404441458105","0.2857142857142857","0.0062611015657615","0.0714285714285714","0.1466269841269841","270","0","0"
"2025","2026","2028","Fe-Ir-Mn-Pt-Ru","CO2RR","0","","2025","0","1","0","1","1","5","0.0154138746516568","0.1339285714285714","0.0246834012891072","0.1892857142857142","0.0010947473740016","0.0535714285714285","0.0656957472537043","0.1928571428571428","0.0125545042112231","0.0964285714285714","0.0310680321530961","0.0642857142857142","0.0162170868474764","0.2107142857142857","0.3676487790079665","0.1357142857142857","0.0211796274064508","0.2071428571428571","0.1426587301587301","271","0","0"
"2025","2026","2028","Co-Cr-Fe-Ni-V","CO2RR","0","","2025","0","1","0","1","1","5","0.0154138746516568","0.1339285714285714","0.0246834012891072","0.1892857142857142","0.0010947473740016","0.0535714285714285","0.0363674271197022","0.0392857142857142","0.016934830558968","0.15","0.0297681718087461","0.0214285714285714","0.0245805678455739","0.2678571428571428","0.3689206321432552","0.1464285714285714","0.0431292259162536","0.2785714285714286","0.1422619047619047","272","0","0"
"2025","2026","2028","Co-Cr-Fe-Ni-W","CO2RR","0","","2025","0","1","0","1","1","5","0.0154138746516568","0.1339285714285714","0.0246834012891072","0.1892857142857142","0.0010947473740016","0.0535714285714285","0.0217169189715506","0.0035714285714285","0.0110262328795994","0.0785714285714285","0.0316086234099675","0.0892857142857142","0.0302491592958928","0.2964285714285714","0.3540212928924436","0.0892857142857142","0.0538793551471074","0.3142857142857143","0.1386904761904761","273","0","0"
"2025","2026","2028","Al-Co-Fe-Ni-Pd-Y","CO2RR","0","","2025","0","1","0","1","1","6","0.0154138746516568","0.1339285714285714","0.0231396591597418","0.1446428571428571","0.0026589423399418","0.1875","0.0469625471136735","0.0857142857142857","0.009705239936256","0.0642857142857142","0.0283972907716032","0.0053571428571428","0.021002778949747","0.2357142857142857","0.3593887396100617","0.1160714285714285","0.0420618195886282","0.2714285714285714","0.1382936507936508","274","0","0"
"2025","2026","2028","Al-Cu-Fe-Ni-Ti","CO2RR","0","","2023","2","1","2","1","1","5","0.0154138746516568","0.1339285714285714","0.030227383262486","0.2732142857142857","0.0017965214675209","0.1375","0.0395654448503193","0.0571428571428571","0.0055950469302724","0.0285714285714285","0.029992711923825","0.0285714285714285","0.0221947236005301","0.25","0.3496918706654723","0.0785714285714285","0.0291094876014622","0.2464285714285714","0.1371031746031746","275","0","0"
"2025","2026","2028","Ag-Au-Cu-Ir-Pd-Pt-Rh","CO2RR","0","","2025","0","1","0","1","1","7","0.0154138746516568","0.1339285714285714","0.021690318141189","0.1267857142857142","0.0010947473740016","0.0535714285714285","0.0648049724449742","0.1857142857142857","0.0084447770589972","0.0535714285714285","0.0338087911124351","0.1607142857142857","0.0023889781315767","0.0142857142857142","0.4598359001089301","0.4821428571428571","0.0019682598946052","0.0178571428571428","0.1365079365079365","276","0","0"
"2025","2026","2028","Co-Cu-Mo-Ni-Ru","CO2RR","0","","2025","0","1","0","1","1","5","0.0154138746516568","0.1339285714285714","0.0246834012891072","0.1892857142857142","0.0010947473740016","0.0535714285714285","0.0244116601203656","0.0142857142857142","0.0039727603526786","0.0214285714285714","0.0325131527379761","0.1392857142857143","0.0297690180469272","0.2892857142857143","0.3426206781431752","0.0464285714285714","0.0423037132104189","0.275","0.1291666666666666","277","0","0"
"2025","2026","2028","Co-Fe-Ni-Pd-Y","CO2RR","0","","2025","0","1","0","1","1","5","0.0154138746516568","0.1339285714285714","0.0246834012891072","0.1892857142857142","0.0010947473740016","0.0535714285714285","0.0458251725426831","0.0785714285714285","0.0037830837259277","0.0142857142857142","0.0283972907716032","0.0053571428571428","0.0253177371007336","0.2714285714285714","0.3593887396100617","0.1160714285714285","0.048481198463655","0.2928571428571428","0.1283730158730158","278","0","0"
"2025","2026","2028","Ag-Al-Cu-Ni-Ti","CO2RR","0","","2023","2","1","2","1","1","5","0.0154138746516568","0.1339285714285714","0.030227383262486","0.2732142857142857","0.0017965214675209","0.1375","0.0496605978963071","0.0928571428571428","0.0131967555969266","0.1035714285714285","0.0313013541728129","0.0714285714285714","0.0088877192468407","0.1285714285714285","0.3324979438691783","0.025","0.0087773779157763","0.1","0.1184523809523809","279","0","0"
"2025","2026","2028","Co-Cu-Mo-Ni-Zn","CO2RR","0","","2025","0","1","0","1","1","5","0.0154138746516568","0.1339285714285714","0.0246834012891072","0.1892857142857142","0.0010947473740016","0.0535714285714285","0.0415604321553401","0.0642857142857142","0.002269317363802","0.0035714285714285","0.0300249295877189","0.0321428571428571","0.0067996712396205","0.0964285714285714","0.4265934686708472","0.3071428571428571","0.0102081342001768","0.1214285714285714","0.1113095238095238","280","0","0"
